model	encoder	prefix	source_cell_line	chrom	subgraph_index	negative_type	auc	ap	n_positive	n_negative	n	mean_score
Comprehensive	sage	test	GM12878	chr14	0	CNS	0.43478541	0.46436195	34537	34537	69074	0.5346619
Comprehensive	sage	test	GM12878	chr14	0	MNS	0.25226881	0.36016573	34537	34537	69074	0.54623017
Comprehensive	sage	test	GM12878	chr14	0	SNS	0.064735626	0.31505798	34537	34537	69074	0.58283061
Comprehensive	sage	test	GM12878	chr14	1	CNS	0.39226905	0.43987699	119336	119336	238672	0.54959014
Comprehensive	sage	test	GM12878	chr14	1	MNS	0.15107564	0.33079746	119336	119336	238672	0.57577602
Comprehensive	sage	test	GM12878	chr14	1	SNS	0.078085191	0.31507142	119336	119336	238672	0.59418468
Comprehensive	sage	test	GM12878	chr14	10	CNS	0.38797266	0.44093785	135449	135449	270898	0.55227668
Comprehensive	sage	test	GM12878	chr14	10	MNS	0.15027491	0.33045251	135449	135449	270898	0.57954326
Comprehensive	sage	test	GM12878	chr14	10	SNS	0.079278395	0.31550851	135449	135449	270898	0.59717677
Comprehensive	sage	test	GM12878	chr14	11	CNS	0.38655084	0.44016469	142011	142011	284022	0.54968109
Comprehensive	sage	test	GM12878	chr14	11	MNS	0.1467485	0.32932311	142011	142011	284022	0.57762102
Comprehensive	sage	test	GM12878	chr14	11	SNS	0.073457802	0.31461326	142011	142011	284022	0.59552228
Comprehensive	sage	test	GM12878	chr14	12	CNS	0.40438083	0.45033701	117626	117626	235252	0.5463539
Comprehensive	sage	test	GM12878	chr14	12	MNS	0.13869218	0.32688877	117626	117626	235252	0.57624646
Comprehensive	sage	test	GM12878	chr14	12	SNS	0.07635262	0.31539104	117626	117626	235252	0.5912564
Comprehensive	sage	test	GM12878	chr14	13	CNS	0.41890789	0.4552685	97129	97129	194258	0.55997197
Comprehensive	sage	test	GM12878	chr14	13	MNS	0.17741086	0.3390576	97129	97129	194258	0.58750299
Comprehensive	sage	test	GM12878	chr14	13	SNS	0.14901717	0.32985291	97129	97129	194258	0.59346152
Comprehensive	sage	test	GM12878	chr14	14	CNS	0.41203486	0.45491835	111900	111900	223800	0.54764393
Comprehensive	sage	test	GM12878	chr14	14	MNS	0.14809232	0.32925515	111900	111900	223800	0.57559446
Comprehensive	sage	test	GM12878	chr14	14	SNS	0.084348792	0.31661415	111900	111900	223800	0.59117421
Comprehensive	sage	test	GM12878	chr14	15	CNS	0.37990087	0.43823526	130603	130603	261206	0.55512474
Comprehensive	sage	test	GM12878	chr14	15	MNS	0.14976637	0.33036971	130603	130603	261206	0.5831338
Comprehensive	sage	test	GM12878	chr14	15	SNS	0.085075946	0.3162719	130603	130603	261206	0.59861428
Comprehensive	sage	test	GM12878	chr14	16	CNS	0.40009503	0.44335586	112314	112314	224628	0.5607987
Comprehensive	sage	test	GM12878	chr14	16	MNS	0.17165851	0.33788087	112314	112314	224628	0.58723581
Comprehensive	sage	test	GM12878	chr14	16	SNS	0.12548899	0.32407058	112314	112314	224628	0.59747729
Comprehensive	sage	test	GM12878	chr14	17	CNS	0.39616825	0.44646634	109891	109891	219782	0.5462047
Comprehensive	sage	test	GM12878	chr14	17	MNS	0.14674761	0.32914048	109891	109891	219782	0.57258965
Comprehensive	sage	test	GM12878	chr14	17	SNS	0.062776606	0.31305784	109891	109891	219782	0.59462423
Comprehensive	sage	test	GM12878	chr14	18	CNS	0.39262336	0.4457902	105259	105259	210518	0.54865051
Comprehensive	sage	test	GM12878	chr14	18	MNS	0.14917447	0.32980091	105259	105259	210518	0.57634093
Comprehensive	sage	test	GM12878	chr14	18	SNS	0.068358098	0.31381046	105259	105259	210518	0.59601424
Comprehensive	sage	test	GM12878	chr14	2	CNS	0.42550148	0.46027353	95633	95633	191266	0.55020816
Comprehensive	sage	test	GM12878	chr14	2	MNS	0.15858646	0.33220837	95633	95633	191266	0.57962688
Comprehensive	sage	test	GM12878	chr14	2	SNS	0.11444038	0.32178449	95633	95633	191266	0.58918169
Comprehensive	sage	test	GM12878	chr14	3	CNS	0.39141076	0.43797198	129606	129606	259212	0.55658894
Comprehensive	sage	test	GM12878	chr14	3	MNS	0.16279941	0.33485212	129606	129606	259212	0.58375691
Comprehensive	sage	test	GM12878	chr14	3	SNS	0.10650326	0.32039908	129606	129606	259212	0.59584385
Comprehensive	sage	test	GM12878	chr14	4	CNS	0.41981998	0.45795524	105529	105529	211058	0.54815779
Comprehensive	sage	test	GM12878	chr14	4	MNS	0.15535841	0.33167649	105529	105529	211058	0.57683144
Comprehensive	sage	test	GM12878	chr14	4	SNS	0.10013652	0.31903609	105529	105529	211058	0.58958323
Comprehensive	sage	test	GM12878	chr14	5	CNS	0.41734243	0.4547465	95864	95864	191728	0.55951868
Comprehensive	sage	test	GM12878	chr14	5	MNS	0.18445052	0.34133988	95864	95864	191728	0.5854883
Comprehensive	sage	test	GM12878	chr14	5	SNS	0.14861214	0.32927314	95864	95864	191728	0.59300929
Comprehensive	sage	test	GM12878	chr14	6	CNS	0.41253891	0.45329102	108457	108457	216914	0.54719191
Comprehensive	sage	test	GM12878	chr14	6	MNS	0.14878869	0.32916505	108457	108457	216914	0.57666049
Comprehensive	sage	test	GM12878	chr14	6	SNS	0.087447833	0.31708594	108457	108457	216914	0.59048247
Comprehensive	sage	test	GM12878	chr14	7	CNS	0.3956258	0.44457125	127823	127823	255646	0.55151209
Comprehensive	sage	test	GM12878	chr14	7	MNS	0.15367961	0.33129056	127823	127823	255646	0.57919264
Comprehensive	sage	test	GM12878	chr14	7	SNS	0.089225097	0.31703166	127823	127823	255646	0.59415293
Comprehensive	sage	test	GM12878	chr14	8	CNS	0.40104817	0.44865878	122596	122596	245192	0.55001696
Comprehensive	sage	test	GM12878	chr14	8	MNS	0.15244153	0.33064015	122596	122596	245192	0.57779277
Comprehensive	sage	test	GM12878	chr14	8	SNS	0.08765738	0.31689186	122596	122596	245192	0.59281789
Comprehensive	sage	test	GM12878	chr14	9	CNS	0.39291971	0.44141871	129173	129173	258346	0.54956743
Comprehensive	sage	test	GM12878	chr14	9	MNS	0.14493193	0.32872053	129173	129173	258346	0.57807604
Comprehensive	sage	test	GM12878	chr14	9	SNS	0.077973778	0.3153858	129173	129173	258346	0.59429853
Comprehensive	sage	test	GM12878	chr22	0	CNS	0.42723152	0.46072752	15145	15145	30290	0.54443859
Comprehensive	sage	test	GM12878	chr22	0	MNS	0.23147347	0.35841948	15145	15145	30290	0.55940292
Comprehensive	sage	test	GM12878	chr22	0	SNS	0.13757536	0.32841804	15145	15145	30290	0.57724406
Comprehensive	sage	test	GM12878	chr22	1	CNS	0.41192837	0.45462109	82786	82786	165572	0.54279914
Comprehensive	sage	test	GM12878	chr22	1	MNS	0.14371221	0.32816248	82786	82786	165572	0.57066721
Comprehensive	sage	test	GM12878	chr22	1	SNS	0.058656204	0.31274041	82786	82786	165572	0.59188546
Comprehensive	sage	test	GM12878	chr22	2	CNS	0.38616412	0.44095921	111320	111320	222640	0.55307084
Comprehensive	sage	test	GM12878	chr22	2	MNS	0.15332337	0.33150284	111320	111320	222640	0.58028819
Comprehensive	sage	test	GM12878	chr22	2	SNS	0.082987892	0.3157598	111320	111320	222640	0.59744748
Comprehensive	sage	test	GM12878	chr22	3	CNS	0.38479908	0.43926585	132315	132315	264630	0.55535001
Comprehensive	sage	test	GM12878	chr22	3	MNS	0.15213883	0.33081752	132315	132315	264630	0.58316603
Comprehensive	sage	test	GM12878	chr22	3	SNS	0.088565357	0.31695506	132315	132315	264630	0.5980494
Comprehensive	sage	test	GM12878	chr22	4	CNS	0.3831902	0.43856906	131392	131392	262784	0.55537681
Comprehensive	sage	test	GM12878	chr22	4	MNS	0.15332919	0.3313232	131392	131392	262784	0.58304878
Comprehensive	sage	test	GM12878	chr22	4	SNS	0.090203069	0.31727648	131392	131392	262784	0.59793077
Comprehensive	sage	test	GM12878	chr22	5	CNS	0.37770483	0.43754456	136281	136281	272562	0.55166084
Comprehensive	sage	test	GM12878	chr22	5	MNS	0.13941011	0.32738036	136281	136281	272562	0.58017018
Comprehensive	sage	test	GM12878	chr22	5	SNS	0.06650947	0.31355758	136281	136281	272562	0.59903475
Comprehensive	sage	test	GM12878	chr22	6	CNS	0.38620663	0.44080289	132492	132492	264984	0.54894703
Comprehensive	sage	test	GM12878	chr22	6	MNS	0.13739067	0.32682046	132492	132492	264984	0.57853472
Comprehensive	sage	test	GM12878	chr22	6	SNS	0.063765219	0.31338007	132492	132492	264984	0.59727291
Comprehensive	sage	test	GM12878	chr22	7	CNS	0.40139955	0.44707873	107163	107163	214326	0.55573603
Comprehensive	sage	test	GM12878	chr22	7	MNS	0.15495482	0.332116	107163	107163	214326	0.58488484
Comprehensive	sage	test	GM12878	chr22	7	SNS	0.10277838	0.31941884	107163	107163	214326	0.59725902
Comprehensive	sage	test	GM12878	chr22	8	CNS	0.40170217	0.44700283	106070	106070	212140	0.55502458
Comprehensive	sage	test	GM12878	chr22	8	MNS	0.15321159	0.33157032	106070	106070	212140	0.58425261
Comprehensive	sage	test	GM12878	chr22	8	SNS	0.10114818	0.31913539	106070	106070	212140	0.5968246
Comprehensive	sage	test	GM12878	chrX	0	CNS	0.41705425	0.45623991	88441	88441	176882	0.55275765
Comprehensive	sage	test	GM12878	chrX	0	MNS	0.16736545	0.33539607	88441	88441	176882	0.57824927
Comprehensive	sage	test	GM12878	chrX	0	SNS	0.10062067	0.31903003	88441	88441	176882	0.59409274
Comprehensive	sage	test	GM12878	chrX	1	CNS	0.43445991	0.46648187	83606	83606	167212	0.55628668
Comprehensive	sage	test	GM12878	chrX	1	MNS	0.1677593	0.3349831	83606	83606	167212	0.5851753
Comprehensive	sage	test	GM12878	chrX	1	SNS	0.12670702	0.32424682	83606	83606	167212	0.59409201
Comprehensive	sage	test	GM12878	chrX	10	CNS	0.43245358	0.46577742	78976	78976	157952	0.55631037
Comprehensive	sage	test	GM12878	chrX	10	MNS	0.16834031	0.33591778	78976	78976	157952	0.58557938
Comprehensive	sage	test	GM12878	chrX	10	SNS	0.11714114	0.32233714	78976	78976	157952	0.59596418
Comprehensive	sage	test	GM12878	chrX	11	CNS	0.4353028	0.46703132	48710	48710	97420	0.54320871
Comprehensive	sage	test	GM12878	chrX	11	MNS	0.19565802	0.34396165	48710	48710	97420	0.56130541
Comprehensive	sage	test	GM12878	chrX	11	SNS	0.080250608	0.31673167	48710	48710	97420	0.58903602
Comprehensive	sage	test	GM12878	chrX	12	CNS	0.44884923	0.4749982	29663	29663	59326	0.53556399
Comprehensive	sage	test	GM12878	chrX	12	MNS	0.23341551	0.35883653	29663	29663	59326	0.54779234
Comprehensive	sage	test	GM12878	chrX	12	SNS	0.068414139	0.3155252	29663	29663	59326	0.58373565
Comprehensive	sage	test	GM12878	chrX	13	CNS	0.43721164	0.46828318	75029	75029	150058	0.55488289
Comprehensive	sage	test	GM12878	chrX	13	MNS	0.16733497	0.3356767	75029	75029	150058	0.58438779
Comprehensive	sage	test	GM12878	chrX	13	SNS	0.12657995	0.32429962	75029	75029	150058	0.59325792
Comprehensive	sage	test	GM12878	chrX	14	CNS	0.43218769	0.46492902	79427	79427	158854	0.55385438
Comprehensive	sage	test	GM12878	chrX	14	MNS	0.1651943	0.33519524	79427	79427	158854	0.58341799
Comprehensive	sage	test	GM12878	chrX	14	SNS	0.11075282	0.32101726	79427	79427	158854	0.59455516
Comprehensive	sage	test	GM12878	chrX	15	CNS	0.43604225	0.46715033	81500	81500	163000	0.55329939
Comprehensive	sage	test	GM12878	chrX	15	MNS	0.17287646	0.3374415	81500	81500	163000	0.58152234
Comprehensive	sage	test	GM12878	chrX	15	SNS	0.12528367	0.32408777	81500	81500	163000	0.59172072
Comprehensive	sage	test	GM12878	chrX	16	CNS	0.4514453	0.47468309	67524	67524	135048	0.55443068
Comprehensive	sage	test	GM12878	chrX	16	MNS	0.17894503	0.33944234	67524	67524	135048	0.58322333
Comprehensive	sage	test	GM12878	chrX	16	SNS	0.14482477	0.32854019	67524	67524	135048	0.59025289
Comprehensive	sage	test	GM12878	chrX	17	CNS	0.4565747	0.47900454	61699	61699	123398	0.55033022
Comprehensive	sage	test	GM12878	chrX	17	MNS	0.17261176	0.33668354	61699	61699	123398	0.57922852
Comprehensive	sage	test	GM12878	chrX	17	SNS	0.13017989	0.32499811	61699	61699	123398	0.58819129
Comprehensive	sage	test	GM12878	chrX	18	CNS	0.47125631	0.48558164	50744	50744	101488	0.55139437
Comprehensive	sage	test	GM12878	chrX	18	MNS	0.17246922	0.33691089	50744	50744	101488	0.58253277
Comprehensive	sage	test	GM12878	chrX	18	SNS	0.14483679	0.32870397	50744	50744	101488	0.58783643
Comprehensive	sage	test	GM12878	chrX	19	CNS	0.44245203	0.46860089	73186	73186	146372	0.55920715
Comprehensive	sage	test	GM12878	chrX	19	MNS	0.19337989	0.34607572	73186	73186	146372	0.58563682
Comprehensive	sage	test	GM12878	chrX	19	SNS	0.15478233	0.33150586	73186	73186	146372	0.59333624
Comprehensive	sage	test	GM12878	chrX	2	CNS	0.41755534	0.45914878	92575	92575	185150	0.55548234
Comprehensive	sage	test	GM12878	chrX	2	MNS	0.15999076	0.33337436	92575	92575	185150	0.58359369
Comprehensive	sage	test	GM12878	chrX	2	SNS	0.10055499	0.31900273	92575	92575	185150	0.59709722
Comprehensive	sage	test	GM12878	chrX	20	CNS	0.4422133	0.46949279	73886	73886	147772	0.55151018
Comprehensive	sage	test	GM12878	chrX	20	MNS	0.16327949	0.33486124	73886	73886	147772	0.58069058
Comprehensive	sage	test	GM12878	chrX	20	SNS	0.10995207	0.32076826	73886	73886	147772	0.59201419
Comprehensive	sage	test	GM12878	chrX	21	CNS	0.44213389	0.47125021	78364	78364	156728	0.54920064
Comprehensive	sage	test	GM12878	chrX	21	MNS	0.1563348	0.33177125	78364	78364	156728	0.57879388
Comprehensive	sage	test	GM12878	chrX	21	SNS	0.10217124	0.31937666	78364	78364	156728	0.59082966
Comprehensive	sage	test	GM12878	chrX	22	CNS	0.44177758	0.46995513	76902	76902	153804	0.55347639
Comprehensive	sage	test	GM12878	chrX	22	MNS	0.16881366	0.33580423	76902	76902	153804	0.5820326
Comprehensive	sage	test	GM12878	chrX	22	SNS	0.1214096	0.32312359	76902	76902	153804	0.5923161
Comprehensive	sage	test	GM12878	chrX	23	CNS	0.43091452	0.46249824	76114	76114	152228	0.55098348
Comprehensive	sage	test	GM12878	chrX	23	MNS	0.15845471	0.33200533	76114	76114	152228	0.58031271
Comprehensive	sage	test	GM12878	chrX	23	SNS	0.10352593	0.31956972	76114	76114	152228	0.59234565
Comprehensive	sage	test	GM12878	chrX	24	CNS	0.43206827	0.46124402	79192	79192	158384	0.55468925
Comprehensive	sage	test	GM12878	chrX	24	MNS	0.17197998	0.33724479	79192	79192	158384	0.58232553
Comprehensive	sage	test	GM12878	chrX	24	SNS	0.12255279	0.32326416	79192	79192	158384	0.59317029
Comprehensive	sage	test	GM12878	chrX	25	CNS	0.44393246	0.46849463	68732	68732	137464	0.55768581
Comprehensive	sage	test	GM12878	chrX	25	MNS	0.17841925	0.3389692	68732	68732	137464	0.58678187
Comprehensive	sage	test	GM12878	chrX	25	SNS	0.15317047	0.33075564	68732	68732	137464	0.59198846
Comprehensive	sage	test	GM12878	chrX	26	CNS	0.42632342	0.45918566	85313	85313	170626	0.55948239
Comprehensive	sage	test	GM12878	chrX	26	MNS	0.17249988	0.33790861	85313	85313	170626	0.5875496
Comprehensive	sage	test	GM12878	chrX	26	SNS	0.1299195	0.3253364	85313	85313	170626	0.59633437
Comprehensive	sage	test	GM12878	chrX	27	CNS	0.43946641	0.46930749	75569	75569	151138	0.54927125
Comprehensive	sage	test	GM12878	chrX	27	MNS	0.15560829	0.33184779	75569	75569	151138	0.57909333
Comprehensive	sage	test	GM12878	chrX	27	SNS	0.10242393	0.31942884	75569	75569	151138	0.59109819
Comprehensive	sage	test	GM12878	chrX	28	CNS	0.44500732	0.47094933	63816	63816	127632	0.56158199
Comprehensive	sage	test	GM12878	chrX	28	MNS	0.19137368	0.34383489	63816	63816	127632	0.5890009
Comprehensive	sage	test	GM12878	chrX	28	SNS	0.16478311	0.3337976	63816	63816	127632	0.59442041
Comprehensive	sage	test	GM12878	chrX	29	CNS	0.44314855	0.47157162	71009	71009	142018	0.55456895
Comprehensive	sage	test	GM12878	chrX	29	MNS	0.170364	0.33609931	71009	71009	142018	0.58356745
Comprehensive	sage	test	GM12878	chrX	29	SNS	0.13098295	0.32524226	71009	71009	142018	0.59204893
Comprehensive	sage	test	GM12878	chrX	3	CNS	0.42176953	0.45893278	91865	91865	183730	0.55316299
Comprehensive	sage	test	GM12878	chrX	3	MNS	0.15481263	0.33172391	91865	91865	183730	0.58244067
Comprehensive	sage	test	GM12878	chrX	3	SNS	0.097919949	0.31866141	91865	91865	183730	0.59513842
Comprehensive	sage	test	GM12878	chrX	30	CNS	0.43605307	0.4681715	73169	73169	146338	0.55119585
Comprehensive	sage	test	GM12878	chrX	30	MNS	0.15346645	0.33098816	73169	73169	146338	0.58205898
Comprehensive	sage	test	GM12878	chrX	30	SNS	0.098811992	0.31864092	73169	73169	146338	0.59400898
Comprehensive	sage	test	GM12878	chrX	31	CNS	0.44116267	0.47207099	72160	72160	144320	0.54783202
Comprehensive	sage	test	GM12878	chrX	31	MNS	0.14542345	0.32900057	72160	72160	144320	0.57993773
Comprehensive	sage	test	GM12878	chrX	31	SNS	0.088084738	0.31683882	72160	72160	144320	0.59272748
Comprehensive	sage	test	GM12878	chrX	4	CNS	0.4263853	0.45867508	87203	87203	174406	0.55437633
Comprehensive	sage	test	GM12878	chrX	4	MNS	0.16348501	0.33484433	87203	87203	174406	0.58307056
Comprehensive	sage	test	GM12878	chrX	4	SNS	0.11174307	0.32145152	87203	87203	174406	0.59394855
Comprehensive	sage	test	GM12878	chrX	5	CNS	0.44270304	0.46913145	73860	73860	147720	0.55063084
Comprehensive	sage	test	GM12878	chrX	5	MNS	0.15864607	0.33266393	73860	73860	147720	0.58095169
Comprehensive	sage	test	GM12878	chrX	5	SNS	0.11705381	0.32246924	73860	73860	147720	0.58967036
Comprehensive	sage	test	GM12878	chrX	6	CNS	0.44440256	0.47148351	75640	75640	151280	0.54840378
Comprehensive	sage	test	GM12878	chrX	6	MNS	0.15595634	0.33171431	75640	75640	151280	0.57836979
Comprehensive	sage	test	GM12878	chrX	6	SNS	0.10614409	0.32021321	75640	75640	151280	0.58938627
Comprehensive	sage	test	GM12878	chrX	7	CNS	0.43953195	0.47080157	75475	75475	150950	0.54487998
Comprehensive	sage	test	GM12878	chrX	7	MNS	0.14130524	0.3275337	75475	75475	150950	0.57638506
Comprehensive	sage	test	GM12878	chrX	7	SNS	0.083022889	0.31640562	75475	75475	150950	0.58907352
Comprehensive	sage	test	GM12878	chrX	8	CNS	0.4236983	0.46019849	94598	94598	189196	0.55362236
Comprehensive	sage	test	GM12878	chrX	8	MNS	0.15728082	0.33234616	94598	94598	189196	0.58289188
Comprehensive	sage	test	GM12878	chrX	8	SNS	0.10336799	0.3196174	94598	94598	189196	0.59509469
Comprehensive	sage	test	GM12878	chrX	9	CNS	0.41573251	0.45839825	86696	86696	173392	0.55185971
Comprehensive	sage	test	GM12878	chrX	9	MNS	0.16161749	0.3334324	86696	86696	173392	0.57886907
Comprehensive	sage	test	GM12878	chrX	9	SNS	0.092173212	0.3176068	86696	86696	173392	0.5951451
Comprehensive	sage	test	K562	chr14	0	CNS	0.46102053	0.47752672	21677	21677	43354	0.54204233
Comprehensive	sage	test	K562	chr14	0	MNS	0.24775876	0.36042214	21677	21677	43354	0.55501644
Comprehensive	sage	test	K562	chr14	0	SNS	0.065889846	0.31520318	21677	21677	43354	0.5921553
Comprehensive	sage	test	K562	chr14	1	CNS	0.44211041	0.47430783	63463	63463	126926	0.55111855
Comprehensive	sage	test	K562	chr14	1	MNS	0.16092936	0.33278028	63463	63463	126926	0.57934695
Comprehensive	sage	test	K562	chr14	1	SNS	0.074529538	0.31495016	63463	63463	126926	0.60067517
Comprehensive	sage	test	K562	chr14	10	CNS	0.44430626	0.47522368	62115	62115	124230	0.55833145
Comprehensive	sage	test	K562	chr14	10	MNS	0.17026625	0.33559148	62115	62115	124230	0.58708746
Comprehensive	sage	test	K562	chr14	10	SNS	0.096567315	0.31853209	62115	62115	124230	0.60389587
Comprehensive	sage	test	K562	chr14	11	CNS	0.43884615	0.47317242	65901	65901	131802	0.55722264
Comprehensive	sage	test	K562	chr14	11	MNS	0.1622585	0.33307311	65901	65901	131802	0.58694991
Comprehensive	sage	test	K562	chr14	11	SNS	0.085544826	0.31677577	65901	65901	131802	0.60486187
Comprehensive	sage	test	K562	chr14	12	CNS	0.44632097	0.47574081	57895	57895	115790	0.55539753
Comprehensive	sage	test	K562	chr14	12	MNS	0.15713112	0.33129416	57895	57895	115790	0.58679202
Comprehensive	sage	test	K562	chr14	12	SNS	0.093653571	0.31835763	57895	57895	115790	0.60107853
Comprehensive	sage	test	K562	chr14	13	CNS	0.45725365	0.48053908	46383	46383	92766	0.57016373
Comprehensive	sage	test	K562	chr14	13	MNS	0.19459246	0.34484262	46383	46383	92766	0.6001642
Comprehensive	sage	test	K562	chr14	13	SNS	0.18619439	0.34020083	46383	46383	92766	0.60240775
Comprehensive	sage	test	K562	chr14	14	CNS	0.45187229	0.47993807	53930	53930	107860	0.55715125
Comprehensive	sage	test	K562	chr14	14	MNS	0.16379975	0.33328519	53930	53930	107860	0.58736854
Comprehensive	sage	test	K562	chr14	14	SNS	0.1059324	0.32032457	53930	53930	107860	0.6008258
Comprehensive	sage	test	K562	chr14	15	CNS	0.44431119	0.47609612	61081	61081	122162	0.56151827
Comprehensive	sage	test	K562	chr14	15	MNS	0.1659368	0.33454431	61081	61081	122162	0.592349
Comprehensive	sage	test	K562	chr14	15	SNS	0.10218939	0.31943283	61081	61081	122162	0.60646292
Comprehensive	sage	test	K562	chr14	16	CNS	0.43506254	0.46407856	61487	61487	122974	0.56774552
Comprehensive	sage	test	K562	chr14	16	MNS	0.1755829	0.33787632	61487	61487	122974	0.59773728
Comprehensive	sage	test	K562	chr14	16	SNS	0.1243923	0.32369529	61487	61487	122974	0.60875794
Comprehensive	sage	test	K562	chr14	17	CNS	0.43704346	0.47264929	60818	60818	121636	0.55838363
Comprehensive	sage	test	K562	chr14	17	MNS	0.16237949	0.33335572	60818	60818	121636	0.58773991
Comprehensive	sage	test	K562	chr14	17	SNS	0.080452813	0.31577092	60818	60818	121636	0.60771373
Comprehensive	sage	test	K562	chr14	18	CNS	0.44146391	0.47380401	58268	58268	116536	0.55487226
Comprehensive	sage	test	K562	chr14	18	MNS	0.15398746	0.3307529	58268	58268	116536	0.58564918
Comprehensive	sage	test	K562	chr14	18	SNS	0.074639896	0.31494841	58268	58268	116536	0.60486437
Comprehensive	sage	test	K562	chr14	2	CNS	0.45941811	0.48287665	46796	46796	93592	0.55834151
Comprehensive	sage	test	K562	chr14	2	MNS	0.16689255	0.33461205	46796	46796	93592	0.59041603
Comprehensive	sage	test	K562	chr14	2	SNS	0.1299425	0.3251463	46796	46796	93592	0.59803207
Comprehensive	sage	test	K562	chr14	3	CNS	0.43650862	0.46810037	62728	62728	125456	0.56611008
Comprehensive	sage	test	K562	chr14	3	MNS	0.18125986	0.33990499	62728	62728	125456	0.59550756
Comprehensive	sage	test	K562	chr14	3	SNS	0.1258079	0.32418244	62728	62728	125456	0.60681845
Comprehensive	sage	test	K562	chr14	4	CNS	0.45672943	0.48097019	51168	51168	102336	0.55651535
Comprehensive	sage	test	K562	chr14	4	MNS	0.17194483	0.33606356	51168	51168	102336	0.58647237
Comprehensive	sage	test	K562	chr14	4	SNS	0.11878632	0.32274129	51168	51168	102336	0.59793032
Comprehensive	sage	test	K562	chr14	5	CNS	0.464036	0.48323126	42604	42604	85208	0.56673933
Comprehensive	sage	test	K562	chr14	5	MNS	0.19892858	0.34704706	42604	42604	85208	0.59545124
Comprehensive	sage	test	K562	chr14	5	SNS	0.17716653	0.3371534	42604	42604	85208	0.60022765
Comprehensive	sage	test	K562	chr14	6	CNS	0.4524018	0.47835371	51023	51023	102046	0.56165428
Comprehensive	sage	test	K562	chr14	6	MNS	0.18114072	0.33892506	51023	51023	102046	0.5919951
Comprehensive	sage	test	K562	chr14	6	SNS	0.13407243	0.32605359	51023	51023	102046	0.60135826
Comprehensive	sage	test	K562	chr14	7	CNS	0.44840238	0.47539758	58423	58423	116846	0.56039577
Comprehensive	sage	test	K562	chr14	7	MNS	0.17474594	0.33681157	58423	58423	116846	0.59000432
Comprehensive	sage	test	K562	chr14	7	SNS	0.11270915	0.32138049	58423	58423	116846	0.60301503
Comprehensive	sage	test	K562	chr14	8	CNS	0.45045453	0.47980467	56076	56076	112152	0.55802357
Comprehensive	sage	test	K562	chr14	8	MNS	0.1677153	0.33503045	56076	56076	112152	0.58777804
Comprehensive	sage	test	K562	chr14	8	SNS	0.10780503	0.3206352	56076	56076	112152	0.60113791
Comprehensive	sage	test	K562	chr14	9	CNS	0.44148564	0.47117092	60515	60515	121030	0.56371119
Comprehensive	sage	test	K562	chr14	9	MNS	0.17809875	0.33813935	60515	60515	121030	0.59265597
Comprehensive	sage	test	K562	chr14	9	SNS	0.11834658	0.32253953	60515	60515	121030	0.60523356
Comprehensive	sage	test	K562	chr22	0	CNS	0.45135836	0.4777783	15458	15458	30916	0.5627503
Comprehensive	sage	test	K562	chr22	0	MNS	0.26281517	0.36913695	15458	15458	30916	0.58154894
Comprehensive	sage	test	K562	chr22	0	SNS	0.21089882	0.36106554	15458	15458	30916	0.59005573
Comprehensive	sage	test	K562	chr22	1	CNS	0.36473172	0.42467825	158780	158780	317560	0.55896437
Comprehensive	sage	test	K562	chr22	1	MNS	0.16602864	0.33349739	158780	158780	317560	0.58310322
Comprehensive	sage	test	K562	chr22	1	SNS	0.074300667	0.31493869	158780	158780	317560	0.60324228
Comprehensive	sage	test	K562	chr22	2	CNS	0.33605001	0.40831869	259290	259290	518580	0.56156171
Comprehensive	sage	test	K562	chr22	2	MNS	0.19795101	0.34366305	259290	259290	518580	0.57517213
Comprehensive	sage	test	K562	chr22	2	SNS	0.07101993	0.31481657	259290	259290	518580	0.60356472
Comprehensive	sage	test	K562	chr22	3	CNS	0.43490516	0.47021958	65975	65975	131950	0.56132952
Comprehensive	sage	test	K562	chr22	3	MNS	0.16607884	0.33430772	65975	65975	131950	0.59170513
Comprehensive	sage	test	K562	chr22	3	SNS	0.097090166	0.31856902	65975	65975	131950	0.60728102
Comprehensive	sage	test	K562	chr22	4	CNS	0.43683125	0.4701861	62098	62098	124196	0.56032621
Comprehensive	sage	test	K562	chr22	4	MNS	0.16731373	0.33449193	62098	62098	124196	0.59103991
Comprehensive	sage	test	K562	chr22	4	SNS	0.10066218	0.31921351	62098	62098	124196	0.60599171
Comprehensive	sage	test	K562	chr22	5	CNS	0.4352539	0.47133123	67378	67378	134756	0.55571183
Comprehensive	sage	test	K562	chr22	5	MNS	0.15406769	0.33075639	67378	67378	134756	0.58674738
Comprehensive	sage	test	K562	chr22	5	SNS	0.073911236	0.31487448	67378	67378	134756	0.60634194
Comprehensive	sage	test	K562	chr22	6	CNS	0.43400056	0.47010916	66073	66073	132146	0.55975316
Comprehensive	sage	test	K562	chr22	6	MNS	0.15936537	0.33215577	66073	66073	132146	0.59086482
Comprehensive	sage	test	K562	chr22	6	SNS	0.083603179	0.31637648	66073	66073	132146	0.60837294
Comprehensive	sage	test	K562	chr22	7	CNS	0.4397466	0.47221662	55904	55904	111808	0.56507689
Comprehensive	sage	test	K562	chr22	7	MNS	0.16356388	0.33401656	55904	55904	111808	0.59722831
Comprehensive	sage	test	K562	chr22	7	SNS	0.10692682	0.32019087	55904	55904	111808	0.61019186
Comprehensive	sage	test	K562	chr22	8	CNS	0.43985205	0.47276535	55514	55514	111028	0.56447344
Comprehensive	sage	test	K562	chr22	8	MNS	0.16285991	0.33381133	55514	55514	111028	0.59663756
Comprehensive	sage	test	K562	chr22	8	SNS	0.10432925	0.31974196	55514	55514	111028	0.6099885
Comprehensive	sage	test	K562	chrX	0	CNS	0.448467	0.47562806	50088	50088	100176	0.55893998
Comprehensive	sage	test	K562	chrX	0	MNS	0.17672862	0.33765157	50088	50088	100176	0.58657214
Comprehensive	sage	test	K562	chrX	0	SNS	0.10434781	0.319831	50088	50088	100176	0.60305877
Comprehensive	sage	test	K562	chrX	1	CNS	0.45212478	0.47674449	50638	50638	101276	0.56942739
Comprehensive	sage	test	K562	chrX	1	MNS	0.18576819	0.34124017	50638	50638	101276	0.59978057
Comprehensive	sage	test	K562	chrX	1	SNS	0.16358745	0.33364861	50638	50638	101276	0.60451163
Comprehensive	sage	test	K562	chrX	10	CNS	0.44802664	0.47727085	53922	53922	107844	0.56306808
Comprehensive	sage	test	K562	chrX	10	MNS	0.177197	0.33802421	53922	53922	107844	0.59308715
Comprehensive	sage	test	K562	chrX	10	SNS	0.12166064	0.3232507	53922	53922	107844	0.60445886
Comprehensive	sage	test	K562	chrX	11	CNS	0.4630822	0.48476426	29718	29718	59436	0.5487671
Comprehensive	sage	test	K562	chrX	11	MNS	0.20396867	0.34688217	29718	29718	59436	0.56961529
Comprehensive	sage	test	K562	chrX	11	SNS	0.093055793	0.31859501	29718	29718	59436	0.5948374
Comprehensive	sage	test	K562	chrX	12	CNS	0.47014834	0.4911987	19332	19332	38664	0.5409368
Comprehensive	sage	test	K562	chrX	12	MNS	0.25033725	0.3667791	19332	19332	38664	0.55432142
Comprehensive	sage	test	K562	chrX	12	SNS	0.077273199	0.31674744	19332	19332	38664	0.58996382
Comprehensive	sage	test	K562	chrX	13	CNS	0.4532503	0.47718771	52030	52030	104060	0.56237443
Comprehensive	sage	test	K562	chrX	13	MNS	0.18330485	0.34129298	52030	52030	104060	0.59211188
Comprehensive	sage	test	K562	chrX	13	SNS	0.13886191	0.32722469	52030	52030	104060	0.60132229
Comprehensive	sage	test	K562	chrX	14	CNS	0.44583878	0.4754745	54898	54898	109796	0.56337181
Comprehensive	sage	test	K562	chrX	14	MNS	0.17966723	0.33905434	54898	54898	109796	0.59312516
Comprehensive	sage	test	K562	chrX	14	SNS	0.12076091	0.32304852	54898	54898	109796	0.60492908
Comprehensive	sage	test	K562	chrX	15	CNS	0.46241342	0.48410707	45934	45934	91868	0.56643638
Comprehensive	sage	test	K562	chrX	15	MNS	0.20097114	0.34760792	45934	45934	91868	0.59454154
Comprehensive	sage	test	K562	chrX	15	SNS	0.17153825	0.33550222	45934	45934	91868	0.60077205
Comprehensive	sage	test	K562	chrX	16	CNS	0.46509128	0.48682823	39968	39968	79936	0.56533137
Comprehensive	sage	test	K562	chrX	16	MNS	0.19545254	0.34617401	39968	39968	79936	0.59510824
Comprehensive	sage	test	K562	chrX	16	SNS	0.18054299	0.33869185	39968	39968	79936	0.59870687
Comprehensive	sage	test	K562	chrX	17	CNS	0.46888883	0.48988015	37428	37428	74856	0.56230243
Comprehensive	sage	test	K562	chrX	17	MNS	0.19944548	0.34651573	37428	37428	74856	0.59035095
Comprehensive	sage	test	K562	chrX	17	SNS	0.17077625	0.33508908	37428	37428	74856	0.59655961
Comprehensive	sage	test	K562	chrX	18	CNS	0.48162942	0.49524104	30825	30825	61650	0.56069071
Comprehensive	sage	test	K562	chrX	18	MNS	0.18538828	0.34153171	30825	30825	61650	0.59271923
Comprehensive	sage	test	K562	chrX	18	SNS	0.18280113	0.33953697	30825	30825	61650	0.59386814
Comprehensive	sage	test	K562	chrX	19	CNS	0.4613012	0.48171017	42460	42460	84920	0.57045466
Comprehensive	sage	test	K562	chrX	19	MNS	0.20849112	0.35205956	42460	42460	84920	0.59842789
Comprehensive	sage	test	K562	chrX	19	SNS	0.19819738	0.34510104	42460	42460	84920	0.60108542
Comprehensive	sage	test	K562	chrX	2	CNS	0.44661706	0.47516862	56660	56660	113320	0.56310964
Comprehensive	sage	test	K562	chrX	2	MNS	0.17894414	0.33857471	56660	56660	113320	0.59205848
Comprehensive	sage	test	K562	chrX	2	SNS	0.12258575	0.32346834	56660	56660	113320	0.60383052
Comprehensive	sage	test	K562	chrX	20	CNS	0.45549263	0.48082056	50788	50788	101576	0.56002283
Comprehensive	sage	test	K562	chrX	20	MNS	0.18219603	0.34084843	50788	50788	101576	0.58850174
Comprehensive	sage	test	K562	chrX	20	SNS	0.12450782	0.32370186	50788	50788	101576	0.60094172
Comprehensive	sage	test	K562	chrX	21	CNS	0.45761115	0.48164431	50039	50039	100078	0.55844539
Comprehensive	sage	test	K562	chrX	21	MNS	0.17708458	0.33791612	50039	50039	100078	0.58812609
Comprehensive	sage	test	K562	chrX	21	SNS	0.12817389	0.32454499	50039	50039	100078	0.59847698
Comprehensive	sage	test	K562	chrX	22	CNS	0.44381831	0.47013825	54967	54967	109934	0.56781537
Comprehensive	sage	test	K562	chrX	22	MNS	0.18548848	0.34170487	54967	54967	109934	0.59796204
Comprehensive	sage	test	K562	chrX	22	SNS	0.16315902	0.33392079	54967	54967	109934	0.60229142
Comprehensive	sage	test	K562	chrX	23	CNS	0.45310696	0.47797338	51834	51834	103668	0.55611027
Comprehensive	sage	test	K562	chrX	23	MNS	0.16843292	0.33510119	51834	51834	103668	0.58711177
Comprehensive	sage	test	K562	chrX	23	SNS	0.11144339	0.32120411	51834	51834	103668	0.59938953
Comprehensive	sage	test	K562	chrX	24	CNS	0.44907496	0.47303867	53099	53099	106198	0.56113943
Comprehensive	sage	test	K562	chrX	24	MNS	0.18233355	0.34039348	53099	53099	106198	0.59060622
Comprehensive	sage	test	K562	chrX	24	SNS	0.13146342	0.32527308	53099	53099	106198	0.60106446
Comprehensive	sage	test	K562	chrX	25	CNS	0.45180745	0.47499478	47187	47187	94374	0.57163863
Comprehensive	sage	test	K562	chrX	25	MNS	0.19504786	0.3464671	47187	47187	94374	0.60144375
Comprehensive	sage	test	K562	chrX	25	SNS	0.18579204	0.34088376	47187	47187	94374	0.60392062
Comprehensive	sage	test	K562	chrX	26	CNS	0.44244146	0.47164929	58339	58339	116678	0.56406
Comprehensive	sage	test	K562	chrX	26	MNS	0.17547288	0.33849588	58339	58339	116678	0.59464551
Comprehensive	sage	test	K562	chrX	26	SNS	0.12956712	0.32536041	58339	58339	116678	0.6041891
Comprehensive	sage	test	K562	chrX	27	CNS	0.44529906	0.4740501	54185	54185	108370	0.56148656
Comprehensive	sage	test	K562	chrX	27	MNS	0.17746915	0.33830776	54185	54185	108370	0.59067314
Comprehensive	sage	test	K562	chrX	27	SNS	0.12091214	0.32314491	54185	54185	108370	0.60279654
Comprehensive	sage	test	K562	chrX	28	CNS	0.46187824	0.48265568	40118	40118	80236	0.57155301
Comprehensive	sage	test	K562	chrX	28	MNS	0.20765005	0.3506464	40118	40118	80236	0.59971643
Comprehensive	sage	test	K562	chrX	28	SNS	0.19900175	0.34451078	40118	40118	80236	0.60211541
Comprehensive	sage	test	K562	chrX	29	CNS	0.45560133	0.48044134	45195	45195	90390	0.5696996
Comprehensive	sage	test	K562	chrX	29	MNS	0.19743814	0.34639859	45195	45195	90390	0.59828434
Comprehensive	sage	test	K562	chrX	29	SNS	0.17448883	0.33648774	45195	45195	90390	0.6034091
Comprehensive	sage	test	K562	chrX	3	CNS	0.44660753	0.4766271	58765	58765	117530	0.5613012
Comprehensive	sage	test	K562	chrX	3	MNS	0.17277237	0.33653646	58765	58765	117530	0.59084981
Comprehensive	sage	test	K562	chrX	3	SNS	0.11142569	0.32124597	58765	58765	117530	0.60400297
Comprehensive	sage	test	K562	chrX	30	CNS	0.43945835	0.47327931	57089	57089	114178	0.5589116
Comprehensive	sage	test	K562	chrX	30	MNS	0.15707066	0.33152728	57089	57089	114178	0.59017294
Comprehensive	sage	test	K562	chrX	30	SNS	0.086988308	0.31696968	57089	57089	114178	0.60715187
Comprehensive	sage	test	K562	chrX	31	CNS	0.44043999	0.47352675	56907	56907	113814	0.5594246
Comprehensive	sage	test	K562	chrX	31	MNS	0.15816613	0.33215069	56907	56907	113814	0.59084559
Comprehensive	sage	test	K562	chrX	31	SNS	0.086226058	0.31671982	56907	56907	113814	0.60768303
Comprehensive	sage	test	K562	chrX	4	CNS	0.4434352	0.47085354	55777	55777	111554	0.56674766
Comprehensive	sage	test	K562	chrX	4	MNS	0.18533405	0.34191606	55777	55777	111554	0.59580733
Comprehensive	sage	test	K562	chrX	4	SNS	0.14212034	0.32814555	55777	55777	111554	0.60484969
Comprehensive	sage	test	K562	chrX	5	CNS	0.45870988	0.48194507	43965	43965	87930	0.56476603
Comprehensive	sage	test	K562	chrX	5	MNS	0.18678856	0.34204025	43965	43965	87930	0.59501512
Comprehensive	sage	test	K562	chrX	5	SNS	0.16641229	0.33454276	43965	43965	87930	0.59943972
Comprehensive	sage	test	K562	chrX	6	CNS	0.45722236	0.47976355	47533	47533	95066	0.56210899
Comprehensive	sage	test	K562	chrX	6	MNS	0.18643174	0.34200255	47533	47533	95066	0.59150456
Comprehensive	sage	test	K562	chrX	6	SNS	0.15060566	0.32996913	47533	47533	95066	0.59900887
Comprehensive	sage	test	K562	chrX	7	CNS	0.46151832	0.48558062	47637	47637	95274	0.55291355
Comprehensive	sage	test	K562	chrX	7	MNS	0.16011354	0.33214533	47637	47637	95274	0.58471565
Comprehensive	sage	test	K562	chrX	7	SNS	0.10305875	0.3198078	47637	47637	95274	0.59697686
Comprehensive	sage	test	K562	chrX	8	CNS	0.44671019	0.47344931	58367	58367	116734	0.56113045
Comprehensive	sage	test	K562	chrX	8	MNS	0.16974547	0.33640532	58367	58367	116734	0.59264484
Comprehensive	sage	test	K562	chrX	8	SNS	0.12149486	0.32334749	58367	58367	116734	0.60313102
Comprehensive	sage	test	K562	chrX	9	CNS	0.43679363	0.47208766	58552	58552	117104	0.55789942
Comprehensive	sage	test	K562	chrX	9	MNS	0.16769562	0.33438025	58552	58552	117104	0.58667139
Comprehensive	sage	test	K562	chrX	9	SNS	0.091302136	0.31771065	58552	58552	117104	0.60438264
Comprehensive	sage	valid	GM12878	chr13	0	CNS	0.42981132	0.46223299	57728	57728	115456	0.53390848
Comprehensive	sage	valid	GM12878	chr13	0	MNS	0.19241203	0.34028704	57728	57728	115456	0.55159621
Comprehensive	sage	valid	GM12878	chr13	0	SNS	0.05083173	0.31305085	57728	57728	115456	0.58609403
Comprehensive	sage	valid	GM12878	chr13	1	CNS	0.39599128	0.44419371	120737	120737	241474	0.55253102
Comprehensive	sage	valid	GM12878	chr13	1	MNS	0.15583355	0.33206396	120737	120737	241474	0.58014327
Comprehensive	sage	valid	GM12878	chr13	1	SNS	0.094065927	0.31781765	120737	120737	241474	0.5942122
Comprehensive	sage	valid	GM12878	chr13	10	CNS	0.43564544	0.46535235	90593	90593	181186	0.54513609
Comprehensive	sage	valid	GM12878	chr13	10	MNS	0.15198323	0.33043967	90593	90593	181186	0.57495718
Comprehensive	sage	valid	GM12878	chr13	10	SNS	0.10289357	0.3195576	90593	90593	181186	0.58567389
Comprehensive	sage	valid	GM12878	chr13	11	CNS	0.40207207	0.44684346	111617	111617	223234	0.55487066
Comprehensive	sage	valid	GM12878	chr13	11	MNS	0.16548911	0.33487782	111617	111617	223234	0.58124826
Comprehensive	sage	valid	GM12878	chr13	11	SNS	0.11354942	0.32151702	111617	111617	223234	0.59269061
Comprehensive	sage	valid	GM12878	chr13	12	CNS	0.40814449	0.44971398	118623	118623	237246	0.54953357
Comprehensive	sage	valid	GM12878	chr13	12	MNS	0.15390624	0.33157174	118623	118623	237246	0.57707111
Comprehensive	sage	valid	GM12878	chr13	12	SNS	0.091822788	0.31753829	118623	118623	237246	0.59149845
Comprehensive	sage	valid	GM12878	chr13	13	CNS	0.42606243	0.45969691	93904	93904	187808	0.55526663
Comprehensive	sage	valid	GM12878	chr13	13	MNS	0.17361555	0.33813123	93904	93904	187808	0.58322238
Comprehensive	sage	valid	GM12878	chr13	13	SNS	0.13752046	0.32730765	93904	93904	187808	0.59047101
Comprehensive	sage	valid	GM12878	chr13	14	CNS	0.42296795	0.45703108	89961	89961	179922	0.5607926
Comprehensive	sage	valid	GM12878	chr13	14	MNS	0.18817922	0.34360601	89961	89961	179922	0.58696266
Comprehensive	sage	valid	GM12878	chr13	14	SNS	0.15993209	0.33299796	89961	89961	179922	0.59277095
Comprehensive	sage	valid	GM12878	chr13	15	CNS	0.41074895	0.45032632	108393	108393	216786	0.55528724
Comprehensive	sage	valid	GM12878	chr13	15	MNS	0.16539535	0.33535451	108393	108393	216786	0.58339602
Comprehensive	sage	valid	GM12878	chr13	15	SNS	0.12109807	0.32327513	108393	108393	216786	0.59300519
Comprehensive	sage	valid	GM12878	chr13	16	CNS	0.39814329	0.44777209	122279	122279	244558	0.5530725
Comprehensive	sage	valid	GM12878	chr13	16	MNS	0.16015331	0.33386396	122279	122279	244558	0.57965681
Comprehensive	sage	valid	GM12878	chr13	16	SNS	0.096352658	0.31827799	122279	122279	244558	0.59463038
Comprehensive	sage	valid	GM12878	chr13	17	CNS	0.40816741	0.45160474	110680	110680	221360	0.55556589
Comprehensive	sage	valid	GM12878	chr13	17	MNS	0.16639348	0.33484951	110680	110680	221360	0.58280452
Comprehensive	sage	valid	GM12878	chr13	17	SNS	0.11739899	0.32234169	110680	110680	221360	0.59339124
Comprehensive	sage	valid	GM12878	chr13	18	CNS	0.42108701	0.45784056	105055	105055	210110	0.54872357
Comprehensive	sage	valid	GM12878	chr13	18	MNS	0.14992632	0.33008201	105055	105055	210110	0.57804439
Comprehensive	sage	valid	GM12878	chr13	18	SNS	0.099509993	0.31894559	105055	105055	210110	0.59000022
Comprehensive	sage	valid	GM12878	chr13	19	CNS	0.40540807	0.4495142	97053	97053	194106	0.55125049
Comprehensive	sage	valid	GM12878	chr13	19	MNS	0.1489951	0.32977323	97053	97053	194106	0.58049748
Comprehensive	sage	valid	GM12878	chr13	19	SNS	0.090563324	0.31714829	97053	97053	194106	0.59358949
Comprehensive	sage	valid	GM12878	chr13	2	CNS	0.38308861	0.43856449	129325	129325	258650	0.55745687
Comprehensive	sage	valid	GM12878	chr13	2	MNS	0.15945825	0.33315253	129325	129325	258650	0.58440708
Comprehensive	sage	valid	GM12878	chr13	2	SNS	0.098245308	0.31857804	129325	129325	258650	0.59830179
Comprehensive	sage	valid	GM12878	chr13	3	CNS	0.39656762	0.44526168	120273	120273	240546	0.55771444
Comprehensive	sage	valid	GM12878	chr13	3	MNS	0.17251618	0.33795012	120273	120273	240546	0.58327604
Comprehensive	sage	valid	GM12878	chr13	3	SNS	0.11294398	0.32144907	120273	120273	240546	0.5965453
Comprehensive	sage	valid	GM12878	chr13	4	CNS	0.40739882	0.45153917	115589	115589	231178	0.55085622
Comprehensive	sage	valid	GM12878	chr13	4	MNS	0.14954103	0.32970668	115589	115589	231178	0.58028642
Comprehensive	sage	valid	GM12878	chr13	4	SNS	0.094794597	0.31826145	115589	115589	231178	0.59272198
Comprehensive	sage	valid	GM12878	chr13	5	CNS	0.3846093	0.43811524	132737	132737	265474	0.55558716
Comprehensive	sage	valid	GM12878	chr13	5	MNS	0.1558512	0.33250926	132737	132737	265474	0.58293812
Comprehensive	sage	valid	GM12878	chr13	5	SNS	0.09529393	0.3181393	132737	132737	265474	0.59728698
Comprehensive	sage	valid	GM12878	chr13	6	CNS	0.389697	0.44171693	127126	127126	254252	0.55327281
Comprehensive	sage	valid	GM12878	chr13	6	MNS	0.15384728	0.33148969	127126	127126	254252	0.580929
Comprehensive	sage	valid	GM12878	chr13	6	SNS	0.092925671	0.31777689	127126	127126	254252	0.59507709
Comprehensive	sage	valid	GM12878	chr13	7	CNS	0.41946221	0.45946271	97200	97200	194400	0.5442259
Comprehensive	sage	valid	GM12878	chr13	7	MNS	0.14213298	0.32765503	97200	97200	194400	0.57477541
Comprehensive	sage	valid	GM12878	chr13	7	SNS	0.085578631	0.31690408	97200	97200	194400	0.58761249
Comprehensive	sage	valid	GM12878	chr13	8	CNS	0.42459659	0.45948076	99161	99161	198322	0.55026916
Comprehensive	sage	valid	GM12878	chr13	8	MNS	0.16404097	0.33425431	99161	99161	198322	0.5781044
Comprehensive	sage	valid	GM12878	chr13	8	SNS	0.1130367	0.32149167	99161	99161	198322	0.5894096
Comprehensive	sage	valid	GM12878	chr13	9	CNS	0.42637023	0.45928304	90884	90884	181768	0.5557358
Comprehensive	sage	valid	GM12878	chr13	9	MNS	0.17423446	0.33769532	90884	90884	181768	0.58328585
Comprehensive	sage	valid	GM12878	chr13	9	SNS	0.13806413	0.32684411	90884	90884	181768	0.59075674
Comprehensive	sage	valid	GM12878	chr15	0	CNS	0.44285021	0.46793501	10399	10399	20798	0.5395
Comprehensive	sage	valid	GM12878	chr15	0	MNS	0.23138966	0.35336246	10399	10399	20798	0.55607794
Comprehensive	sage	valid	GM12878	chr15	0	SNS	0.1017516	0.32047978	10399	10399	20798	0.57783247
Comprehensive	sage	valid	GM12878	chr15	1	CNS	0.40876037	0.45178238	87018	87018	174036	0.56326033
Comprehensive	sage	valid	GM12878	chr15	1	MNS	0.19882089	0.34611579	87018	87018	174036	0.58517504
Comprehensive	sage	valid	GM12878	chr15	1	SNS	0.13989661	0.32701737	87018	87018	174036	0.59813841
Comprehensive	sage	valid	GM12878	chr15	10	CNS	0.3926888	0.44394782	127385	127385	254770	0.55515701
Comprehensive	sage	valid	GM12878	chr15	10	MNS	0.15254558	0.33087503	127385	127385	254770	0.58327119
Comprehensive	sage	valid	GM12878	chr15	10	SNS	0.089584312	0.317154	127385	127385	254770	0.59805477
Comprehensive	sage	valid	GM12878	chr15	11	CNS	0.39228888	0.44428226	129900	129900	259800	0.55078074
Comprehensive	sage	valid	GM12878	chr15	11	MNS	0.14509757	0.32907672	129900	129900	259800	0.57983927
Comprehensive	sage	valid	GM12878	chr15	11	SNS	0.074344985	0.31462341	129900	129900	259800	0.59710315
Comprehensive	sage	valid	GM12878	chr15	12	CNS	0.38665273	0.44224226	126170	126170	252340	0.55144479
Comprehensive	sage	valid	GM12878	chr15	12	MNS	0.14466946	0.32862805	126170	126170	252340	0.57925595
Comprehensive	sage	valid	GM12878	chr15	12	SNS	0.076167077	0.31498719	126170	126170	252340	0.59618288
Comprehensive	sage	valid	GM12878	chr15	13	CNS	0.40503714	0.44962901	105922	105922	211844	0.54852579
Comprehensive	sage	valid	GM12878	chr15	13	MNS	0.15057959	0.33037047	105922	105922	211844	0.57698134
Comprehensive	sage	valid	GM12878	chr15	13	SNS	0.080784763	0.31544741	105922	105922	211844	0.59321131
Comprehensive	sage	valid	GM12878	chr15	14	CNS	0.40900062	0.45055391	119161	119161	238322	0.54571459
Comprehensive	sage	valid	GM12878	chr15	14	MNS	0.14494384	0.32927707	119161	119161	238322	0.57365249
Comprehensive	sage	valid	GM12878	chr15	14	SNS	0.070730026	0.3140651	119161	119161	238322	0.59289513
Comprehensive	sage	valid	GM12878	chr15	15	CNS	0.40524811	0.45101714	114627	114627	229254	0.55401891
Comprehensive	sage	valid	GM12878	chr15	15	MNS	0.15392255	0.33099856	114627	114627	229254	0.5826657
Comprehensive	sage	valid	GM12878	chr15	15	SNS	0.10198148	0.31952203	114627	114627	229254	0.59408725
Comprehensive	sage	valid	GM12878	chr15	16	CNS	0.41015832	0.45279007	108728	108728	217456	0.54797986
Comprehensive	sage	valid	GM12878	chr15	16	MNS	0.15455937	0.3314638	108728	108728	217456	0.57515966
Comprehensive	sage	valid	GM12878	chr15	16	SNS	0.086801264	0.316672	108728	108728	217456	0.59149478
Comprehensive	sage	valid	GM12878	chr15	2	CNS	0.4243126	0.45936755	84810	84810	169620	0.54672837
Comprehensive	sage	valid	GM12878	chr15	2	MNS	0.14620151	0.32882508	84810	84810	169620	0.57815245
Comprehensive	sage	valid	GM12878	chr15	2	SNS	0.081843615	0.31575	84810	84810	169620	0.59169974
Comprehensive	sage	valid	GM12878	chr15	3	CNS	0.40177692	0.44910757	108841	108841	217682	0.55041188
Comprehensive	sage	valid	GM12878	chr15	3	MNS	0.16118235	0.33336795	108841	108841	217682	0.57616475
Comprehensive	sage	valid	GM12878	chr15	3	SNS	0.08653846	0.31674975	108841	108841	217682	0.59392022
Comprehensive	sage	valid	GM12878	chr15	4	CNS	0.4003713	0.44839098	126480	126480	252960	0.54384908
Comprehensive	sage	valid	GM12878	chr15	4	MNS	0.13558464	0.32625241	126480	126480	252960	0.57291169
Comprehensive	sage	valid	GM12878	chr15	4	SNS	0.060564327	0.3132256	126480	126480	252960	0.59254387
Comprehensive	sage	valid	GM12878	chr15	5	CNS	0.40492337	0.44909023	127200	127200	254400	0.54114267
Comprehensive	sage	valid	GM12878	chr15	5	MNS	0.13507765	0.32612495	127200	127200	254400	0.56958782
Comprehensive	sage	valid	GM12878	chr15	5	SNS	0.05743596	0.31287972	127200	127200	254400	0.59017308
Comprehensive	sage	valid	GM12878	chr15	6	CNS	0.39240721	0.44317759	125620	125620	251240	0.55120173
Comprehensive	sage	valid	GM12878	chr15	6	MNS	0.15466753	0.33105546	125620	125620	251240	0.57781899
Comprehensive	sage	valid	GM12878	chr15	6	SNS	0.086974828	0.31677445	125620	125620	251240	0.59379646
Comprehensive	sage	valid	GM12878	chr15	7	CNS	0.40280672	0.44423284	120436	120436	240872	0.55103547
Comprehensive	sage	valid	GM12878	chr15	7	MNS	0.15315809	0.33159656	120436	120436	240872	0.57952901
Comprehensive	sage	valid	GM12878	chr15	7	SNS	0.094860484	0.31804611	120436	120436	240872	0.59300904
Comprehensive	sage	valid	GM12878	chr15	8	CNS	0.38709154	0.4411964	128991	128991	257982	0.55509242
Comprehensive	sage	valid	GM12878	chr15	8	MNS	0.15677484	0.3322082	128991	128991	257982	0.58154345
Comprehensive	sage	valid	GM12878	chr15	8	SNS	0.090309562	0.31718847	128991	128991	257982	0.59734558
Comprehensive	sage	valid	GM12878	chr15	9	CNS	0.38789732	0.44211993	137226	137226	274452	0.5483996
Comprehensive	sage	valid	GM12878	chr15	9	MNS	0.14622107	0.32932775	137226	137226	274452	0.57567011
Comprehensive	sage	valid	GM12878	chr15	9	SNS	0.067520955	0.31377409	137226	137226	274452	0.59612781
Comprehensive	sage	valid	K562	chr13	0	CNS	0.45674545	0.48064375	31484	31484	62968	0.54169944
Comprehensive	sage	valid	K562	chr13	0	MNS	0.17375271	0.3352084	31484	31484	62968	0.56625541
Comprehensive	sage	valid	K562	chr13	0	SNS	0.06403232	0.31465281	31484	31484	62968	0.5929794
Comprehensive	sage	valid	K562	chr13	1	CNS	0.44674889	0.47617529	54743	54743	109486	0.56197919
Comprehensive	sage	valid	K562	chr13	1	MNS	0.17058269	0.33588022	54743	54743	109486	0.59267609
Comprehensive	sage	valid	K562	chr13	1	SNS	0.11797404	0.32250682	54743	54743	109486	0.60371706
Comprehensive	sage	valid	K562	chr13	10	CNS	0.46568587	0.48516577	42763	42763	85526	0.55950763
Comprehensive	sage	valid	K562	chr13	10	MNS	0.18409372	0.34058819	42763	42763	85526	0.5893872
Comprehensive	sage	valid	K562	chr13	10	SNS	0.15131321	0.32993771	42763	42763	85526	0.59647384
Comprehensive	sage	valid	K562	chr13	11	CNS	0.45529743	0.48055201	48745	48745	97490	0.56099285
Comprehensive	sage	valid	K562	chr13	11	MNS	0.18218	0.34007041	48745	48745	97490	0.59025747
Comprehensive	sage	valid	K562	chr13	11	SNS	0.13940604	0.32715996	48745	48745	97490	0.59928655
Comprehensive	sage	valid	K562	chr13	12	CNS	0.44421964	0.47249552	60400	60400	120800	0.55206711
Comprehensive	sage	valid	K562	chr13	12	MNS	0.16354212	0.33351804	60400	60400	120800	0.58429962
Comprehensive	sage	valid	K562	chr13	12	SNS	0.10991689	0.32091579	60400	60400	120800	0.59372397
Comprehensive	sage	valid	K562	chr13	13	CNS	0.46306422	0.4835303	40805	40805	81610	0.57410019
Comprehensive	sage	valid	K562	chr13	13	MNS	0.21294152	0.35323987	40805	40805	81610	0.60219444
Comprehensive	sage	valid	K562	chr13	13	SNS	0.21126671	0.34958382	40805	40805	81610	0.60330784
Comprehensive	sage	valid	K562	chr13	14	CNS	0.42011131	0.45227489	94269	94269	188538	0.55146849
Comprehensive	sage	valid	K562	chr13	14	MNS	0.23694433	0.35490976	94269	94269	188538	0.57356823
Comprehensive	sage	valid	K562	chr13	14	SNS	0.11653306	0.32281061	94269	94269	188538	0.58997838
Comprehensive	sage	valid	K562	chr13	15	CNS	0.39471394	0.43997013	120682	120682	241364	0.55847548
Comprehensive	sage	valid	K562	chr13	15	MNS	0.1893742	0.34006306	120682	120682	241364	0.58243682
Comprehensive	sage	valid	K562	chr13	15	SNS	0.10895863	0.32096095	120682	120682	241364	0.5965636
Comprehensive	sage	valid	K562	chr13	16	CNS	0.44679161	0.4776219	60231	60231	120462	0.55978853
Comprehensive	sage	valid	K562	chr13	16	MNS	0.16861298	0.3354972	60231	60231	120462	0.58934259
Comprehensive	sage	valid	K562	chr13	16	SNS	0.10170516	0.31939071	60231	60231	120462	0.60433873
Comprehensive	sage	valid	K562	chr13	17	CNS	0.45519968	0.47884986	46647	46647	93294	0.56715449
Comprehensive	sage	valid	K562	chr13	17	MNS	0.19146025	0.34392346	46647	46647	93294	0.59650611
Comprehensive	sage	valid	K562	chr13	17	SNS	0.16748174	0.33498534	46647	46647	93294	0.60148688
Comprehensive	sage	valid	K562	chr13	18	CNS	0.45059116	0.47933308	54650	54650	109300	0.55844147
Comprehensive	sage	valid	K562	chr13	18	MNS	0.17515058	0.33783855	54650	54650	109300	0.58827285
Comprehensive	sage	valid	K562	chr13	18	SNS	0.12160216	0.32326081	54650	54650	109300	0.60021626
Comprehensive	sage	valid	K562	chr13	19	CNS	0.4404977	0.47440827	52386	52386	104772	0.56206494
Comprehensive	sage	valid	K562	chr13	19	MNS	0.15818473	0.33197631	52386	52386	104772	0.59354021
Comprehensive	sage	valid	K562	chr13	19	SNS	0.096336875	0.31833122	52386	52386	104772	0.6076408
Comprehensive	sage	valid	K562	chr13	2	CNS	0.44070457	0.47289582	59262	59262	118524	0.56560153
Comprehensive	sage	valid	K562	chr13	2	MNS	0.1782271	0.33857803	59262	59262	118524	0.59484514
Comprehensive	sage	valid	K562	chr13	2	SNS	0.11686858	0.32225915	59262	59262	118524	0.60778968
Comprehensive	sage	valid	K562	chr13	3	CNS	0.45033868	0.47730463	49979	49979	99958	0.56759441
Comprehensive	sage	valid	K562	chr13	3	MNS	0.19471593	0.34541362	49979	49979	99958	0.59599
Comprehensive	sage	valid	K562	chr13	3	SNS	0.15051332	0.33023578	49979	49979	99958	0.60489835
Comprehensive	sage	valid	K562	chr13	4	CNS	0.45131551	0.47767681	53455	53455	106910	0.56457989
Comprehensive	sage	valid	K562	chr13	4	MNS	0.17947808	0.33955784	53455	53455	106910	0.59506039
Comprehensive	sage	valid	K562	chr13	4	SNS	0.13715664	0.32699331	53455	53455	106910	0.60388678
Comprehensive	sage	valid	K562	chr13	5	CNS	0.44203599	0.47263517	59872	59872	119744	0.56172768
Comprehensive	sage	valid	K562	chr13	5	MNS	0.17215729	0.33698678	59872	59872	119744	0.59235898
Comprehensive	sage	valid	K562	chr13	5	SNS	0.11542479	0.32202903	59872	59872	119744	0.60445487
Comprehensive	sage	valid	K562	chr13	6	CNS	0.44582906	0.47367645	57751	57751	115502	0.56042565
Comprehensive	sage	valid	K562	chr13	6	MNS	0.1732969	0.33711295	57751	57751	115502	0.59046629
Comprehensive	sage	valid	K562	chr13	6	SNS	0.11781328	0.32258635	57751	57751	115502	0.60218883
Comprehensive	sage	valid	K562	chr13	7	CNS	0.45308233	0.48035771	46946	46946	93892	0.55278093
Comprehensive	sage	valid	K562	chr13	7	MNS	0.15995149	0.3320068	46946	46946	93892	0.58406875
Comprehensive	sage	valid	K562	chr13	7	SNS	0.1031385	0.32000405	46946	46946	93892	0.59622598
Comprehensive	sage	valid	K562	chr13	8	CNS	0.46277392	0.48454157	45244	45244	90488	0.56043565
Comprehensive	sage	valid	K562	chr13	8	MNS	0.18616526	0.34140651	45244	45244	90488	0.59029596
Comprehensive	sage	valid	K562	chr13	8	SNS	0.1485249	0.32937933	45244	45244	90488	0.59803223
Comprehensive	sage	valid	K562	chr13	9	CNS	0.46731248	0.48598942	40572	40572	81144	0.56950642
Comprehensive	sage	valid	K562	chr13	9	MNS	0.20241019	0.34859248	40572	40572	81144	0.59867867
Comprehensive	sage	valid	K562	chr13	9	SNS	0.19502645	0.34324522	40572	40572	81144	0.60083978
Comprehensive	sage	valid	K562	chr15	0	CNS	0.45022468	0.47399872	15714	15714	31428	0.54739087
Comprehensive	sage	valid	K562	chr15	0	MNS	0.25744398	0.3637956	15714	15714	31428	0.56167296
Comprehensive	sage	valid	K562	chr15	0	SNS	0.10568245	0.32177317	15714	15714	31428	0.58689414
Comprehensive	sage	valid	K562	chr15	1	CNS	0.42645177	0.46097389	62915	62915	125830	0.57022961
Comprehensive	sage	valid	K562	chr15	1	MNS	0.19963425	0.34695488	62915	62915	125830	0.59514052
Comprehensive	sage	valid	K562	chr15	1	SNS	0.15074178	0.32965009	62915	62915	125830	0.60551485
Comprehensive	sage	valid	K562	chr15	10	CNS	0.42450344	0.46428713	85809	85809	171618	0.55986474
Comprehensive	sage	valid	K562	chr15	10	MNS	0.16288873	0.33323834	85809	85809	171618	0.58930167
Comprehensive	sage	valid	K562	chr15	10	SNS	0.094955434	0.31823161	85809	85809	171618	0.60429436
Comprehensive	sage	valid	K562	chr15	11	CNS	0.42041675	0.46158361	92493	92493	184986	0.56098342
Comprehensive	sage	valid	K562	chr15	11	MNS	0.16436478	0.33399538	92493	92493	184986	0.58973914
Comprehensive	sage	valid	K562	chr15	11	SNS	0.091969616	0.31764716	92493	92493	184986	0.60643753
Comprehensive	sage	valid	K562	chr15	12	CNS	0.42097413	0.46103642	88323	88323	176646	0.56204937
Comprehensive	sage	valid	K562	chr15	12	MNS	0.16818224	0.33518382	88323	88323	176646	0.59052907
Comprehensive	sage	valid	K562	chr15	12	SNS	0.1008858	0.31921189	88323	88323	176646	0.6053368
Comprehensive	sage	valid	K562	chr15	13	CNS	0.43118717	0.46600292	77803	77803	155606	0.55262565
Comprehensive	sage	valid	K562	chr15	13	MNS	0.15705491	0.33140529	77803	77803	155606	0.58230814
Comprehensive	sage	valid	K562	chr15	13	SNS	0.084098439	0.31637383	77803	77803	155606	0.59867063
Comprehensive	sage	valid	K562	chr15	14	CNS	0.41678546	0.45849353	93180	93180	186360	0.55887676
Comprehensive	sage	valid	K562	chr15	14	MNS	0.16593962	0.33484371	93180	93180	186360	0.58639078
Comprehensive	sage	valid	K562	chr15	14	SNS	0.086977488	0.31672336	93180	93180	186360	0.60486317
Comprehensive	sage	valid	K562	chr15	15	CNS	0.42359926	0.46106058	83563	83563	167126	0.56829818
Comprehensive	sage	valid	K562	chr15	15	MNS	0.18086172	0.33953898	83563	83563	167126	0.59667666
Comprehensive	sage	valid	K562	chr15	15	SNS	0.13627821	0.32664802	83563	83563	167126	0.60572875
Comprehensive	sage	valid	K562	chr15	16	CNS	0.42989874	0.46579607	77512	77512	155024	0.5598518
Comprehensive	sage	valid	K562	chr15	16	MNS	0.16470694	0.3339029	77512	77512	155024	0.58835479
Comprehensive	sage	valid	K562	chr15	16	SNS	0.10212834	0.31946045	77512	77512	155024	0.60252969
Comprehensive	sage	valid	K562	chr15	2	CNS	0.43285307	0.46640402	64648	64648	129296	0.55986352
Comprehensive	sage	valid	K562	chr15	2	MNS	0.16526604	0.33425964	64648	64648	129296	0.58974094
Comprehensive	sage	valid	K562	chr15	2	SNS	0.10879812	0.32066865	64648	64648	129296	0.60143555
Comprehensive	sage	valid	K562	chr15	3	CNS	0.42991392	0.46574977	74655	74655	149310	0.55698343
Comprehensive	sage	valid	K562	chr15	3	MNS	0.17704358	0.33783665	74655	74655	149310	0.58308189
Comprehensive	sage	valid	K562	chr15	3	SNS	0.10219749	0.31953284	74655	74655	149310	0.59983589
Comprehensive	sage	valid	K562	chr15	4	CNS	0.4280783	0.46612776	87842	87842	175684	0.55211697
Comprehensive	sage	valid	K562	chr15	4	MNS	0.15291806	0.33021276	87842	87842	175684	0.58214674
Comprehensive	sage	valid	K562	chr15	4	SNS	0.074914232	0.3153866	87842	87842	175684	0.60109088
Comprehensive	sage	valid	K562	chr15	5	CNS	0.42849671	0.4643623	90061	90061	180122	0.55055443
Comprehensive	sage	valid	K562	chr15	5	MNS	0.15264851	0.33018077	90061	90061	180122	0.57902122
Comprehensive	sage	valid	K562	chr15	5	SNS	0.070805666	0.3148544	90061	90061	180122	0.59959723
Comprehensive	sage	valid	K562	chr15	6	CNS	0.41988647	0.46107392	85758	85758	171516	0.56179799
Comprehensive	sage	valid	K562	chr15	6	MNS	0.17465655	0.33664175	85758	85758	171516	0.58898263
Comprehensive	sage	valid	K562	chr15	6	SNS	0.11130423	0.32121978	85758	85758	171516	0.60288743
Comprehensive	sage	valid	K562	chr15	7	CNS	0.41931281	0.45597115	79639	79639	159278	0.569341
Comprehensive	sage	valid	K562	chr15	7	MNS	0.18661875	0.34258483	79639	79639	159278	0.59699779
Comprehensive	sage	valid	K562	chr15	7	SNS	0.14828171	0.32967483	79639	79639	159278	0.60488195
Comprehensive	sage	valid	K562	chr15	8	CNS	0.4191513	0.46032092	88407	88407	176814	0.56302799
Comprehensive	sage	valid	K562	chr15	8	MNS	0.17262662	0.33632817	88407	88407	176814	0.59034222
Comprehensive	sage	valid	K562	chr15	8	SNS	0.10418241	0.31989906	88407	88407	176814	0.60540534
Comprehensive	sage	valid	K562	chr15	9	CNS	0.41533879	0.45961111	98234	98234	196468	0.55939592
Comprehensive	sage	valid	K562	chr15	9	MNS	0.16561041	0.33397452	98234	98234	196468	0.58717629
Comprehensive	sage	valid	K562	chr15	9	SNS	0.085111203	0.3166601	98234	98234	196468	0.60622092
GM12878	sage	test_inter	K562	chr14	0	CNS	0.39376332	0.44845853	21677	21677	43354	0.81121673
GM12878	sage	test_inter	K562	chr14	0	MNS	0.17515662	0.33715277	21677	21677	43354	0.86489884
GM12878	sage	test_inter	K562	chr14	0	SNS	0.031643178	0.30962221	21677	21677	43354	0.88668933
GM12878	sage	test_inter	K562	chr14	1	CNS	0.367649	0.44149729	63463	63463	126926	0.8126865
GM12878	sage	test_inter	K562	chr14	1	MNS	0.10777233	0.32036099	63463	63463	126926	0.8751404
GM12878	sage	test_inter	K562	chr14	1	SNS	0.040840601	0.30972726	63463	63463	126926	0.8845373
GM12878	sage	test_inter	K562	chr14	10	CNS	0.38895976	0.45128297	62115	62115	124230	0.85605778
GM12878	sage	test_inter	K562	chr14	10	MNS	0.12212326	0.32355938	62115	62115	124230	0.90241022
GM12878	sage	test_inter	K562	chr14	10	SNS	0.058128644	0.31202492	62115	62115	124230	0.90756928
GM12878	sage	test_inter	K562	chr14	11	CNS	0.37356306	0.44406654	65901	65901	131802	0.83966859
GM12878	sage	test_inter	K562	chr14	11	MNS	0.10919997	0.32049533	65901	65901	131802	0.89165638
GM12878	sage	test_inter	K562	chr14	11	SNS	0.046932119	0.31059629	65901	65901	131802	0.89792318
GM12878	sage	test_inter	K562	chr14	12	CNS	0.39688521	0.45496455	57895	57895	115790	0.85189017
GM12878	sage	test_inter	K562	chr14	12	MNS	0.11960888	0.32248863	57895	57895	115790	0.90111253
GM12878	sage	test_inter	K562	chr14	12	SNS	0.057560137	0.31210449	57895	57895	115790	0.90641112
GM12878	sage	test_inter	K562	chr14	13	CNS	0.43487056	0.47027454	46383	46383	92766	0.8894289
GM12878	sage	test_inter	K562	chr14	13	MNS	0.17534318	0.33737811	46383	46383	92766	0.928318
GM12878	sage	test_inter	K562	chr14	13	SNS	0.15787813	0.33222697	46383	46383	92766	0.92962177
GM12878	sage	test_inter	K562	chr14	14	CNS	0.407829	0.4620059	53930	53930	107860	0.86187636
GM12878	sage	test_inter	K562	chr14	14	MNS	0.12680837	0.32407515	53930	53930	107860	0.90862794
GM12878	sage	test_inter	K562	chr14	14	SNS	0.068856285	0.3136707	53930	53930	107860	0.9124204
GM12878	sage	test_inter	K562	chr14	15	CNS	0.39106315	0.45336494	61081	61081	122162	0.84891709
GM12878	sage	test_inter	K562	chr14	15	MNS	0.12258739	0.32349865	61081	61081	122162	0.89898787
GM12878	sage	test_inter	K562	chr14	15	SNS	0.06521564	0.31281033	61081	61081	122162	0.90389551
GM12878	sage	test_inter	K562	chr14	16	CNS	0.39136241	0.4457014	61487	61487	122974	0.85337716
GM12878	sage	test_inter	K562	chr14	16	MNS	0.14287566	0.32835196	61487	61487	122974	0.90185486
GM12878	sage	test_inter	K562	chr14	16	SNS	0.089289541	0.31642628	61487	61487	122974	0.90665567
GM12878	sage	test_inter	K562	chr14	17	CNS	0.3739568	0.44469172	60818	60818	121636	0.82493037
GM12878	sage	test_inter	K562	chr14	17	MNS	0.10999214	0.32085787	60818	60818	121636	0.88330115
GM12878	sage	test_inter	K562	chr14	17	SNS	0.044972351	0.31022379	60818	60818	121636	0.89093298
GM12878	sage	test_inter	K562	chr14	18	CNS	0.37383557	0.44431941	58268	58268	116536	0.82025562
GM12878	sage	test_inter	K562	chr14	18	MNS	0.10233403	0.31906441	58268	58268	116536	0.88091485
GM12878	sage	test_inter	K562	chr14	18	SNS	0.040656342	0.30981732	58268	58268	116536	0.88877971
GM12878	sage	test_inter	K562	chr14	2	CNS	0.42599944	0.46910519	46796	46796	93592	0.87361362
GM12878	sage	test_inter	K562	chr14	2	MNS	0.14064701	0.32733196	46796	46796	93592	0.91805661
GM12878	sage	test_inter	K562	chr14	2	SNS	0.097522394	0.31826519	46796	46796	93592	0.92045323
GM12878	sage	test_inter	K562	chr14	3	CNS	0.3905667	0.44799315	62728	62728	125456	0.86757269
GM12878	sage	test_inter	K562	chr14	3	MNS	0.1437842	0.3287568	62728	62728	125456	0.90915487
GM12878	sage	test_inter	K562	chr14	3	SNS	0.088253745	0.31639997	62728	62728	125456	0.91311611
GM12878	sage	test_inter	K562	chr14	4	CNS	0.41803286	0.46546222	51168	51168	102336	0.8669163
GM12878	sage	test_inter	K562	chr14	4	MNS	0.13947192	0.32714872	51168	51168	102336	0.91293379
GM12878	sage	test_inter	K562	chr14	4	SNS	0.0841502	0.31593609	51168	51168	102336	0.91624091
GM12878	sage	test_inter	K562	chr14	5	CNS	0.44071103	0.47313321	42604	42604	85208	0.88690909
GM12878	sage	test_inter	K562	chr14	5	MNS	0.17735407	0.33845204	42604	42604	85208	0.92814954
GM12878	sage	test_inter	K562	chr14	5	SNS	0.14815034	0.32934371	42604	42604	85208	0.92940024
GM12878	sage	test_inter	K562	chr14	6	CNS	0.41584473	0.46396387	51023	51023	102046	0.87100617
GM12878	sage	test_inter	K562	chr14	6	MNS	0.15624404	0.33138934	51023	51023	102046	0.91353765
GM12878	sage	test_inter	K562	chr14	6	SNS	0.099889398	0.31860186	51023	51023	102046	0.91767672
GM12878	sage	test_inter	K562	chr14	7	CNS	0.40098272	0.45565688	58423	58423	116846	0.85529892
GM12878	sage	test_inter	K562	chr14	7	MNS	0.13618704	0.32644048	58423	58423	116846	0.90390804
GM12878	sage	test_inter	K562	chr14	7	SNS	0.076088467	0.31443083	58423	58423	116846	0.90867055
GM12878	sage	test_inter	K562	chr14	8	CNS	0.40654685	0.46051364	56076	56076	112152	0.85728712
GM12878	sage	test_inter	K562	chr14	8	MNS	0.12818047	0.32468518	56076	56076	112152	0.90628044
GM12878	sage	test_inter	K562	chr14	8	SNS	0.071026128	0.31383378	56076	56076	112152	0.9101698
GM12878	sage	test_inter	K562	chr14	9	CNS	0.39639862	0.45173332	60515	60515	121030	0.86291819
GM12878	sage	test_inter	K562	chr14	9	MNS	0.13930322	0.3272761	60515	60515	121030	0.90755088
GM12878	sage	test_inter	K562	chr14	9	SNS	0.079735446	0.31499103	60515	60515	121030	0.91177807
GM12878	sage	test_inter	K562	chr22	0	CNS	0.4373944	0.47407113	15458	15458	30916	0.88777194
GM12878	sage	test_inter	K562	chr22	0	MNS	0.24973138	0.3654705	15458	15458	30916	0.92196806
GM12878	sage	test_inter	K562	chr22	0	SNS	0.1880434	0.35465088	15458	15458	30916	0.92648647
GM12878	sage	test_inter	K562	chr22	1	CNS	0.29461002	0.39390699	158780	158780	317560	0.83692009
GM12878	sage	test_inter	K562	chr22	1	MNS	0.11890265	0.32232943	158780	158780	317560	0.87489662
GM12878	sage	test_inter	K562	chr22	1	SNS	0.042084567	0.30990927	158780	158780	317560	0.88690001
GM12878	sage	test_inter	K562	chr22	2	CNS	0.26434463	0.37786809	259290	259290	518580	0.85376244
GM12878	sage	test_inter	K562	chr22	2	MNS	0.13619898	0.3268151	259290	259290	518580	0.88033087
GM12878	sage	test_inter	K562	chr22	2	SNS	0.036948734	0.3096766	259290	259290	518580	0.89252577
GM12878	sage	test_inter	K562	chr22	3	CNS	0.37997075	0.44569199	65975	65975	131950	0.85408302
GM12878	sage	test_inter	K562	chr22	3	MNS	0.11952551	0.32271886	65975	65975	131950	0.90024263
GM12878	sage	test_inter	K562	chr22	3	SNS	0.057920154	0.31187538	65975	65975	131950	0.90547914
GM12878	sage	test_inter	K562	chr22	4	CNS	0.38225121	0.44665054	62098	62098	124196	0.8516517
GM12878	sage	test_inter	K562	chr22	4	MNS	0.12575969	0.32411688	62098	62098	124196	0.89891605
GM12878	sage	test_inter	K562	chr22	4	SNS	0.062881068	0.3125462	62098	62098	124196	0.90425696
GM12878	sage	test_inter	K562	chr22	5	CNS	0.36370758	0.43912731	67378	67378	134756	0.82275902
GM12878	sage	test_inter	K562	chr22	5	MNS	0.098411978	0.31838095	67378	67378	134756	0.88105855
GM12878	sage	test_inter	K562	chr22	5	SNS	0.037942653	0.30947195	67378	67378	134756	0.88897824
GM12878	sage	test_inter	K562	chr22	6	CNS	0.37038001	0.44204975	66073	66073	132146	0.83347656
GM12878	sage	test_inter	K562	chr22	6	MNS	0.10796786	0.32016912	66073	66073	132146	0.88747058
GM12878	sage	test_inter	K562	chr22	6	SNS	0.046207	0.31042551	66073	66073	132146	0.894353
GM12878	sage	test_inter	K562	chr22	7	CNS	0.39963203	0.45470891	55904	55904	111808	0.84669384
GM12878	sage	test_inter	K562	chr22	7	MNS	0.12790223	0.32461473	55904	55904	111808	0.89928473
GM12878	sage	test_inter	K562	chr22	7	SNS	0.072165413	0.31373115	55904	55904	111808	0.90421212
GM12878	sage	test_inter	K562	chr22	8	CNS	0.39712419	0.45397983	55514	55514	111028	0.84485804
GM12878	sage	test_inter	K562	chr22	8	MNS	0.12612878	0.32425397	55514	55514	111028	0.89746636
GM12878	sage	test_inter	K562	chr22	8	SNS	0.069250922	0.31331863	55514	55514	111028	0.90284461
GM12878	sage	test_inter	K562	chrX	0	CNS	0.40039553	0.45579322	50088	50088	100176	0.86019859
GM12878	sage	test_inter	K562	chrX	0	MNS	0.13482989	0.32638864	50088	50088	100176	0.90646388
GM12878	sage	test_inter	K562	chrX	0	SNS	0.070430113	0.31371412	50088	50088	100176	0.91077703
GM12878	sage	test_inter	K562	chrX	1	CNS	0.42791186	0.46619689	50638	50638	101276	0.89396589
GM12878	sage	test_inter	K562	chrX	1	MNS	0.16246917	0.33332294	50638	50638	101276	0.92979608
GM12878	sage	test_inter	K562	chrX	1	SNS	0.13041817	0.32527011	50638	50638	101276	0.93119032
GM12878	sage	test_inter	K562	chrX	10	CNS	0.4083052	0.4605423	53922	53922	107844	0.86924853
GM12878	sage	test_inter	K562	chrX	10	MNS	0.14377187	0.32855037	53922	53922	107844	0.91233032
GM12878	sage	test_inter	K562	chrX	10	SNS	0.088844579	0.31664766	53922	53922	107844	0.91595253
GM12878	sage	test_inter	K562	chrX	11	CNS	0.42476764	0.46951387	29718	29718	59436	0.86373611
GM12878	sage	test_inter	K562	chrX	11	MNS	0.16386124	0.33408523	29718	29718	59436	0.90995448
GM12878	sage	test_inter	K562	chrX	11	SNS	0.066778581	0.31393221	29718	29718	59436	0.9155632
GM12878	sage	test_inter	K562	chrX	12	CNS	0.42532677	0.47312909	19332	19332	38664	0.84961198
GM12878	sage	test_inter	K562	chrX	12	MNS	0.19467057	0.34590001	19332	19332	38664	0.89730128
GM12878	sage	test_inter	K562	chrX	12	SNS	0.052288359	0.31239442	19332	19332	38664	0.90841446
GM12878	sage	test_inter	K562	chrX	13	CNS	0.41646891	0.4622598	52030	52030	104060	0.86538975
GM12878	sage	test_inter	K562	chrX	13	MNS	0.15354167	0.33153542	52030	52030	104060	0.91212867
GM12878	sage	test_inter	K562	chrX	13	SNS	0.10542661	0.31965761	52030	52030	104060	0.91519732
GM12878	sage	test_inter	K562	chrX	14	CNS	0.40466033	0.4583803	54898	54898	109796	0.8608912
GM12878	sage	test_inter	K562	chrX	14	MNS	0.14479637	0.32902511	54898	54898	109796	0.90699289
GM12878	sage	test_inter	K562	chrX	14	SNS	0.087034464	0.31630653	54898	54898	109796	0.91130415
GM12878	sage	test_inter	K562	chrX	15	CNS	0.43696124	0.47380513	45934	45934	91868	0.88784435
GM12878	sage	test_inter	K562	chrX	15	MNS	0.17695092	0.33848991	45934	45934	91868	0.92752773
GM12878	sage	test_inter	K562	chrX	15	SNS	0.14059479	0.3274702	45934	45934	91868	0.92873938
GM12878	sage	test_inter	K562	chrX	16	CNS	0.44310745	0.47697392	39968	39968	79936	0.88846258
GM12878	sage	test_inter	K562	chrX	16	MNS	0.17431435	0.33778801	39968	39968	79936	0.92915538
GM12878	sage	test_inter	K562	chrX	16	SNS	0.15254498	0.33091826	39968	39968	79936	0.92998794
GM12878	sage	test_inter	K562	chrX	17	CNS	0.44669762	0.48047013	37428	37428	74856	0.88962892
GM12878	sage	test_inter	K562	chrX	17	MNS	0.17721017	0.33845617	37428	37428	74856	0.92985021
GM12878	sage	test_inter	K562	chrX	17	SNS	0.14271712	0.32794134	37428	37428	74856	0.93063734
GM12878	sage	test_inter	K562	chrX	18	CNS	0.46532451	0.48762161	30825	30825	61650	0.8871012
GM12878	sage	test_inter	K562	chrX	18	MNS	0.16985003	0.33572179	30825	30825	61650	0.93216155
GM12878	sage	test_inter	K562	chrX	18	SNS	0.16089135	0.33338009	30825	30825	61650	0.93236989
GM12878	sage	test_inter	K562	chrX	19	CNS	0.44089947	0.47232855	42460	42460	84920	0.89999453
GM12878	sage	test_inter	K562	chrX	19	MNS	0.18842295	0.34294623	42460	42460	84920	0.93523224
GM12878	sage	test_inter	K562	chrX	19	SNS	0.17154466	0.33715198	42460	42460	84920	0.93537659
GM12878	sage	test_inter	K562	chrX	2	CNS	0.40907915	0.45940283	56660	56660	113320	0.87061912
GM12878	sage	test_inter	K562	chrX	2	MNS	0.14416564	0.32858169	56660	56660	113320	0.91382437
GM12878	sage	test_inter	K562	chrX	2	SNS	0.08651297	0.31628595	56660	56660	113320	0.91720618
GM12878	sage	test_inter	K562	chrX	20	CNS	0.41324581	0.46353018	50788	50788	101576	0.85459217
GM12878	sage	test_inter	K562	chrX	20	MNS	0.14733591	0.33055941	50788	50788	101576	0.90545757
GM12878	sage	test_inter	K562	chrX	20	SNS	0.091626933	0.3170529	50788	50788	101576	0.90929233
GM12878	sage	test_inter	K562	chrX	21	CNS	0.41750359	0.46563732	50039	50039	100078	0.86327657
GM12878	sage	test_inter	K562	chrX	21	MNS	0.14630023	0.32913074	50039	50039	100078	0.91077471
GM12878	sage	test_inter	K562	chrX	21	SNS	0.095316292	0.31769267	50039	50039	100078	0.91374868
GM12878	sage	test_inter	K562	chrX	22	CNS	0.41530275	0.45767964	54967	54967	109934	0.88207193
GM12878	sage	test_inter	K562	chrX	22	MNS	0.16114155	0.33341166	54967	54967	109934	0.9216186
GM12878	sage	test_inter	K562	chrX	22	SNS	0.13328789	0.32632323	54967	54967	109934	0.92332786
GM12878	sage	test_inter	K562	chrX	23	CNS	0.405691	0.45857605	51834	51834	103668	0.84770275
GM12878	sage	test_inter	K562	chrX	23	MNS	0.13717682	0.32676856	51834	51834	103668	0.89973845
GM12878	sage	test_inter	K562	chrX	23	SNS	0.079148354	0.31485414	51834	51834	103668	0.90511296
GM12878	sage	test_inter	K562	chrX	24	CNS	0.40535204	0.4551415	53099	53099	106198	0.8591379
GM12878	sage	test_inter	K562	chrX	24	MNS	0.14929121	0.33021166	53099	53099	106198	0.90687792
GM12878	sage	test_inter	K562	chrX	24	SNS	0.098008124	0.3180522	53099	53099	106198	0.91080329
GM12878	sage	test_inter	K562	chrX	25	CNS	0.43136023	0.46509707	47187	47187	94374	0.88892266
GM12878	sage	test_inter	K562	chrX	25	MNS	0.17580116	0.3387293	47187	47187	94374	0.92784729
GM12878	sage	test_inter	K562	chrX	25	SNS	0.15665922	0.33288761	47187	47187	94374	0.92935099
GM12878	sage	test_inter	K562	chrX	26	CNS	0.40426587	0.45451064	58339	58339	116678	0.8672182
GM12878	sage	test_inter	K562	chrX	26	MNS	0.14174673	0.32856358	58339	58339	116678	0.91154827
GM12878	sage	test_inter	K562	chrX	26	SNS	0.093525141	0.31775174	58339	58339	116678	0.9147983
GM12878	sage	test_inter	K562	chrX	27	CNS	0.40641844	0.45718633	54185	54185	108370	0.8689627
GM12878	sage	test_inter	K562	chrX	27	MNS	0.14196507	0.3282871	54185	54185	108370	0.91247289
GM12878	sage	test_inter	K562	chrX	27	SNS	0.086216311	0.31620451	54185	54185	108370	0.91586059
GM12878	sage	test_inter	K562	chrX	28	CNS	0.44303455	0.4737942	40118	40118	80236	0.90115848
GM12878	sage	test_inter	K562	chrX	28	MNS	0.18828071	0.34230991	40118	40118	80236	0.93657519
GM12878	sage	test_inter	K562	chrX	28	SNS	0.17450077	0.33742317	40118	40118	80236	0.93689821
GM12878	sage	test_inter	K562	chrX	29	CNS	0.43431972	0.47093244	45195	45195	90390	0.89941231
GM12878	sage	test_inter	K562	chrX	29	MNS	0.17402744	0.33717133	45195	45195	90390	0.93417375
GM12878	sage	test_inter	K562	chrX	29	SNS	0.14367576	0.32819408	45195	45195	90390	0.93497993
GM12878	sage	test_inter	K562	chrX	3	CNS	0.40082442	0.4573641	58765	58765	117530	0.86149018
GM12878	sage	test_inter	K562	chrX	3	MNS	0.13269159	0.32584234	58765	58765	117530	0.90730698
GM12878	sage	test_inter	K562	chrX	3	SNS	0.073920546	0.3142134	58765	58765	117530	0.91135491
GM12878	sage	test_inter	K562	chrX	30	CNS	0.39026304	0.45171415	57089	57089	114178	0.84135794
GM12878	sage	test_inter	K562	chrX	30	MNS	0.11172482	0.32092698	57089	57089	114178	0.8949695
GM12878	sage	test_inter	K562	chrX	30	SNS	0.050552531	0.31111402	57089	57089	114178	0.90077705
GM12878	sage	test_inter	K562	chrX	31	CNS	0.39269714	0.45211632	56907	56907	113814	0.84872515
GM12878	sage	test_inter	K562	chrX	31	MNS	0.11301832	0.32134238	56907	56907	113814	0.8995179
GM12878	sage	test_inter	K562	chrX	31	SNS	0.052177026	0.31126689	56907	56907	113814	0.90497112
GM12878	sage	test_inter	K562	chrX	4	CNS	0.40730856	0.4556618	55777	55777	111554	0.87176271
GM12878	sage	test_inter	K562	chrX	4	MNS	0.15536479	0.33243301	55777	55777	111554	0.9140508
GM12878	sage	test_inter	K562	chrX	4	SNS	0.10605628	0.32013007	55777	55777	111554	0.91715167
GM12878	sage	test_inter	K562	chrX	5	CNS	0.4347009	0.47136078	43965	43965	87930	0.89463658
GM12878	sage	test_inter	K562	chrX	5	MNS	0.16425277	0.33423775	43965	43965	87930	0.93139442
GM12878	sage	test_inter	K562	chrX	5	SNS	0.13666764	0.32694323	43965	43965	87930	0.93205693
GM12878	sage	test_inter	K562	chrX	6	CNS	0.42835184	0.46777684	47533	47533	95066	0.88073767
GM12878	sage	test_inter	K562	chrX	6	MNS	0.16054767	0.33328597	47533	47533	95066	0.92227575
GM12878	sage	test_inter	K562	chrX	6	SNS	0.11857408	0.32241508	47533	47533	95066	0.92433435
GM12878	sage	test_inter	K562	chrX	7	CNS	0.41802447	0.46824135	47637	47637	95274	0.85828772
GM12878	sage	test_inter	K562	chrX	7	MNS	0.12893887	0.32448133	47637	47637	95274	0.90782018
GM12878	sage	test_inter	K562	chrX	7	SNS	0.072939223	0.3142042	47637	47637	95274	0.91170725
GM12878	sage	test_inter	K562	chrX	8	CNS	0.40121474	0.45428912	58367	58367	116734	0.85605137
GM12878	sage	test_inter	K562	chrX	8	MNS	0.13672407	0.32710979	58367	58367	116734	0.90447035
GM12878	sage	test_inter	K562	chrX	8	SNS	0.085933435	0.3160516	58367	58367	116734	0.90877788
GM12878	sage	test_inter	K562	chrX	9	CNS	0.38400965	0.44892122	58552	58552	117104	0.85146453
GM12878	sage	test_inter	K562	chrX	9	MNS	0.12234942	0.32336566	58552	58552	117104	0.8988555
GM12878	sage	test_inter	K562	chrX	9	SNS	0.055856095	0.31177209	58552	58552	117104	0.90441356
GM12878	sage	test_intra	GM12878	chr14	0	CNS	0.35504105	0.43086747	34537	34537	69074	0.79168011
GM12878	sage	test_intra	GM12878	chr14	0	MNS	0.17962266	0.33878518	34537	34537	69074	0.83951253
GM12878	sage	test_intra	GM12878	chr14	0	SNS	0.028473966	0.30908	34537	34537	69074	0.87168596
GM12878	sage	test_intra	GM12878	chr14	1	CNS	0.31713865	0.40915277	119336	119336	238672	0.81144992
GM12878	sage	test_intra	GM12878	chr14	1	MNS	0.11016189	0.32104477	119336	119336	238672	0.86653287
GM12878	sage	test_intra	GM12878	chr14	1	SNS	0.05109652	0.31064662	119336	119336	238672	0.87560992
GM12878	sage	test_intra	GM12878	chr14	10	CNS	0.32389226	0.41199034	135449	135449	270898	0.84084557
GM12878	sage	test_intra	GM12878	chr14	10	MNS	0.10703003	0.32021341	135449	135449	270898	0.88465694
GM12878	sage	test_intra	GM12878	chr14	10	SNS	0.048484398	0.31064855	135449	135449	270898	0.89154907
GM12878	sage	test_intra	GM12878	chr14	11	CNS	0.31182992	0.40656265	142011	142011	284022	0.82648764
GM12878	sage	test_intra	GM12878	chr14	11	MNS	0.10004899	0.31875803	142011	142011	284022	0.87494829
GM12878	sage	test_intra	GM12878	chr14	11	SNS	0.043215533	0.30995727	142011	142011	284022	0.88326163
GM12878	sage	test_intra	GM12878	chr14	12	CNS	0.34217753	0.42388578	117626	117626	235252	0.83196812
GM12878	sage	test_intra	GM12878	chr14	12	MNS	0.1048131	0.31946056	117626	117626	235252	0.88186959
GM12878	sage	test_intra	GM12878	chr14	12	SNS	0.048507997	0.3108006	117626	117626	235252	0.88893084
GM12878	sage	test_intra	GM12878	chr14	13	CNS	0.38480552	0.44112009	97129	97129	194258	0.87523579
GM12878	sage	test_intra	GM12878	chr14	13	MNS	0.15702412	0.33259223	97129	97129	194258	0.91264352
GM12878	sage	test_intra	GM12878	chr14	13	SNS	0.12422262	0.32393022	97129	97129	194258	0.91470541
GM12878	sage	test_intra	GM12878	chr14	14	CNS	0.35330304	0.4301757	111900	111900	223800	0.84285268
GM12878	sage	test_intra	GM12878	chr14	14	MNS	0.11354668	0.32126369	111900	111900	223800	0.88955181
GM12878	sage	test_intra	GM12878	chr14	14	SNS	0.055584245	0.31176754	111900	111900	223800	0.89534273
GM12878	sage	test_intra	GM12878	chr14	15	CNS	0.32409983	0.41328021	130603	130603	261206	0.83542192
GM12878	sage	test_intra	GM12878	chr14	15	MNS	0.11206627	0.32125975	130603	130603	261206	0.88145183
GM12878	sage	test_intra	GM12878	chr14	15	SNS	0.057293414	0.3115914	130603	130603	261206	0.88817255
GM12878	sage	test_intra	GM12878	chr14	16	CNS	0.36107553	0.42699624	112314	112314	224628	0.85338976
GM12878	sage	test_intra	GM12878	chr14	16	MNS	0.14743805	0.33052336	112314	112314	224628	0.89677962
GM12878	sage	test_intra	GM12878	chr14	16	SNS	0.099870308	0.31854647	112314	112314	224628	0.90118774
GM12878	sage	test_intra	GM12878	chr14	17	CNS	0.31869811	0.41198269	109891	109891	219782	0.80334604
GM12878	sage	test_intra	GM12878	chr14	17	MNS	0.097992912	0.31824876	109891	109891	219782	0.86213533
GM12878	sage	test_intra	GM12878	chr14	17	SNS	0.036572611	0.30926549	109891	109891	219782	0.8728254
GM12878	sage	test_intra	GM12878	chr14	18	CNS	0.32319636	0.41482183	105259	105259	210518	0.81342673
GM12878	sage	test_intra	GM12878	chr14	18	MNS	0.10426521	0.31955316	105259	105259	210518	0.86765795
GM12878	sage	test_intra	GM12878	chr14	18	SNS	0.042477688	0.30988343	105259	105259	210518	0.87751897
GM12878	sage	test_intra	GM12878	chr14	2	CNS	0.38123195	0.44252193	95633	95633	191266	0.85850232
GM12878	sage	test_intra	GM12878	chr14	2	MNS	0.13430469	0.32584694	95633	95633	191266	0.90261869
GM12878	sage	test_intra	GM12878	chr14	2	SNS	0.088367346	0.31648793	95633	95633	191266	0.9062154
GM12878	sage	test_intra	GM12878	chr14	3	CNS	0.33851555	0.4150756	129606	129606	259212	0.85355773
GM12878	sage	test_intra	GM12878	chr14	3	MNS	0.12907031	0.32577635	129606	129606	259212	0.89361977
GM12878	sage	test_intra	GM12878	chr14	3	SNS	0.077276543	0.31479108	129606	129606	259212	0.89908453
GM12878	sage	test_intra	GM12878	chr14	4	CNS	0.36741083	0.43671793	105529	105529	211058	0.8494506
GM12878	sage	test_intra	GM12878	chr14	4	MNS	0.1257818	0.32425324	105529	105529	211058	0.89564683
GM12878	sage	test_intra	GM12878	chr14	4	SNS	0.073821015	0.31405923	105529	105529	211058	0.90034323
GM12878	sage	test_intra	GM12878	chr14	5	CNS	0.38328901	0.44072042	95864	95864	191728	0.87020598
GM12878	sage	test_intra	GM12878	chr14	5	MNS	0.16338679	0.33436765	95864	95864	191728	0.90955677
GM12878	sage	test_intra	GM12878	chr14	5	SNS	0.12400328	0.32344543	95864	95864	191728	0.91231804
GM12878	sage	test_intra	GM12878	chr14	6	CNS	0.35402151	0.42993013	108457	108457	216914	0.8398672
GM12878	sage	test_intra	GM12878	chr14	6	MNS	0.12175797	0.32285808	108457	108457	216914	0.88668911
GM12878	sage	test_intra	GM12878	chr14	6	SNS	0.061554233	0.31238983	108457	108457	216914	0.89361157
GM12878	sage	test_intra	GM12878	chr14	7	CNS	0.33467907	0.41805283	127823	127823	255646	0.83943086
GM12878	sage	test_intra	GM12878	chr14	7	MNS	0.11528921	0.32185545	127823	127823	255646	0.88525854
GM12878	sage	test_intra	GM12878	chr14	7	SNS	0.059246398	0.31187525	127823	127823	255646	0.89176528
GM12878	sage	test_intra	GM12878	chr14	8	CNS	0.34367013	0.42370087	122596	122596	245192	0.84560703
GM12878	sage	test_intra	GM12878	chr14	8	MNS	0.11540789	0.32180448	122596	122596	245192	0.89008792
GM12878	sage	test_intra	GM12878	chr14	8	SNS	0.059221413	0.31201401	122596	122596	245192	0.89590001
GM12878	sage	test_intra	GM12878	chr14	9	CNS	0.32932501	0.41384068	129173	129173	258346	0.83046664
GM12878	sage	test_intra	GM12878	chr14	9	MNS	0.10558013	0.31970162	129173	129173	258346	0.87946458
GM12878	sage	test_intra	GM12878	chr14	9	SNS	0.049009358	0.31069481	129173	129173	258346	0.88692426
GM12878	sage	test_intra	GM12878	chr22	0	CNS	0.40738849	0.45654703	15145	15145	30290	0.8602246
GM12878	sage	test_intra	GM12878	chr22	0	MNS	0.21806482	0.35447972	15145	15145	30290	0.90116923
GM12878	sage	test_intra	GM12878	chr22	0	SNS	0.10690687	0.32190488	15145	15145	30290	0.90847826
GM12878	sage	test_intra	GM12878	chr22	1	CNS	0.33949281	0.42331707	82786	82786	165572	0.8017501
GM12878	sage	test_intra	GM12878	chr22	1	MNS	0.10085518	0.3187751	82786	82786	165572	0.86266431
GM12878	sage	test_intra	GM12878	chr22	1	SNS	0.035225513	0.30924913	82786	82786	165572	0.87503926
GM12878	sage	test_intra	GM12878	chr22	2	CNS	0.32554988	0.41495873	111320	111320	222640	0.82015996
GM12878	sage	test_intra	GM12878	chr22	2	MNS	0.11553467	0.3222412	111320	111320	222640	0.87244915
GM12878	sage	test_intra	GM12878	chr22	2	SNS	0.057163108	0.31144955	111320	111320	222640	0.88061002
GM12878	sage	test_intra	GM12878	chr22	3	CNS	0.32924591	0.41442579	132315	132315	264630	0.84330445
GM12878	sage	test_intra	GM12878	chr22	3	MNS	0.11528156	0.3218054	132315	132315	264630	0.88638559
GM12878	sage	test_intra	GM12878	chr22	3	SNS	0.058901644	0.31187801	132315	132315	264630	0.89276413
GM12878	sage	test_intra	GM12878	chr22	4	CNS	0.33071302	0.41527134	131392	131392	262784	0.84593894
GM12878	sage	test_intra	GM12878	chr22	4	MNS	0.11901772	0.32260878	131392	131392	262784	0.8880356
GM12878	sage	test_intra	GM12878	chr22	4	SNS	0.060899535	0.31220597	131392	131392	262784	0.89424923
GM12878	sage	test_intra	GM12878	chr22	5	CNS	0.30630013	0.40431765	136281	136281	272562	0.81508012
GM12878	sage	test_intra	GM12878	chr22	5	MNS	0.091674286	0.31711567	136281	136281	272562	0.86786481
GM12878	sage	test_intra	GM12878	chr22	5	SNS	0.037063995	0.30931483	136281	136281	272562	0.87693792
GM12878	sage	test_intra	GM12878	chr22	6	CNS	0.30965638	0.40590661	132492	132492	264984	0.81379866
GM12878	sage	test_intra	GM12878	chr22	6	MNS	0.090629561	0.31689553	132492	132492	264984	0.86739745
GM12878	sage	test_intra	GM12878	chr22	6	SNS	0.035698974	0.30928514	132492	132492	264984	0.87661841
GM12878	sage	test_intra	GM12878	chr22	7	CNS	0.35603708	0.42744295	107163	107163	214326	0.84174364
GM12878	sage	test_intra	GM12878	chr22	7	MNS	0.12688091	0.32458361	107163	107163	214326	0.88938328
GM12878	sage	test_intra	GM12878	chr22	7	SNS	0.075066825	0.3141187	107163	107163	214326	0.89497989
GM12878	sage	test_intra	GM12878	chr22	8	CNS	0.35475876	0.42699038	106070	106070	212140	0.83912779
GM12878	sage	test_intra	GM12878	chr22	8	MNS	0.12501099	0.32414833	106070	106070	212140	0.88762753
GM12878	sage	test_intra	GM12878	chr22	8	SNS	0.073274807	0.31384759	106070	106070	212140	0.89355353
GM12878	sage	test_intra	GM12878	chrX	0	CNS	0.37460968	0.43854955	88441	88441	176882	0.85825322
GM12878	sage	test_intra	GM12878	chrX	0	MNS	0.13941307	0.32801173	88441	88441	176882	0.90131906
GM12878	sage	test_intra	GM12878	chrX	0	SNS	0.077941759	0.31477584	88441	88441	176882	0.90586079
GM12878	sage	test_intra	GM12878	chrX	1	CNS	0.39856043	0.45207113	83606	83606	167212	0.86969512
GM12878	sage	test_intra	GM12878	chrX	1	MNS	0.14409385	0.32844382	83606	83606	167212	0.91168589
GM12878	sage	test_intra	GM12878	chrX	1	SNS	0.10031924	0.31863278	83606	83606	167212	0.91427153
GM12878	sage	test_intra	GM12878	chrX	10	CNS	0.38868138	0.44831016	78976	78976	157952	0.85364509
GM12878	sage	test_intra	GM12878	chrX	10	MNS	0.14182386	0.32843995	78976	78976	157952	0.90029079
GM12878	sage	test_intra	GM12878	chrX	10	SNS	0.093157737	0.31745812	78976	78976	157952	0.90458615
GM12878	sage	test_intra	GM12878	chrX	11	CNS	0.3875028	0.44681849	48710	48710	97420	0.84791291
GM12878	sage	test_intra	GM12878	chrX	11	MNS	0.1544303	0.33163797	48710	48710	97420	0.89425494
GM12878	sage	test_intra	GM12878	chrX	11	SNS	0.056344281	0.31250642	48710	48710	97420	0.90236957
GM12878	sage	test_intra	GM12878	chrX	12	CNS	0.39106853	0.45075911	29663	29663	59326	0.83077347
GM12878	sage	test_intra	GM12878	chrX	12	MNS	0.17946848	0.34094537	29663	29663	59326	0.87956416
GM12878	sage	test_intra	GM12878	chrX	12	SNS	0.044682201	0.31128247	29663	29663	59326	0.89428644
GM12878	sage	test_intra	GM12878	chrX	13	CNS	0.40050387	0.45367444	75029	75029	150058	0.85779923
GM12878	sage	test_intra	GM12878	chrX	13	MNS	0.1450776	0.32930482	75029	75029	150058	0.90534277
GM12878	sage	test_intra	GM12878	chrX	13	SNS	0.10256433	0.3191654	75029	75029	150058	0.90837009
GM12878	sage	test_intra	GM12878	chrX	14	CNS	0.38252709	0.44550973	79427	79427	158854	0.83754137
GM12878	sage	test_intra	GM12878	chrX	14	MNS	0.13741701	0.32768636	79427	79427	158854	0.89072193
GM12878	sage	test_intra	GM12878	chrX	14	SNS	0.087939871	0.31651691	79427	79427	158854	0.89595109
GM12878	sage	test_intra	GM12878	chrX	15	CNS	0.39481159	0.45072933	81500	81500	163000	0.86117044
GM12878	sage	test_intra	GM12878	chrX	15	MNS	0.14706151	0.33000136	81500	81500	163000	0.90581638
GM12878	sage	test_intra	GM12878	chrX	15	SNS	0.098440506	0.31837465	81500	81500	163000	0.90921798
GM12878	sage	test_intra	GM12878	chrX	16	CNS	0.41279579	0.46000696	67524	67524	135048	0.86320526
GM12878	sage	test_intra	GM12878	chrX	16	MNS	0.15723239	0.33275052	67524	67524	135048	0.90991279
GM12878	sage	test_intra	GM12878	chrX	16	SNS	0.12079717	0.32294359	67524	67524	135048	0.91228399
GM12878	sage	test_intra	GM12878	chrX	17	CNS	0.41772855	0.46436485	61699	61699	123398	0.85959409
GM12878	sage	test_intra	GM12878	chrX	17	MNS	0.15046884	0.33039255	61699	61699	123398	0.90828698
GM12878	sage	test_intra	GM12878	chrX	17	SNS	0.10743291	0.32003813	61699	61699	123398	0.91099617
GM12878	sage	test_intra	GM12878	chrX	18	CNS	0.43627896	0.47274397	50744	50744	101488	0.85512627
GM12878	sage	test_intra	GM12878	chrX	18	MNS	0.15463833	0.33164587	50744	50744	101488	0.90926818
GM12878	sage	test_intra	GM12878	chrX	18	SNS	0.12560286	0.32421654	50744	50744	101488	0.91140836
GM12878	sage	test_intra	GM12878	chrX	19	CNS	0.40521972	0.45400376	73186	73186	146372	0.86765138
GM12878	sage	test_intra	GM12878	chrX	19	MNS	0.17151553	0.33838986	73186	73186	146372	0.91109142
GM12878	sage	test_intra	GM12878	chrX	19	SNS	0.13062095	0.32565146	73186	73186	146372	0.91367004
GM12878	sage	test_intra	GM12878	chrX	2	CNS	0.37241794	0.44014029	92575	92575	185150	0.84653102
GM12878	sage	test_intra	GM12878	chrX	2	MNS	0.129505	0.32537782	92575	92575	185150	0.89459741
GM12878	sage	test_intra	GM12878	chrX	2	SNS	0.074069929	0.31411513	92575	92575	185150	0.89966649
GM12878	sage	test_intra	GM12878	chrX	20	CNS	0.39216119	0.44993503	73886	73886	147772	0.8324584
GM12878	sage	test_intra	GM12878	chrX	20	MNS	0.13517144	0.32722488	73886	73886	147772	0.89027771
GM12878	sage	test_intra	GM12878	chrX	20	SNS	0.0873603	0.31626219	73886	73886	147772	0.89519026
GM12878	sage	test_intra	GM12878	chrX	21	CNS	0.38941172	0.45056451	78364	78364	156728	0.84111648
GM12878	sage	test_intra	GM12878	chrX	21	MNS	0.1266539	0.32441905	78364	78364	156728	0.89411929
GM12878	sage	test_intra	GM12878	chrX	21	SNS	0.075843524	0.31438281	78364	78364	156728	0.898755
GM12878	sage	test_intra	GM12878	chrX	22	CNS	0.39888144	0.45318516	76902	76902	153804	0.85482177
GM12878	sage	test_intra	GM12878	chrX	22	MNS	0.14305878	0.32879145	76902	76902	153804	0.90314037
GM12878	sage	test_intra	GM12878	chrX	22	SNS	0.096141052	0.31786492	76902	76902	153804	0.90651876
GM12878	sage	test_intra	GM12878	chrX	23	CNS	0.38291638	0.44353737	76114	76114	152228	0.8361938
GM12878	sage	test_intra	GM12878	chrX	23	MNS	0.13364995	0.32574168	76114	76114	152228	0.8897897
GM12878	sage	test_intra	GM12878	chrX	23	SNS	0.079204824	0.31479814	76114	76114	152228	0.8956056
GM12878	sage	test_intra	GM12878	chrX	24	CNS	0.38573275	0.44315141	79192	79192	158384	0.84818486
GM12878	sage	test_intra	GM12878	chrX	24	MNS	0.14588876	0.32966813	79192	79192	158384	0.89767849
GM12878	sage	test_intra	GM12878	chrX	24	SNS	0.097394522	0.31791908	79192	79192	158384	0.90189708
GM12878	sage	test_intra	GM12878	chrX	25	CNS	0.40958023	0.45459725	68732	68732	137464	0.85877737
GM12878	sage	test_intra	GM12878	chrX	25	MNS	0.16007956	0.33331787	68732	68732	137464	0.90731826
GM12878	sage	test_intra	GM12878	chrX	25	SNS	0.1299901	0.3251003	68732	68732	137464	0.90988229
GM12878	sage	test_intra	GM12878	chrX	26	CNS	0.38702916	0.44294732	85313	85313	170626	0.85561925
GM12878	sage	test_intra	GM12878	chrX	26	MNS	0.14635456	0.33009007	85313	85313	170626	0.90211394
GM12878	sage	test_intra	GM12878	chrX	26	SNS	0.10328998	0.31956426	85313	85313	170626	0.90561502
GM12878	sage	test_intra	GM12878	chrX	27	CNS	0.38946967	0.44959481	75569	75569	151138	0.83944069
GM12878	sage	test_intra	GM12878	chrX	27	MNS	0.12761259	0.32480269	75569	75569	151138	0.89317997
GM12878	sage	test_intra	GM12878	chrX	27	SNS	0.07824552	0.3147805	75569	75569	151138	0.89785657
GM12878	sage	test_intra	GM12878	chrX	28	CNS	0.41585509	0.45914473	63816	63816	127632	0.87641802
GM12878	sage	test_intra	GM12878	chrX	28	MNS	0.17344308	0.33770568	63816	63816	127632	0.91823704
GM12878	sage	test_intra	GM12878	chrX	28	SNS	0.14656264	0.3293138	63816	63816	127632	0.91958062
GM12878	sage	test_intra	GM12878	chrX	29	CNS	0.40750657	0.45763639	71009	71009	142018	0.86888232
GM12878	sage	test_intra	GM12878	chrX	29	MNS	0.14777125	0.32968083	71009	71009	142018	0.91221321
GM12878	sage	test_intra	GM12878	chrX	29	SNS	0.10610043	0.31984969	71009	71009	142018	0.91452475
GM12878	sage	test_intra	GM12878	chrX	3	CNS	0.36947172	0.43737745	91865	91865	183730	0.84148895
GM12878	sage	test_intra	GM12878	chrX	3	MNS	0.12226777	0.32361346	91865	91865	183730	0.89115227
GM12878	sage	test_intra	GM12878	chrX	3	SNS	0.069902397	0.31353464	91865	91865	183730	0.89639752
GM12878	sage	test_intra	GM12878	chrX	30	CNS	0.38767735	0.44880669	73169	73169	146338	0.83300799
GM12878	sage	test_intra	GM12878	chrX	30	MNS	0.12433143	0.323903	73169	73169	146338	0.88945129
GM12878	sage	test_intra	GM12878	chrX	30	SNS	0.075246518	0.31421584	73169	73169	146338	0.89479231
GM12878	sage	test_intra	GM12878	chrX	31	CNS	0.38650607	0.45037937	72160	72160	144320	0.83086482
GM12878	sage	test_intra	GM12878	chrX	31	MNS	0.11566829	0.32207017	72160	72160	144320	0.8881585
GM12878	sage	test_intra	GM12878	chrX	31	SNS	0.06693139	0.31313689	72160	72160	144320	0.89371912
GM12878	sage	test_intra	GM12878	chrX	4	CNS	0.37709555	0.43904006	87203	87203	174406	0.84467273
GM12878	sage	test_intra	GM12878	chrX	4	MNS	0.13510887	0.32698423	87203	87203	174406	0.89383258
GM12878	sage	test_intra	GM12878	chrX	4	SNS	0.084438368	0.3159369	87203	87203	174406	0.89885548
GM12878	sage	test_intra	GM12878	chrX	5	CNS	0.39703565	0.45138307	73860	73860	147720	0.85280392
GM12878	sage	test_intra	GM12878	chrX	5	MNS	0.13366796	0.32608978	73860	73860	147720	0.90194858
GM12878	sage	test_intra	GM12878	chrX	5	SNS	0.091140891	0.31716464	73860	73860	147720	0.90533214
GM12878	sage	test_intra	GM12878	chrX	6	CNS	0.3919611	0.4512542	75640	75640	151280	0.83970759
GM12878	sage	test_intra	GM12878	chrX	6	MNS	0.12873562	0.32489429	75640	75640	151280	0.89336049
GM12878	sage	test_intra	GM12878	chrX	6	SNS	0.079710841	0.3150484	75640	75640	151280	0.89806947
GM12878	sage	test_intra	GM12878	chrX	7	CNS	0.38054871	0.44719428	75475	75475	150950	0.83408193
GM12878	sage	test_intra	GM12878	chrX	7	MNS	0.11072537	0.32065648	75475	75475	150950	0.88841046
GM12878	sage	test_intra	GM12878	chrX	7	SNS	0.058812719	0.31211386	75475	75475	150950	0.89423896
GM12878	sage	test_intra	GM12878	chrX	8	CNS	0.37215895	0.43872509	94598	94598	189196	0.84747923
GM12878	sage	test_intra	GM12878	chrX	8	MNS	0.12554395	0.32415161	94598	94598	189196	0.89502681
GM12878	sage	test_intra	GM12878	chrX	8	SNS	0.073283955	0.31394845	94598	94598	189196	0.90006552
GM12878	sage	test_intra	GM12878	chrX	9	CNS	0.36354392	0.43642245	86696	86696	173392	0.84171762
GM12878	sage	test_intra	GM12878	chrX	9	MNS	0.12670486	0.32473297	86696	86696	173392	0.88966569
GM12878	sage	test_intra	GM12878	chrX	9	SNS	0.065580736	0.3128932	86696	86696	173392	0.89572737
GM12878	sage	valid	GM12878	chr13	0	CNS	0.34107995	0.42164854	57728	57728	115456	0.80104975
GM12878	sage	valid	GM12878	chr13	0	MNS	0.12323849	0.32320569	57728	57728	115456	0.85497793
GM12878	sage	valid	GM12878	chr13	0	SNS	0.02166701	0.30866239	57728	57728	115456	0.8753318
GM12878	sage	valid	GM12878	chr13	1	CNS	0.34344275	0.4217594	120737	120737	241474	0.84142094
GM12878	sage	valid	GM12878	chr13	1	MNS	0.12231718	0.32351856	120737	120737	241474	0.88766764
GM12878	sage	valid	GM12878	chr13	1	SNS	0.066918771	0.3129094	120737	120737	241474	0.89370863
GM12878	sage	valid	GM12878	chr13	10	CNS	0.37836878	0.4432974	90593	90593	181186	0.84501217
GM12878	sage	valid	GM12878	chr13	10	MNS	0.12407066	0.3235441	90593	90593	181186	0.89465552
GM12878	sage	valid	GM12878	chr13	10	SNS	0.077610162	0.31465307	90593	90593	181186	0.89893694
GM12878	sage	valid	GM12878	chr13	11	CNS	0.3572306	0.42841866	111617	111617	223234	0.86080522
GM12878	sage	valid	GM12878	chr13	11	MNS	0.13789493	0.32723087	111617	111617	223234	0.90048919
GM12878	sage	valid	GM12878	chr13	11	SNS	0.086475865	0.31613176	111617	111617	223234	0.90436608
GM12878	sage	valid	GM12878	chr13	12	CNS	0.35354642	0.42659619	118623	118623	237246	0.84491486
GM12878	sage	valid	GM12878	chr13	12	MNS	0.12084145	0.32324825	118623	118623	237246	0.89131492
GM12878	sage	valid	GM12878	chr13	12	SNS	0.064973495	0.31278958	118623	118623	237246	0.89703103
GM12878	sage	valid	GM12878	chr13	13	CNS	0.38696767	0.44412627	93904	93904	187808	0.87267212
GM12878	sage	valid	GM12878	chr13	13	MNS	0.1512019	0.33105791	93904	93904	187808	0.91149409
GM12878	sage	valid	GM12878	chr13	13	SNS	0.1128598	0.32160856	93904	93904	187808	0.91403567
GM12878	sage	valid	GM12878	chr13	14	CNS	0.3892258	0.44343822	89961	89961	179922	0.88119887
GM12878	sage	valid	GM12878	chr13	14	MNS	0.1681082	0.33640145	89961	89961	179922	0.91662064
GM12878	sage	valid	GM12878	chr13	14	SNS	0.13697347	0.32720798	89961	89961	179922	0.91832159
GM12878	sage	valid	GM12878	chr13	15	CNS	0.36622361	0.4322578	108393	108393	216786	0.85690666
GM12878	sage	valid	GM12878	chr13	15	MNS	0.14043343	0.32812566	108393	108393	216786	0.89919703
GM12878	sage	valid	GM12878	chr13	15	SNS	0.094159003	0.3175236	108393	108393	216786	0.903454
GM12878	sage	valid	GM12878	chr13	16	CNS	0.34701106	0.4256957	122279	122279	244558	0.84999021
GM12878	sage	valid	GM12878	chr13	16	MNS	0.12667592	0.32520696	122279	122279	244558	0.89260823
GM12878	sage	valid	GM12878	chr13	16	SNS	0.068800968	0.31339823	122279	122279	244558	0.89817683
GM12878	sage	valid	GM12878	chr13	17	CNS	0.36941542	0.43534315	110680	110680	221360	0.87148985
GM12878	sage	valid	GM12878	chr13	17	MNS	0.1416157	0.32792271	110680	110680	221360	0.90848515
GM12878	sage	valid	GM12878	chr13	17	SNS	0.091452969	0.31708864	110680	110680	221360	0.91177391
GM12878	sage	valid	GM12878	chr13	18	CNS	0.37283258	0.43812554	105055	105055	210110	0.8485656
GM12878	sage	valid	GM12878	chr13	18	MNS	0.12114932	0.32303333	105055	105055	210110	0.89635697
GM12878	sage	valid	GM12878	chr13	18	SNS	0.071952033	0.31384345	105055	105055	210110	0.90080468
GM12878	sage	valid	GM12878	chr13	19	CNS	0.3585989	0.42998084	97053	97053	194106	0.83801038
GM12878	sage	valid	GM12878	chr13	19	MNS	0.11929309	0.32247183	97053	97053	194106	0.8881089
GM12878	sage	valid	GM12878	chr13	19	SNS	0.067324426	0.3130064	97053	97053	194106	0.89396427
GM12878	sage	valid	GM12878	chr13	2	CNS	0.33290943	0.41588292	129325	129325	258650	0.85132563
GM12878	sage	valid	GM12878	chr13	2	MNS	0.12304113	0.32369135	129325	129325	258650	0.89203732
GM12878	sage	valid	GM12878	chr13	2	SNS	0.067697693	0.31305433	129325	129325	258650	0.89767289
GM12878	sage	valid	GM12878	chr13	3	CNS	0.35042429	0.42539735	120273	120273	240546	0.86220586
GM12878	sage	valid	GM12878	chr13	3	MNS	0.1413137	0.32885233	120273	120273	240546	0.89995037
GM12878	sage	valid	GM12878	chr13	3	SNS	0.083755268	0.31569416	120273	120273	240546	0.90453411
GM12878	sage	valid	GM12878	chr13	4	CNS	0.35622618	0.42958693	115589	115589	231178	0.85262662
GM12878	sage	valid	GM12878	chr13	4	MNS	0.1172033	0.32200927	115589	115589	231178	0.89599535
GM12878	sage	valid	GM12878	chr13	4	SNS	0.065179615	0.31292233	115589	115589	231178	0.90085896
GM12878	sage	valid	GM12878	chr13	5	CNS	0.33250072	0.41437891	132737	132737	265474	0.85036126
GM12878	sage	valid	GM12878	chr13	5	MNS	0.11902711	0.32301454	132737	132737	265474	0.89155894
GM12878	sage	valid	GM12878	chr13	5	SNS	0.064856814	0.31270124	132737	132737	265474	0.89713717
GM12878	sage	valid	GM12878	chr13	6	CNS	0.33991655	0.41904124	127126	127126	254252	0.84982253
GM12878	sage	valid	GM12878	chr13	6	MNS	0.11822773	0.32256348	127126	127126	254252	0.89218927
GM12878	sage	valid	GM12878	chr13	6	SNS	0.063318601	0.31258153	127126	127126	254252	0.89769334
GM12878	sage	valid	GM12878	chr13	7	CNS	0.36478105	0.43743389	97200	97200	194400	0.83717585
GM12878	sage	valid	GM12878	chr13	7	MNS	0.11497903	0.32146322	97200	97200	194400	0.88752677
GM12878	sage	valid	GM12878	chr13	7	SNS	0.059430357	0.31221341	97200	97200	194400	0.89374904
GM12878	sage	valid	GM12878	chr13	8	CNS	0.37766833	0.44093919	99161	99161	198322	0.86030148
GM12878	sage	valid	GM12878	chr13	8	MNS	0.13792589	0.32721403	99161	99161	198322	0.9026743
GM12878	sage	valid	GM12878	chr13	8	SNS	0.086821721	0.31628474	99161	99161	198322	0.90648388
GM12878	sage	valid	GM12878	chr13	9	CNS	0.38767402	0.44406641	90884	90884	181768	0.86840561
GM12878	sage	valid	GM12878	chr13	9	MNS	0.15237473	0.3310806	90884	90884	181768	0.9093137
GM12878	sage	valid	GM12878	chr13	9	SNS	0.11460452	0.32150784	90884	90884	181768	0.91175822
GM12878	sage	valid	GM12878	chr15	0	CNS	0.41573128	0.4600556	10399	10399	20798	0.8312426
GM12878	sage	valid	GM12878	chr15	0	MNS	0.2044289	0.34511016	10399	10399	20798	0.87835233
GM12878	sage	valid	GM12878	chr15	0	SNS	0.066381413	0.31387215	10399	10399	20798	0.89696265
GM12878	sage	valid	GM12878	chr15	1	CNS	0.37972114	0.43888868	87018	87018	174036	0.88604962
GM12878	sage	valid	GM12878	chr15	1	MNS	0.1759959	0.33819285	87018	87018	174036	0.91819441
GM12878	sage	valid	GM12878	chr15	1	SNS	0.11909847	0.3224137	87018	87018	174036	0.92034838
GM12878	sage	valid	GM12878	chr15	10	CNS	0.33510974	0.41832382	127385	127385	254770	0.84452775
GM12878	sage	valid	GM12878	chr15	10	MNS	0.11441772	0.3215934	127385	127385	254770	0.88840618
GM12878	sage	valid	GM12878	chr15	10	SNS	0.059209307	0.31196442	127385	127385	254770	0.89437305
GM12878	sage	valid	GM12878	chr15	11	CNS	0.32097466	0.41290986	129900	129900	259800	0.82425739
GM12878	sage	valid	GM12878	chr15	11	MNS	0.10284722	0.31935013	129900	129900	259800	0.87476914
GM12878	sage	valid	GM12878	chr15	11	SNS	0.047785629	0.31043063	129900	129900	259800	0.88282946
GM12878	sage	valid	GM12878	chr15	12	CNS	0.32654617	0.41497971	126170	126170	252340	0.83043714
GM12878	sage	valid	GM12878	chr15	12	MNS	0.10419487	0.3194053	126170	126170	252340	0.87917811
GM12878	sage	valid	GM12878	chr15	12	SNS	0.047606772	0.310533	126170	126170	252340	0.8865324
GM12878	sage	valid	GM12878	chr15	13	CNS	0.33859823	0.42218221	105922	105922	211844	0.82178491
GM12878	sage	valid	GM12878	chr15	13	MNS	0.11384143	0.3215793	105922	105922	211844	0.87549812
GM12878	sage	valid	GM12878	chr15	13	SNS	0.057409169	0.31149875	105922	105922	211844	0.88353263
GM12878	sage	valid	GM12878	chr15	14	CNS	0.32693994	0.41616798	119161	119161	238322	0.80747568
GM12878	sage	valid	GM12878	chr15	14	MNS	0.1024097	0.31982634	119161	119161	238322	0.86611565
GM12878	sage	valid	GM12878	chr15	14	SNS	0.045967585	0.31015701	119161	119161	238322	0.87581875
GM12878	sage	valid	GM12878	chr15	15	CNS	0.36018008	0.4323915	114627	114627	229254	0.85786787
GM12878	sage	valid	GM12878	chr15	15	MNS	0.12588298	0.32400469	114627	114627	229254	0.89897365
GM12878	sage	valid	GM12878	chr15	15	SNS	0.07460273	0.31436946	114627	114627	229254	0.90324457
GM12878	sage	valid	GM12878	chr15	16	CNS	0.34790181	0.42712727	108728	108728	217456	0.8287751
GM12878	sage	valid	GM12878	chr15	16	MNS	0.11840314	0.32266365	108728	108728	217456	0.88094556
GM12878	sage	valid	GM12878	chr15	16	SNS	0.059928101	0.31196223	108728	108728	217456	0.88799045
GM12878	sage	valid	GM12878	chr15	2	CNS	0.36628044	0.43629449	84810	84810	169620	0.82700172
GM12878	sage	valid	GM12878	chr15	2	MNS	0.1163629	0.32187005	84810	84810	169620	0.88200836
GM12878	sage	valid	GM12878	chr15	2	SNS	0.062128913	0.31231382	84810	84810	169620	0.88946846
GM12878	sage	valid	GM12878	chr15	3	CNS	0.34373402	0.42434582	108841	108841	217682	0.84496217
GM12878	sage	valid	GM12878	chr15	3	MNS	0.12384063	0.32407087	108841	108841	217682	0.88885335
GM12878	sage	valid	GM12878	chr15	3	SNS	0.059993495	0.31213415	108841	108841	217682	0.89531432
GM12878	sage	valid	GM12878	chr15	4	CNS	0.3169441	0.41133179	126480	126480	252960	0.81153042
GM12878	sage	valid	GM12878	chr15	4	MNS	0.089475816	0.31670882	126480	126480	252960	0.86694188
GM12878	sage	valid	GM12878	chr15	4	SNS	0.032391992	0.309135	126480	126480	252960	0.87653436
GM12878	sage	valid	GM12878	chr15	5	CNS	0.3086986	0.40622024	127200	127200	254400	0.80873707
GM12878	sage	valid	GM12878	chr15	5	MNS	0.082870271	0.31562426	127200	127200	254400	0.86468157
GM12878	sage	valid	GM12878	chr15	5	SNS	0.028063599	0.30873876	127200	127200	254400	0.87456859
GM12878	sage	valid	GM12878	chr15	6	CNS	0.3313226	0.41683135	125620	125620	251240	0.84165694
GM12878	sage	valid	GM12878	chr15	6	MNS	0.11588841	0.32169381	125620	125620	251240	0.88578354
GM12878	sage	valid	GM12878	chr15	6	SNS	0.05603441	0.31160618	125620	125620	251240	0.89223688
GM12878	sage	valid	GM12878	chr15	7	CNS	0.34427786	0.41992664	120436	120436	240872	0.83636933
GM12878	sage	valid	GM12878	chr15	7	MNS	0.1196647	0.32304798	120436	120436	240872	0.88502276
GM12878	sage	valid	GM12878	chr15	7	SNS	0.067158142	0.31295052	120436	120436	240872	0.89129435
GM12878	sage	valid	GM12878	chr15	8	CNS	0.33393447	0.41773045	128991	128991	257982	0.84365991
GM12878	sage	valid	GM12878	chr15	8	MNS	0.12128048	0.32326809	128991	128991	257982	0.88740884
GM12878	sage	valid	GM12878	chr15	8	SNS	0.062646995	0.31235699	128991	128991	257982	0.89343137
GM12878	sage	valid	GM12878	chr15	9	CNS	0.30545849	0.40520156	137226	137226	274452	0.81662882
GM12878	sage	valid	GM12878	chr15	9	MNS	0.095665278	0.31809368	137226	137226	274452	0.86818235
GM12878	sage	valid	GM12878	chr15	9	SNS	0.038392094	0.30943857	137226	137226	274452	0.87748714
K562	sage	test_inter	GM12878	chr14	0	CNS	0.37535965	0.43894452	34537	34537	69074	0.5507439
K562	sage	test_inter	GM12878	chr14	0	MNS	0.19340578	0.34247732	34537	34537	69074	0.57561945
K562	sage	test_inter	GM12878	chr14	0	SNS	0.031448471	0.30957084	34537	34537	69074	0.64826482
K562	sage	test_inter	GM12878	chr14	1	CNS	0.33932132	0.4177311	119336	119336	238672	0.57391783
K562	sage	test_inter	GM12878	chr14	1	MNS	0.11875962	0.32297316	119336	119336	238672	0.62756317
K562	sage	test_inter	GM12878	chr14	1	SNS	0.057120568	0.31159339	119336	119336	238672	0.66049897
K562	sage	test_inter	GM12878	chr14	10	CNS	0.34113058	0.41981418	135449	135449	270898	0.57994389
K562	sage	test_inter	GM12878	chr14	10	MNS	0.11642584	0.32225758	135449	135449	270898	0.63472679
K562	sage	test_inter	GM12878	chr14	10	SNS	0.055590921	0.31171074	135449	135449	270898	0.66583816
K562	sage	test_inter	GM12878	chr14	11	CNS	0.33233762	0.4154903	142011	142011	284022	0.57483253
K562	sage	test_inter	GM12878	chr14	11	MNS	0.11005236	0.3208982	142011	142011	284022	0.63148506
K562	sage	test_inter	GM12878	chr14	11	SNS	0.049878441	0.31093673	142011	142011	284022	0.66363524
K562	sage	test_inter	GM12878	chr14	12	CNS	0.35661617	0.43011996	117626	117626	235252	0.57317343
K562	sage	test_inter	GM12878	chr14	12	MNS	0.11109158	0.32076891	117626	117626	235252	0.63295756
K562	sage	test_inter	GM12878	chr14	12	SNS	0.054501828	0.31173598	117626	117626	235252	0.66018514
K562	sage	test_inter	GM12878	chr14	13	CNS	0.3897571	0.44392168	97129	97129	194258	0.61089509
K562	sage	test_inter	GM12878	chr14	13	MNS	0.1611496	0.33399602	97129	97129	194258	0.66471812
K562	sage	test_inter	GM12878	chr14	13	SNS	0.13001417	0.32521219	97129	97129	194258	0.67527492
K562	sage	test_inter	GM12878	chr14	14	CNS	0.36544349	0.43572265	111900	111900	223800	0.57741948
K562	sage	test_inter	GM12878	chr14	14	MNS	0.12005159	0.32267839	111900	111900	223800	0.63374415
K562	sage	test_inter	GM12878	chr14	14	SNS	0.061820122	0.31275761	111900	111900	223800	0.66165426
K562	sage	test_inter	GM12878	chr14	15	CNS	0.33919221	0.4199398	130603	130603	261206	0.58270669
K562	sage	test_inter	GM12878	chr14	15	MNS	0.12010298	0.32312117	130603	130603	261206	0.63868792
K562	sage	test_inter	GM12878	chr14	15	SNS	0.063775503	0.31263419	130603	130603	261206	0.66598283
K562	sage	test_inter	GM12878	chr14	16	CNS	0.36950797	0.430818	112314	112314	224628	0.60192929
K562	sage	test_inter	GM12878	chr14	16	MNS	0.15237009	0.33202894	112314	112314	224628	0.65435364
K562	sage	test_inter	GM12878	chr14	16	SNS	0.1059129	0.31974576	112314	112314	224628	0.67215519
K562	sage	test_inter	GM12878	chr14	17	CNS	0.34417276	0.4224637	109891	109891	219782	0.56508036
K562	sage	test_inter	GM12878	chr14	17	MNS	0.10855465	0.32043585	109891	109891	219782	0.61963035
K562	sage	test_inter	GM12878	chr14	17	SNS	0.042574293	0.31011901	109891	109891	219782	0.65827283
K562	sage	test_inter	GM12878	chr14	18	CNS	0.3449311	0.42379876	105259	105259	210518	0.57020709
K562	sage	test_inter	GM12878	chr14	18	MNS	0.11398427	0.32167152	105259	105259	210518	0.62641956
K562	sage	test_inter	GM12878	chr14	18	SNS	0.048636833	0.31080175	105259	105259	210518	0.66081055
K562	sage	test_inter	GM12878	chr14	2	CNS	0.38819635	0.44593543	95633	95633	191266	0.5928927
K562	sage	test_inter	GM12878	chr14	2	MNS	0.13891454	0.32699577	95633	95633	191266	0.65089201
K562	sage	test_inter	GM12878	chr14	2	SNS	0.094339095	0.31760194	95633	95633	191266	0.66778803
K562	sage	test_inter	GM12878	chr14	3	CNS	0.34971155	0.42037771	129606	129606	259212	0.59409371
K562	sage	test_inter	GM12878	chr14	3	MNS	0.13574294	0.32759241	129606	129606	259212	0.64823394
K562	sage	test_inter	GM12878	chr14	3	SNS	0.083910521	0.31594116	129606	129606	259212	0.66995485
K562	sage	test_inter	GM12878	chr14	4	CNS	0.3766688	0.44093453	105529	105529	211058	0.58404549
K562	sage	test_inter	GM12878	chr14	4	MNS	0.13124051	0.32558236	105529	105529	211058	0.64173091
K562	sage	test_inter	GM12878	chr14	4	SNS	0.079610093	0.31507329	105529	105529	211058	0.66445004
K562	sage	test_inter	GM12878	chr14	5	CNS	0.38862864	0.44354642	95864	95864	191728	0.61135862
K562	sage	test_inter	GM12878	chr14	5	MNS	0.16772854	0.33579723	95864	95864	191728	0.66276205
K562	sage	test_inter	GM12878	chr14	5	SNS	0.12993014	0.32473934	95864	95864	191728	0.67562806
K562	sage	test_inter	GM12878	chr14	6	CNS	0.36649333	0.43503633	108457	108457	216914	0.58027921
K562	sage	test_inter	GM12878	chr14	6	MNS	0.12664625	0.32395919	108457	108457	216914	0.63819984
K562	sage	test_inter	GM12878	chr14	6	SNS	0.067299298	0.31336864	108457	108457	216914	0.66313059
K562	sage	test_inter	GM12878	chr14	7	CNS	0.34821744	0.42430462	127823	127823	255646	0.58201056
K562	sage	test_inter	GM12878	chr14	7	MNS	0.12293935	0.32363868	127823	127823	255646	0.63805972
K562	sage	test_inter	GM12878	chr14	7	SNS	0.065904247	0.31293395	127823	127823	255646	0.6648533
K562	sage	test_inter	GM12878	chr14	8	CNS	0.35551196	0.42921226	122596	122596	245192	0.58080839
K562	sage	test_inter	GM12878	chr14	8	MNS	0.12247165	0.32339263	122596	122596	245192	0.63693398
K562	sage	test_inter	GM12878	chr14	8	SNS	0.065513978	0.31302006	122596	122596	245192	0.66371975
K562	sage	test_inter	GM12878	chr14	9	CNS	0.34611758	0.42093128	129173	129173	258346	0.57631006
K562	sage	test_inter	GM12878	chr14	9	MNS	0.11357482	0.32145864	129173	129173	258346	0.63357423
K562	sage	test_inter	GM12878	chr14	9	SNS	0.055523434	0.3117039	129173	129173	258346	0.66265369
K562	sage	test_inter	GM12878	chr22	0	CNS	0.4108907	0.45796721	15145	15145	30290	0.58684381
K562	sage	test_inter	GM12878	chr22	0	MNS	0.21987327	0.35513763	15145	15145	30290	0.61690791
K562	sage	test_inter	GM12878	chr22	0	SNS	0.10600359	0.32152205	15145	15145	30290	0.65676137
K562	sage	test_inter	GM12878	chr22	1	CNS	0.36206261	0.43237371	82786	82786	165572	0.56054586
K562	sage	test_inter	GM12878	chr22	1	MNS	0.10978162	0.32064763	82786	82786	165572	0.61779444
K562	sage	test_inter	GM12878	chr22	1	SNS	0.040394475	0.30999927	82786	82786	165572	0.65497525
K562	sage	test_inter	GM12878	chr22	2	CNS	0.34478839	0.42261208	111320	111320	222640	0.57933102
K562	sage	test_inter	GM12878	chr22	2	MNS	0.12392911	0.32416882	111320	111320	222640	0.6345661
K562	sage	test_inter	GM12878	chr22	2	SNS	0.063403943	0.31243998	111320	111320	222640	0.664181
K562	sage	test_inter	GM12878	chr22	3	CNS	0.34321367	0.42077848	132315	132315	264630	0.58536474
K562	sage	test_inter	GM12878	chr22	3	MNS	0.12296241	0.32358978	132315	132315	264630	0.64075389
K562	sage	test_inter	GM12878	chr22	3	SNS	0.065827463	0.31299374	132315	132315	264630	0.66702392
K562	sage	test_inter	GM12878	chr22	4	CNS	0.34376267	0.42118099	131392	131392	262784	0.58758435
K562	sage	test_inter	GM12878	chr22	4	MNS	0.12634946	0.32442593	131392	131392	262784	0.6420732
K562	sage	test_inter	GM12878	chr22	4	SNS	0.067884365	0.31334378	131392	131392	262784	0.66829474
K562	sage	test_inter	GM12878	chr22	5	CNS	0.33090616	0.41486804	136281	136281	272562	0.57104593
K562	sage	test_inter	GM12878	chr22	5	MNS	0.10282029	0.31935709	136281	136281	272562	0.62881097
K562	sage	test_inter	GM12878	chr22	5	SNS	0.043722589	0.31026135	136281	136281	272562	0.66241941
K562	sage	test_inter	GM12878	chr22	6	CNS	0.3335943	0.41607439	132492	132492	264984	0.56857976
K562	sage	test_inter	GM12878	chr22	6	MNS	0.10073406	0.31891366	132492	132492	264984	0.62772101
K562	sage	test_inter	GM12878	chr22	6	SNS	0.04212708	0.31020835	132492	132492	264984	0.66070684
K562	sage	test_inter	GM12878	chr22	7	CNS	0.36743547	0.43250981	107163	107163	214326	0.59026072
K562	sage	test_inter	GM12878	chr22	7	MNS	0.13291898	0.32612143	107163	107163	214326	0.64737899
K562	sage	test_inter	GM12878	chr22	7	SNS	0.081810729	0.31531566	107163	107163	214326	0.66897412
K562	sage	test_inter	GM12878	chr22	8	CNS	0.36730851	0.43234441	106070	106070	212140	0.5886858
K562	sage	test_inter	GM12878	chr22	8	MNS	0.13121162	0.32574611	106070	106070	212140	0.64603442
K562	sage	test_inter	GM12878	chr22	8	SNS	0.080065067	0.31505145	106070	106070	212140	0.66792839
K562	sage	test_inter	GM12878	chrX	0	CNS	0.38465059	0.44293411	88441	88441	176882	0.59024619
K562	sage	test_inter	GM12878	chrX	0	MNS	0.14490071	0.32940767	88441	88441	176882	0.64176321
K562	sage	test_inter	GM12878	chrX	0	SNS	0.084036936	0.31585541	88441	88441	176882	0.66800673
K562	sage	test_inter	GM12878	chrX	1	CNS	0.404857	0.45508293	83606	83606	167212	0.59949857
K562	sage	test_inter	GM12878	chrX	1	MNS	0.14880719	0.32974401	83606	83606	167212	0.65683793
K562	sage	test_inter	GM12878	chrX	1	SNS	0.10641867	0.31984965	83606	83606	167212	0.67253357
K562	sage	test_inter	GM12878	chrX	10	CNS	0.3977336	0.45214807	78976	78976	157952	0.59296278
K562	sage	test_inter	GM12878	chrX	10	MNS	0.14669335	0.32986929	78976	78976	157952	0.65172145
K562	sage	test_inter	GM12878	chrX	10	SNS	0.098967721	0.31857987	78976	78976	157952	0.66952527
K562	sage	test_inter	GM12878	chrX	11	CNS	0.39590631	0.45098677	48710	48710	97420	0.57529193
K562	sage	test_inter	GM12878	chrX	11	MNS	0.16187849	0.33377096	48710	48710	97420	0.61461223
K562	sage	test_inter	GM12878	chrX	11	SNS	0.061599347	0.31331392	48710	48710	97420	0.66043657
K562	sage	test_inter	GM12878	chrX	12	CNS	0.40029675	0.45517739	29663	29663	59326	0.56298994
K562	sage	test_inter	GM12878	chrX	12	MNS	0.18833445	0.34393313	29663	29663	59326	0.5909623
K562	sage	test_inter	GM12878	chrX	12	SNS	0.04771826	0.31173493	29663	29663	59326	0.65355949
K562	sage	test_inter	GM12878	chrX	13	CNS	0.40718111	0.4567727	75029	75029	150058	0.59601137
K562	sage	test_inter	GM12878	chrX	13	MNS	0.14945405	0.33057363	75029	75029	150058	0.65463711
K562	sage	test_inter	GM12878	chrX	13	SNS	0.10814735	0.32026184	75029	75029	150058	0.67011029
K562	sage	test_inter	GM12878	chrX	14	CNS	0.39344565	0.44991144	79427	79427	158854	0.58777473
K562	sage	test_inter	GM12878	chrX	14	MNS	0.14241673	0.32903675	79427	79427	158854	0.64766045
K562	sage	test_inter	GM12878	chrX	14	SNS	0.093308159	0.31748656	79427	79427	158854	0.66691164
K562	sage	test_inter	GM12878	chrX	15	CNS	0.40211349	0.45415485	81500	81500	163000	0.59521453
K562	sage	test_inter	GM12878	chrX	15	MNS	0.15205392	0.33146804	81500	81500	163000	0.65191543
K562	sage	test_inter	GM12878	chrX	15	SNS	0.1045133	0.3195687	81500	81500	163000	0.67019514
K562	sage	test_inter	GM12878	chrX	16	CNS	0.41820174	0.46261973	67524	67524	135048	0.60181701
K562	sage	test_inter	GM12878	chrX	16	MNS	0.16142132	0.33407717	67524	67524	135048	0.65973805
K562	sage	test_inter	GM12878	chrX	16	SNS	0.126283	0.32411838	67524	67524	135048	0.67203024
K562	sage	test_inter	GM12878	chrX	17	CNS	0.42294569	0.46673426	61699	61699	123398	0.59400217
K562	sage	test_inter	GM12878	chrX	17	MNS	0.15447619	0.3315505	61699	61699	123398	0.65231846
K562	sage	test_inter	GM12878	chrX	17	SNS	0.11248732	0.32106249	61699	61699	123398	0.66772222
K562	sage	test_inter	GM12878	chrX	18	CNS	0.44098958	0.4747357	50744	50744	101488	0.59576964
K562	sage	test_inter	GM12878	chrX	18	MNS	0.1575723	0.33260302	50744	50744	101488	0.65829844
K562	sage	test_inter	GM12878	chrX	18	SNS	0.12973993	0.32514021	50744	50744	101488	0.66748961
K562	sage	test_inter	GM12878	chrX	19	CNS	0.41084409	0.45684433	73186	73186	146372	0.60802519
K562	sage	test_inter	GM12878	chrX	19	MNS	0.17576099	0.33995063	73186	73186	146372	0.66152199
K562	sage	test_inter	GM12878	chrX	19	SNS	0.13612557	0.32683482	73186	73186	146372	0.67512731
K562	sage	test_inter	GM12878	chrX	2	CNS	0.3833537	0.44498067	92575	92575	185150	0.58650045
K562	sage	test_inter	GM12878	chrX	2	MNS	0.1355909	0.32696583	92575	92575	185150	0.64348579
K562	sage	test_inter	GM12878	chrX	2	SNS	0.080262458	0.31519251	92575	92575	185150	0.66748757
K562	sage	test_inter	GM12878	chrX	20	CNS	0.40202709	0.45397345	73886	73886	147772	0.58399082
K562	sage	test_inter	GM12878	chrX	20	MNS	0.14001539	0.32856456	73886	73886	147772	0.64435715
K562	sage	test_inter	GM12878	chrX	20	SNS	0.092487432	0.31720023	73886	73886	147772	0.66391386
K562	sage	test_inter	GM12878	chrX	21	CNS	0.39944854	0.45478042	78364	78364	156728	0.58086671
K562	sage	test_inter	GM12878	chrX	21	MNS	0.13196537	0.3256679	78364	78364	156728	0.64143228
K562	sage	test_inter	GM12878	chrX	21	SNS	0.08144832	0.31536506	78364	78364	156728	0.66323974
K562	sage	test_inter	GM12878	chrX	22	CNS	0.4060903	0.45648653	76902	76902	153804	0.59179243
K562	sage	test_inter	GM12878	chrX	22	MNS	0.14784895	0.33007804	76902	76902	153804	0.6498909
K562	sage	test_inter	GM12878	chrX	22	SNS	0.10174387	0.31893877	76902	76902	153804	0.66803128
K562	sage	test_inter	GM12878	chrX	23	CNS	0.39323758	0.44779979	76114	76114	152228	0.58453359
K562	sage	test_inter	GM12878	chrX	23	MNS	0.13813344	0.32686802	76114	76114	152228	0.64354601
K562	sage	test_inter	GM12878	chrX	23	SNS	0.084772268	0.31581498	76114	76114	152228	0.66470825
K562	sage	test_inter	GM12878	chrX	24	CNS	0.39434977	0.44681848	79192	79192	158384	0.59438596
K562	sage	test_inter	GM12878	chrX	24	MNS	0.15076466	0.3310781	79192	79192	158384	0.65051604
K562	sage	test_inter	GM12878	chrX	24	SNS	0.10322175	0.31906721	79192	79192	158384	0.66899037
K562	sage	test_inter	GM12878	chrX	25	CNS	0.41482154	0.45740314	68732	68732	137464	0.60537813
K562	sage	test_inter	GM12878	chrX	25	MNS	0.16357662	0.33443709	68732	68732	137464	0.66327144
K562	sage	test_inter	GM12878	chrX	25	SNS	0.13508554	0.32625752	68732	68732	137464	0.67268777
K562	sage	test_inter	GM12878	chrX	26	CNS	0.39451683	0.44654505	85313	85313	170626	0.598779
K562	sage	test_inter	GM12878	chrX	26	MNS	0.15143063	0.33169745	85313	85313	170626	0.65553815
K562	sage	test_inter	GM12878	chrX	26	SNS	0.10934561	0.3207841	85313	85313	170626	0.67121237
K562	sage	test_inter	GM12878	chrX	27	CNS	0.39903668	0.45368652	75569	75569	151138	0.58132274
K562	sage	test_inter	GM12878	chrX	27	MNS	0.13253412	0.32602536	75569	75569	151138	0.64216222
K562	sage	test_inter	GM12878	chrX	27	SNS	0.083590364	0.31574193	75569	75569	151138	0.66320269
K562	sage	test_inter	GM12878	chrX	28	CNS	0.41994154	0.46134853	63816	63816	127632	0.61507529
K562	sage	test_inter	GM12878	chrX	28	MNS	0.17702432	0.33895427	63816	63816	127632	0.669389
K562	sage	test_inter	GM12878	chrX	28	SNS	0.15146904	0.33047041	63816	63816	127632	0.67762169
K562	sage	test_inter	GM12878	chrX	29	CNS	0.4132227	0.46036146	71009	71009	142018	0.59915788
K562	sage	test_inter	GM12878	chrX	29	MNS	0.15221096	0.33095121	71009	71009	142018	0.65676512
K562	sage	test_inter	GM12878	chrX	29	SNS	0.11183725	0.32100719	71009	71009	142018	0.67140997
K562	sage	test_inter	GM12878	chrX	3	CNS	0.38109628	0.44241001	91865	91865	183730	0.58319379
K562	sage	test_inter	GM12878	chrX	3	MNS	0.12851395	0.32514476	91865	91865	183730	0.6425626
K562	sage	test_inter	GM12878	chrX	3	SNS	0.076088581	0.31458774	91865	91865	183730	0.66535546
K562	sage	test_inter	GM12878	chrX	30	CNS	0.3995561	0.45354767	73169	73169	146338	0.58062336
K562	sage	test_inter	GM12878	chrX	30	MNS	0.12969365	0.32517302	73169	73169	146338	0.6430365
K562	sage	test_inter	GM12878	chrX	30	SNS	0.080610173	0.31516917	73169	73169	146338	0.66375924
K562	sage	test_inter	GM12878	chrX	31	CNS	0.40002308	0.45563109	72160	72160	144320	0.57520549
K562	sage	test_inter	GM12878	chrX	31	MNS	0.12109425	0.32332001	72160	72160	144320	0.63967188
K562	sage	test_inter	GM12878	chrX	31	SNS	0.071975344	0.3139845	72160	72160	144320	0.66176907
K562	sage	test_inter	GM12878	chrX	4	CNS	0.3871853	0.44343689	87203	87203	174406	0.58935806
K562	sage	test_inter	GM12878	chrX	4	MNS	0.14025177	0.3285102	87203	87203	174406	0.64751262
K562	sage	test_inter	GM12878	chrX	4	SNS	0.090312344	0.31702474	87203	87203	174406	0.66734926
K562	sage	test_inter	GM12878	chrX	5	CNS	0.40391196	0.45463547	73860	73860	147720	0.58919329
K562	sage	test_inter	GM12878	chrX	5	MNS	0.1381536	0.32729547	73860	73860	147720	0.65023778
K562	sage	test_inter	GM12878	chrX	5	SNS	0.096691689	0.31820599	73860	73860	147720	0.66612907
K562	sage	test_inter	GM12878	chrX	6	CNS	0.40133702	0.45514849	75640	75640	151280	0.58101118
K562	sage	test_inter	GM12878	chrX	6	MNS	0.13350001	0.32606839	75640	75640	151280	0.64203975
K562	sage	test_inter	GM12878	chrX	6	SNS	0.085196478	0.31602587	75640	75640	151280	0.66207648
K562	sage	test_inter	GM12878	chrX	7	CNS	0.39177986	0.45205774	75475	75475	150950	0.57228058
K562	sage	test_inter	GM12878	chrX	7	MNS	0.11598689	0.32179497	75475	75475	150950	0.63619863
K562	sage	test_inter	GM12878	chrX	7	SNS	0.064116637	0.31299033	75475	75475	150950	0.65873623
K562	sage	test_inter	GM12878	chrX	8	CNS	0.38305554	0.44372882	94598	94598	189196	0.58712583
K562	sage	test_inter	GM12878	chrX	8	MNS	0.13166659	0.32570717	94598	94598	189196	0.64614358
K562	sage	test_inter	GM12878	chrX	8	SNS	0.079982557	0.3151141	94598	94598	189196	0.66792973
K562	sage	test_inter	GM12878	chrX	9	CNS	0.3760487	0.44176342	86696	86696	173392	0.58204761
K562	sage	test_inter	GM12878	chrX	9	MNS	0.13339744	0.326356	86696	86696	173392	0.63725506
K562	sage	test_inter	GM12878	chrX	9	SNS	0.071817318	0.31393742	86696	86696	173392	0.66531576
K562	sage	test_intra	K562	chr14	0	CNS	0.41059284	0.45539898	21677	21677	43354	0.55962609
K562	sage	test_intra	K562	chr14	0	MNS	0.1876235	0.34079111	21677	21677	43354	0.5892369
K562	sage	test_intra	K562	chr14	0	SNS	0.03627714	0.310317	21677	21677	43354	0.65756428
K562	sage	test_intra	K562	chr14	1	CNS	0.39390574	0.45272714	63463	63463	126926	0.56915373
K562	sage	test_intra	K562	chr14	1	MNS	0.1192734	0.32283489	63463	63463	126926	0.62789591
K562	sage	test_intra	K562	chr14	1	SNS	0.048261008	0.31086245	63463	63463	126926	0.66629516
K562	sage	test_intra	K562	chr14	10	CNS	0.4031773	0.45800189	62115	62115	124230	0.58595102
K562	sage	test_intra	K562	chr14	10	MNS	0.1321096	0.32585509	62115	62115	124230	0.64469664
K562	sage	test_intra	K562	chr14	10	SNS	0.066662563	0.31338431	62115	62115	124230	0.67459041
K562	sage	test_intra	K562	chr14	11	CNS	0.3927321	0.4529329	65901	65901	131802	0.57959753
K562	sage	test_intra	K562	chr14	11	MNS	0.12031183	0.32291372	65901	65901	131802	0.64053452
K562	sage	test_intra	K562	chr14	11	SNS	0.05541682	0.31188406	65901	65901	131802	0.67248227
K562	sage	test_intra	K562	chr14	12	CNS	0.41012304	0.4607507	57895	57895	115790	0.58374138
K562	sage	test_intra	K562	chr14	12	MNS	0.12728484	0.32419538	57895	57895	115790	0.6460061
K562	sage	test_intra	K562	chr14	12	SNS	0.065657581	0.31343326	57895	57895	115790	0.67196599
K562	sage	test_intra	K562	chr14	13	CNS	0.43851289	0.47300537	46383	46383	92766	0.62891958
K562	sage	test_intra	K562	chr14	13	MNS	0.18012035	0.33916311	46383	46383	92766	0.68686031
K562	sage	test_intra	K562	chr14	13	SNS	0.1651445	0.33407626	46383	46383	92766	0.69115572
K562	sage	test_intra	K562	chr14	14	CNS	0.41792237	0.46668537	53930	53930	107860	0.589144
K562	sage	test_intra	K562	chr14	14	MNS	0.13428954	0.32579131	53930	53930	107860	0.64980436
K562	sage	test_intra	K562	chr14	14	SNS	0.077290266	0.31509785	53930	53930	107860	0.67378032
K562	sage	test_intra	K562	chr14	15	CNS	0.40534552	0.45986819	61081	61081	122162	0.58735432
K562	sage	test_intra	K562	chr14	15	MNS	0.13146468	0.32561189	61081	61081	122162	0.65003233
K562	sage	test_intra	K562	chr14	15	SNS	0.073477442	0.31418413	61081	61081	122162	0.6752052
K562	sage	test_intra	K562	chr14	16	CNS	0.40312585	0.45091002	61487	61487	122974	0.60175712
K562	sage	test_intra	K562	chr14	16	MNS	0.15003995	0.33033466	61487	61487	122974	0.66067507
K562	sage	test_intra	K562	chr14	16	SNS	0.097530786	0.31800196	61487	61487	122974	0.68013062
K562	sage	test_intra	K562	chr14	17	CNS	0.39811296	0.4551163	60818	60818	121636	0.57691394
K562	sage	test_intra	K562	chr14	17	MNS	0.121927	0.32347546	60818	60818	121636	0.6366227
K562	sage	test_intra	K562	chr14	17	SNS	0.05287676	0.31142664	60818	60818	121636	0.67185149
K562	sage	test_intra	K562	chr14	18	CNS	0.39902691	0.45502207	58268	58268	116536	0.57291668
K562	sage	test_intra	K562	chr14	18	MNS	0.11400649	0.32153087	58268	58268	116536	0.63525505
K562	sage	test_intra	K562	chr14	18	SNS	0.048351079	0.31097174	58268	58268	116536	0.66918494
K562	sage	test_intra	K562	chr14	2	CNS	0.43182911	0.47236847	46796	46796	93592	0.60214388
K562	sage	test_intra	K562	chr14	2	MNS	0.14634522	0.3288217	46796	46796	93592	0.66528143
K562	sage	test_intra	K562	chr14	2	SNS	0.10530495	0.31977523	46796	46796	93592	0.67916358
K562	sage	test_intra	K562	chr14	3	CNS	0.40162336	0.45342678	62728	62728	125456	0.60435126
K562	sage	test_intra	K562	chr14	3	MNS	0.15168747	0.33106082	62728	62728	125456	0.66313787
K562	sage	test_intra	K562	chr14	3	SNS	0.097153403	0.31808403	62728	62728	125456	0.68325654
K562	sage	test_intra	K562	chr14	4	CNS	0.42540692	0.4691059	51168	51168	102336	0.5952446
K562	sage	test_intra	K562	chr14	4	MNS	0.14612632	0.32888997	51168	51168	102336	0.65549
K562	sage	test_intra	K562	chr14	4	SNS	0.09212506	0.31738097	51168	51168	102336	0.6759596
K562	sage	test_intra	K562	chr14	5	CNS	0.44411148	0.47548333	42604	42604	85208	0.62360048
K562	sage	test_intra	K562	chr14	5	MNS	0.18234828	0.34044975	42604	42604	85208	0.68048383
K562	sage	test_intra	K562	chr14	5	SNS	0.15548886	0.33113093	42604	42604	85208	0.68873583
K562	sage	test_intra	K562	chr14	6	CNS	0.42436259	0.46762912	51023	51023	102046	0.60471442
K562	sage	test_intra	K562	chr14	6	MNS	0.1616729	0.33301674	51023	51023	102046	0.66376641
K562	sage	test_intra	K562	chr14	6	SNS	0.10786403	0.32019362	51023	51023	102046	0.68128788
K562	sage	test_intra	K562	chr14	7	CNS	0.41210781	0.46069808	58423	58423	116846	0.59336337
K562	sage	test_intra	K562	chr14	7	MNS	0.14399432	0.32841527	58423	58423	116846	0.6535288
K562	sage	test_intra	K562	chr14	7	SNS	0.084361154	0.31587352	58423	58423	116846	0.67670267
K562	sage	test_intra	K562	chr14	8	CNS	0.41589648	0.46529401	56076	56076	112152	0.58931918
K562	sage	test_intra	K562	chr14	8	MNS	0.1360355	0.32666752	56076	56076	112152	0.65034064
K562	sage	test_intra	K562	chr14	8	SNS	0.079187498	0.31524066	56076	56076	112152	0.67427377
K562	sage	test_intra	K562	chr14	9	CNS	0.40725209	0.45676279	60515	60515	121030	0.59784341
K562	sage	test_intra	K562	chr14	9	MNS	0.14727749	0.32937776	60515	60515	121030	0.65635699
K562	sage	test_intra	K562	chr14	9	SNS	0.088513829	0.31656718	60515	60515	121030	0.67894137
K562	sage	test_intra	K562	chr22	0	CNS	0.44034684	0.47446752	15458	15458	30916	0.61610022
K562	sage	test_intra	K562	chr22	0	MNS	0.25213716	0.36494137	15458	15458	30916	0.65250927
K562	sage	test_intra	K562	chr22	0	SNS	0.18641019	0.35117649	15458	15458	30916	0.67357896
K562	sage	test_intra	K562	chr22	1	CNS	0.31722836	0.40262243	158780	158780	317560	0.58189638
K562	sage	test_intra	K562	chr22	1	MNS	0.12991045	0.32478731	158780	158780	317560	0.62975294
K562	sage	test_intra	K562	chr22	1	SNS	0.049436512	0.31105439	158780	158780	317560	0.66613034
K562	sage	test_intra	K562	chr22	2	CNS	0.28373446	0.38524374	259290	259290	518580	0.58784737
K562	sage	test_intra	K562	chr22	2	MNS	0.14961487	0.33009491	259290	259290	518580	0.61619299
K562	sage	test_intra	K562	chr22	2	SNS	0.044177382	0.31075466	259290	259290	518580	0.66801506
K562	sage	test_intra	K562	chr22	3	CNS	0.39623378	0.45314464	65975	65975	131950	0.5902096
K562	sage	test_intra	K562	chr22	3	MNS	0.12978507	0.32506371	65975	65975	131950	0.65103425
K562	sage	test_intra	K562	chr22	3	SNS	0.067055312	0.31333551	65975	65975	131950	0.67834795
K562	sage	test_intra	K562	chr22	4	CNS	0.39799244	0.45352745	62098	62098	124196	0.59085941
K562	sage	test_intra	K562	chr22	4	MNS	0.13490949	0.32627597	62098	62098	124196	0.65126874
K562	sage	test_intra	K562	chr22	4	SNS	0.071770021	0.3140136	62098	62098	124196	0.67781769
K562	sage	test_intra	K562	chr22	5	CNS	0.39065626	0.45101242	67378	67378	134756	0.57441149
K562	sage	test_intra	K562	chr22	5	MNS	0.11142427	0.32105598	67378	67378	134756	0.63736204
K562	sage	test_intra	K562	chr22	5	SNS	0.045850707	0.31063435	67378	67378	134756	0.67190161
K562	sage	test_intra	K562	chr22	6	CNS	0.39265259	0.45170845	66073	66073	132146	0.58030461
K562	sage	test_intra	K562	chr22	6	MNS	0.11925965	0.3226111	66073	66073	132146	0.64275413
K562	sage	test_intra	K562	chr22	6	SNS	0.054604651	0.31171319	66073	66073	132146	0.67368689
K562	sage	test_intra	K562	chr22	7	CNS	0.41288217	0.46041103	55904	55904	111808	0.59272987
K562	sage	test_intra	K562	chr22	7	MNS	0.1357817	0.32653677	55904	55904	111808	0.65564538
K562	sage	test_intra	K562	chr22	7	SNS	0.080637065	0.3152211	55904	55904	111808	0.67822769
K562	sage	test_intra	K562	chr22	8	CNS	0.41203431	0.4604194	55514	55514	111028	0.59091351
K562	sage	test_intra	K562	chr22	8	MNS	0.13439754	0.32629201	55514	55514	111028	0.65396324
K562	sage	test_intra	K562	chr22	8	SNS	0.077726844	0.31479292	55514	55514	111028	0.67737386
K562	sage	test_intra	K562	chrX	0	CNS	0.41184029	0.46094961	50088	50088	100176	0.59061526
K562	sage	test_intra	K562	chrX	0	MNS	0.14317324	0.32847151	50088	50088	100176	0.64724292
K562	sage	test_intra	K562	chrX	0	SNS	0.078478932	0.31507651	50088	50088	100176	0.67474791
K562	sage	test_intra	K562	chrX	1	CNS	0.43240368	0.46859097	50638	50638	101276	0.62211646
K562	sage	test_intra	K562	chrX	1	MNS	0.16789152	0.33517159	50638	50638	101276	0.68034655
K562	sage	test_intra	K562	chrX	1	SNS	0.13864365	0.32716314	50638	50638	101276	0.68918263
K562	sage	test_intra	K562	chrX	10	CNS	0.41767298	0.46486596	53922	53922	107844	0.59969687
K562	sage	test_intra	K562	chrX	10	MNS	0.15045633	0.33037059	53922	53922	107844	0.65973346
K562	sage	test_intra	K562	chrX	10	SNS	0.096712555	0.31812255	53922	53922	107844	0.67929231
K562	sage	test_intra	K562	chrX	11	CNS	0.4316774	0.4730198	29718	29718	59436	0.58523467
K562	sage	test_intra	K562	chrX	11	MNS	0.17186041	0.33648407	29718	29718	59436	0.62966751
K562	sage	test_intra	K562	chrX	11	SNS	0.07325399	0.31497659	29718	29718	59436	0.67010741
K562	sage	test_intra	K562	chrX	12	CNS	0.43267681	0.47692917	19332	19332	38664	0.57167154
K562	sage	test_intra	K562	chrX	12	MNS	0.20526342	0.34987965	19332	19332	38664	0.60231528
K562	sage	test_intra	K562	chrX	12	SNS	0.056646658	0.31304775	19332	19332	38664	0.66253522
K562	sage	test_intra	K562	chrX	13	CNS	0.42395057	0.46591667	52030	52030	104060	0.60385234
K562	sage	test_intra	K562	chrX	13	MNS	0.15972091	0.3335399	52030	52030	104060	0.66346847
K562	sage	test_intra	K562	chrX	13	SNS	0.11329305	0.32126152	52030	52030	104060	0.67988384
K562	sage	test_intra	K562	chrX	14	CNS	0.41520861	0.46300723	54898	54898	109796	0.59838562
K562	sage	test_intra	K562	chrX	14	MNS	0.1516705	0.33096209	54898	54898	109796	0.65825347
K562	sage	test_intra	K562	chrX	14	SNS	0.094923781	0.31775272	54898	54898	109796	0.67885189
K562	sage	test_intra	K562	chrX	15	CNS	0.44092186	0.47611707	45934	45934	91868	0.62063581
K562	sage	test_intra	K562	chrX	15	MNS	0.18241317	0.34053324	45934	45934	91868	0.67665317
K562	sage	test_intra	K562	chrX	15	SNS	0.14835747	0.32928464	45934	45934	91868	0.68742283
K562	sage	test_intra	K562	chrX	16	CNS	0.44595201	0.47941245	39968	39968	79936	0.62255764
K562	sage	test_intra	K562	chrX	16	MNS	0.1792438	0.33978051	39968	39968	79936	0.68110809
K562	sage	test_intra	K562	chrX	16	SNS	0.1596977	0.33268616	39968	39968	79936	0.68730297
K562	sage	test_intra	K562	chrX	17	CNS	0.44976834	0.48269276	37428	37428	74856	0.6178866
K562	sage	test_intra	K562	chrX	17	MNS	0.18225615	0.34027652	37428	37428	74856	0.67370573
K562	sage	test_intra	K562	chrX	17	SNS	0.14976583	0.32958825	37428	37428	74856	0.68426066
K562	sage	test_intra	K562	chrX	18	CNS	0.46680664	0.48930402	30825	30825	61650	0.61788058
K562	sage	test_intra	K562	chrX	18	MNS	0.17333194	0.33711019	30825	30825	61650	0.68067927
K562	sage	test_intra	K562	chrX	18	SNS	0.16630539	0.33488048	30825	30825	61650	0.68285527
K562	sage	test_intra	K562	chrX	19	CNS	0.44358983	0.47439039	42460	42460	84920	0.63305268
K562	sage	test_intra	K562	chrX	19	MNS	0.19329488	0.34540467	42460	42460	84920	0.68766514
K562	sage	test_intra	K562	chrX	19	SNS	0.17848511	0.3390193	42460	42460	84920	0.69220505
K562	sage	test_intra	K562	chrX	2	CNS	0.41727872	0.46354259	56660	56660	113320	0.60101848
K562	sage	test_intra	K562	chrX	2	MNS	0.15131668	0.33052117	56660	56660	113320	0.65929716
K562	sage	test_intra	K562	chrX	2	SNS	0.094938912	0.3178231	56660	56660	113320	0.68023049
K562	sage	test_intra	K562	chrX	20	CNS	0.4222652	0.46771086	50788	50788	101576	0.59497395
K562	sage	test_intra	K562	chrX	20	MNS	0.1541066	0.33249253	50788	50788	101576	0.65390829
K562	sage	test_intra	K562	chrX	20	SNS	0.099200076	0.31843386	50788	50788	101576	0.6753146
K562	sage	test_intra	K562	chrX	21	CNS	0.42530416	0.46939361	50039	50039	100078	0.59715924
K562	sage	test_intra	K562	chrX	21	MNS	0.1525055	0.33082202	50039	50039	100078	0.65715855
K562	sage	test_intra	K562	chrX	21	SNS	0.10292174	0.31915602	50039	50039	100078	0.67568351
K562	sage	test_intra	K562	chrX	22	CNS	0.42005073	0.46047951	54967	54967	109934	0.61845086
K562	sage	test_intra	K562	chrX	22	MNS	0.16643755	0.33521112	54967	54967	109934	0.67744436
K562	sage	test_intra	K562	chrX	22	SNS	0.14069671	0.32804934	54967	54967	109934	0.68527487
K562	sage	test_intra	K562	chrX	23	CNS	0.41742166	0.46352216	51834	51834	103668	0.58944255
K562	sage	test_intra	K562	chrX	23	MNS	0.14333785	0.32835596	51834	51834	103668	0.65161571
K562	sage	test_intra	K562	chrX	23	SNS	0.08649756	0.31618468	51834	51834	103668	0.67333585
K562	sage	test_intra	K562	chrX	24	CNS	0.41382629	0.4593554	53099	53099	106198	0.60092995
K562	sage	test_intra	K562	chrX	24	MNS	0.15607327	0.3322248	53099	53099	106198	0.6603935
K562	sage	test_intra	K562	chrX	24	SNS	0.1059658	0.31962379	53099	53099	106198	0.67852844
K562	sage	test_intra	K562	chrX	25	CNS	0.43506646	0.46787935	47187	47187	94374	0.63024621
K562	sage	test_intra	K562	chrX	25	MNS	0.18093079	0.3408015	47187	47187	94374	0.68751356
K562	sage	test_intra	K562	chrX	25	SNS	0.16443711	0.33473265	47187	47187	94374	0.69226075
K562	sage	test_intra	K562	chrX	26	CNS	0.41253261	0.45893857	58339	58339	116678	0.60271133
K562	sage	test_intra	K562	chrX	26	MNS	0.14891838	0.33068595	58339	58339	116678	0.66367214
K562	sage	test_intra	K562	chrX	26	SNS	0.10206041	0.31938638	58339	58339	116678	0.6809377
K562	sage	test_intra	K562	chrX	27	CNS	0.41469926	0.4612631	54185	54185	108370	0.59852304
K562	sage	test_intra	K562	chrX	27	MNS	0.14921307	0.33028585	54185	54185	108370	0.65729453
K562	sage	test_intra	K562	chrX	27	SNS	0.094329782	0.31770199	54185	54185	108370	0.67839559
K562	sage	test_intra	K562	chrX	28	CNS	0.44560469	0.47596015	40118	40118	80236	0.63533282
K562	sage	test_intra	K562	chrX	28	MNS	0.19302333	0.34438786	40118	40118	80236	0.69007451
K562	sage	test_intra	K562	chrX	28	SNS	0.18128446	0.33924723	40118	40118	80236	0.69361903
K562	sage	test_intra	K562	chrX	29	CNS	0.43778603	0.47345983	45195	45195	90390	0.62808021
K562	sage	test_intra	K562	chrX	29	MNS	0.17984321	0.33941762	45195	45195	90390	0.68349876
K562	sage	test_intra	K562	chrX	29	SNS	0.15190598	0.33020646	45195	45195	90390	0.69209804
K562	sage	test_intra	K562	chrX	3	CNS	0.41151959	0.46237868	58765	58765	117530	0.59305423
K562	sage	test_intra	K562	chrX	3	MNS	0.1407865	0.32789037	58765	58765	117530	0.6530913
K562	sage	test_intra	K562	chrX	3	SNS	0.08229762	0.31565061	58765	58765	117530	0.67664935
K562	sage	test_intra	K562	chrX	30	CNS	0.40768995	0.45926369	57089	57089	114178	0.58232691
K562	sage	test_intra	K562	chrX	30	MNS	0.12157823	0.32307729	57089	57089	114178	0.64451815
K562	sage	test_intra	K562	chrX	30	SNS	0.059090294	0.31244621	57089	57089	114178	0.67365696
K562	sage	test_intra	K562	chrX	31	CNS	0.40939708	0.45963909	56907	56907	113814	0.58409348
K562	sage	test_intra	K562	chrX	31	MNS	0.12308194	0.32359934	56907	56907	113814	0.64637613
K562	sage	test_intra	K562	chrX	31	SNS	0.060363932	0.31257325	56907	56907	113814	0.67541748
K562	sage	test_intra	K562	chrX	4	CNS	0.41535128	0.45950696	55777	55777	111554	0.60926704
K562	sage	test_intra	K562	chrX	4	MNS	0.16166482	0.33445524	55777	55777	111554	0.66695803
K562	sage	test_intra	K562	chrX	4	SNS	0.11441725	0.32175584	55777	55777	111554	0.68335392
K562	sage	test_intra	K562	chrX	5	CNS	0.43814432	0.47393409	43965	43965	87930	0.62135346
K562	sage	test_intra	K562	chrX	5	MNS	0.16960231	0.33609541	43965	43965	87930	0.68001062
K562	sage	test_intra	K562	chrX	5	SNS	0.14426688	0.32870672	43965	43965	87930	0.68794076
K562	sage	test_intra	K562	chrX	6	CNS	0.43331508	0.47043443	47533	47533	95066	0.61088968
K562	sage	test_intra	K562	chrX	6	MNS	0.16633337	0.3352286	47533	47533	95066	0.66919701
K562	sage	test_intra	K562	chrX	6	SNS	0.12641369	0.32408916	47533	47533	95066	0.68250018
K562	sage	test_intra	K562	chrX	7	CNS	0.42651928	0.47219406	47637	47637	95274	0.58725619
K562	sage	test_intra	K562	chrX	7	MNS	0.13497707	0.32591149	47637	47637	95274	0.65094993
K562	sage	test_intra	K562	chrX	7	SNS	0.080161742	0.31546021	47637	47637	95274	0.67215362
K562	sage	test_intra	K562	chrX	8	CNS	0.41231462	0.45948934	58367	58367	116734	0.59652159
K562	sage	test_intra	K562	chrX	8	MNS	0.14349308	0.32899423	58367	58367	116734	0.65926698
K562	sage	test_intra	K562	chrX	8	SNS	0.094080913	0.31758255	58367	58367	116734	0.67822896
K562	sage	test_intra	K562	chrX	9	CNS	0.39939163	0.45586343	58552	58552	117104	0.5856596
K562	sage	test_intra	K562	chrX	9	MNS	0.13175961	0.32549497	58552	58552	117104	0.64369212
K562	sage	test_intra	K562	chrX	9	SNS	0.064121855	0.31309098	58552	58552	117104	0.67415159
K562	sage	valid	K562	chr13	0	CNS	0.41151778	0.46138094	31484	31484	62968	0.56092635
K562	sage	valid	K562	chr13	0	MNS	0.13098958	0.32498366	31484	31484	62968	0.61138873
K562	sage	valid	K562	chr13	0	SNS	0.037395306	0.31056258	31484	31484	62968	0.65879591
K562	sage	valid	K562	chr13	1	CNS	0.41465251	0.46301249	54743	54743	109486	0.59546212
K562	sage	valid	K562	chr13	1	MNS	0.14108606	0.32787431	54743	54743	109486	0.65757683
K562	sage	valid	K562	chr13	1	SNS	0.08916195	0.31672865	54743	54743	109486	0.67758082
K562	sage	valid	K562	chr13	10	CNS	0.4425555	0.47657358	42763	42763	85526	0.6102047
K562	sage	valid	K562	chr13	10	MNS	0.16455137	0.33433034	42763	42763	85526	0.66963121
K562	sage	valid	K562	chr13	10	SNS	0.1285777	0.3245101	42763	42763	85526	0.68187228
K562	sage	valid	K562	chr13	11	CNS	0.42847768	0.4702616	48745	48745	97490	0.6067764
K562	sage	valid	K562	chr13	11	MNS	0.15973125	0.33294135	48745	48745	97490	0.66516241
K562	sage	valid	K562	chr13	11	SNS	0.11425172	0.3214566	48745	48745	97490	0.68106509
K562	sage	valid	K562	chr13	12	CNS	0.3968902	0.45423276	60400	60400	120800	0.58569152
K562	sage	valid	K562	chr13	12	MNS	0.13634853	0.32644764	60400	60400	120800	0.65049546
K562	sage	valid	K562	chr13	12	SNS	0.084204586	0.31581615	60400	60400	120800	0.66822479
K562	sage	valid	K562	chr13	13	CNS	0.44846673	0.47747366	40805	40805	81610	0.64061485
K562	sage	valid	K562	chr13	13	MNS	0.19826803	0.34690263	40805	40805	81610	0.69489086
K562	sage	valid	K562	chr13	13	SNS	0.19186421	0.34354989	40805	40805	81610	0.69687064
K562	sage	valid	K562	chr13	14	CNS	0.38077379	0.43640772	94269	94269	188538	0.59207643
K562	sage	valid	K562	chr13	14	MNS	0.20295287	0.3446795	94269	94269	188538	0.63515205
K562	sage	valid	K562	chr13	14	SNS	0.094981311	0.31818476	94269	94269	188538	0.66762482
K562	sage	valid	K562	chr13	15	CNS	0.35952059	0.42502597	120682	120682	241364	0.60014128
K562	sage	valid	K562	chr13	15	MNS	0.160807	0.33220533	120682	120682	241364	0.64712957
K562	sage	valid	K562	chr13	15	SNS	0.085448353	0.3162833	120682	120682	241364	0.67256266
K562	sage	valid	K562	chr13	16	CNS	0.41173723	0.4632546	60231	60231	120462	0.58877073
K562	sage	valid	K562	chr13	16	MNS	0.13382412	0.32636253	60231	60231	120462	0.64904425
K562	sage	valid	K562	chr13	16	SNS	0.073366443	0.31432126	60231	60231	120462	0.67569159
K562	sage	valid	K562	chr13	17	CNS	0.43608407	0.47127221	46647	46647	93294	0.6236688
K562	sage	valid	K562	chr13	17	MNS	0.17373865	0.3376509	46647	46647	93294	0.68067574
K562	sage	valid	K562	chr13	17	SNS	0.14486571	0.32904326	46647	46647	93294	0.68954467
K562	sage	valid	K562	chr13	18	CNS	0.41566913	0.46603653	54650	54650	109300	0.59275164
K562	sage	valid	K562	chr13	18	MNS	0.14861913	0.3300668	54650	54650	109300	0.6525248
K562	sage	valid	K562	chr13	18	SNS	0.093852753	0.31748536	54650	54650	109300	0.67394706
K562	sage	valid	K562	chr13	19	CNS	0.41376664	0.46243719	52386	52386	104772	0.58657793
K562	sage	valid	K562	chr13	19	MNS	0.12741554	0.32436006	52386	52386	104772	0.64955757
K562	sage	valid	K562	chr13	19	SNS	0.071018979	0.31395565	52386	52386	104772	0.67379047
K562	sage	valid	K562	chr13	2	CNS	0.40980118	0.45950169	59262	59262	118524	0.59825449
K562	sage	valid	K562	chr13	2	MNS	0.1448708	0.32911267	59262	59262	118524	0.65760979
K562	sage	valid	K562	chr13	2	SNS	0.086121594	0.31620518	59262	59262	118524	0.68075301
K562	sage	valid	K562	chr13	3	CNS	0.42510978	0.46720678	49979	49979	99958	0.61443611
K562	sage	valid	K562	chr13	3	MNS	0.1718718	0.33750543	49979	49979	99958	0.67074939
K562	sage	valid	K562	chr13	3	SNS	0.12404427	0.32378804	49979	49979	99958	0.68663602
K562	sage	valid	K562	chr13	4	CNS	0.42350865	0.46678447	53455	53455	106910	0.60662071
K562	sage	valid	K562	chr13	4	MNS	0.15410185	0.33179167	53455	53455	106910	0.66710723
K562	sage	valid	K562	chr13	4	SNS	0.10953048	0.32072322	53455	53455	106910	0.68292971
K562	sage	valid	K562	chr13	5	CNS	0.40649058	0.4578396	59872	59872	119744	0.59536999
K562	sage	valid	K562	chr13	5	MNS	0.14152993	0.32833905	59872	59872	119744	0.6568215
K562	sage	valid	K562	chr13	5	SNS	0.086823197	0.31626055	59872	59872	119744	0.67849312
K562	sage	valid	K562	chr13	6	CNS	0.41290365	0.45972189	57751	57751	115502	0.59672012
K562	sage	valid	K562	chr13	6	MNS	0.1435376	0.32879531	57751	57751	115502	0.6570634
K562	sage	valid	K562	chr13	6	SNS	0.089325875	0.31685356	57751	57751	115502	0.6782225
K562	sage	valid	K562	chr13	7	CNS	0.42158268	0.46794257	46946	46946	93892	0.58642345
K562	sage	valid	K562	chr13	7	MNS	0.1370464	0.32632679	46946	46946	93892	0.64841135
K562	sage	valid	K562	chr13	7	SNS	0.077211137	0.31509332	46946	46946	93892	0.67089525
K562	sage	valid	K562	chr13	8	CNS	0.43741152	0.47525145	45244	45244	90488	0.60846656
K562	sage	valid	K562	chr13	8	MNS	0.16571452	0.33475831	45244	45244	90488	0.66783247
K562	sage	valid	K562	chr13	8	SNS	0.12407198	0.32356575	45244	45244	90488	0.68163277
K562	sage	valid	K562	chr13	9	CNS	0.45189339	0.47966993	40572	40572	81144	0.63246057
K562	sage	valid	K562	chr13	9	MNS	0.18742673	0.34212887	40572	40572	81144	0.68928557
K562	sage	valid	K562	chr13	9	SNS	0.17595792	0.33733498	40572	40572	81144	0.69284142
K562	sage	valid	K562	chr15	0	CNS	0.42858017	0.46530284	15714	15714	31428	0.57953817
K562	sage	valid	K562	chr15	0	MNS	0.22732409	0.35325674	15714	15714	31428	0.60910569
K562	sage	valid	K562	chr15	0	SNS	0.074038884	0.3158056	15714	15714	31428	0.66034514
K562	sage	valid	K562	chr15	1	CNS	0.40078909	0.45025744	62915	62915	125830	0.62047908
K562	sage	valid	K562	chr15	1	MNS	0.17820487	0.33944054	62915	62915	125830	0.6697452
K562	sage	valid	K562	chr15	1	SNS	0.12905838	0.32453962	62915	62915	125830	0.68608207
K562	sage	valid	K562	chr15	10	CNS	0.38024512	0.44491678	85809	85809	171618	0.58791304
K562	sage	valid	K562	chr15	10	MNS	0.1275267	0.32444183	85809	85809	171618	0.64713908
K562	sage	valid	K562	chr15	10	SNS	0.067091146	0.31339469	85809	85809	171618	0.67376014
K562	sage	valid	K562	chr15	11	CNS	0.37489129	0.4414013	92493	92493	184986	0.58641211
K562	sage	valid	K562	chr15	11	MNS	0.12676298	0.32462727	92493	92493	184986	0.64439817
K562	sage	valid	K562	chr15	11	SNS	0.063886079	0.31284638	92493	92493	184986	0.67415689
K562	sage	valid	K562	chr15	12	CNS	0.38069861	0.44302849	88323	88323	176646	0.59106143
K562	sage	valid	K562	chr15	12	MNS	0.13328512	0.32601503	88323	88323	176646	0.64887999
K562	sage	valid	K562	chr15	12	SNS	0.071939474	0.31399467	88323	88323	176646	0.67531377
K562	sage	valid	K562	chr15	13	CNS	0.38211556	0.44574305	77803	77803	155606	0.57808541
K562	sage	valid	K562	chr15	13	MNS	0.1234265	0.3233291	77803	77803	155606	0.63842892
K562	sage	valid	K562	chr15	13	SNS	0.0607325	0.31242356	77803	77803	155606	0.66691674
K562	sage	valid	K562	chr15	14	CNS	0.37174553	0.43846629	93180	93180	186360	0.58393623
K562	sage	valid	K562	chr15	14	MNS	0.12896735	0.32555571	93180	93180	186360	0.63965118
K562	sage	valid	K562	chr15	14	SNS	0.061227961	0.31243758	93180	93180	186360	0.67241271
K562	sage	valid	K562	chr15	15	CNS	0.3944909	0.44893374	83563	83563	167126	0.61132177
K562	sage	valid	K562	chr15	15	MNS	0.15637738	0.33196405	83563	83563	167126	0.66687519
K562	sage	valid	K562	chr15	15	SNS	0.10931478	0.32052163	83563	83563	167126	0.68312521
K562	sage	valid	K562	chr15	16	CNS	0.39095338	0.44947105	77512	77512	155024	0.58931538
K562	sage	valid	K562	chr15	16	MNS	0.13262173	0.32551844	77512	77512	155024	0.64720367
K562	sage	valid	K562	chr15	16	SNS	0.074245742	0.3144302	77512	77512	155024	0.67242141
K562	sage	valid	K562	chr15	2	CNS	0.39792729	0.45202964	64648	64648	129296	0.59158573
K562	sage	valid	K562	chr15	2	MNS	0.13821062	0.32718317	64648	64648	129296	0.65195973
K562	sage	valid	K562	chr15	2	SNS	0.085584978	0.31617677	64648	64648	129296	0.67244437
K562	sage	valid	K562	chr15	3	CNS	0.38935727	0.44879829	74655	74655	149310	0.59119115
K562	sage	valid	K562	chr15	3	MNS	0.1441125	0.32878872	74655	74655	149310	0.64434725
K562	sage	valid	K562	chr15	3	SNS	0.075793223	0.31467809	74655	74655	149310	0.67361859
K562	sage	valid	K562	chr15	4	CNS	0.37496887	0.44262117	87842	87842	175684	0.57515671
K562	sage	valid	K562	chr15	4	MNS	0.11334788	0.32134574	87842	87842	175684	0.63499678
K562	sage	valid	K562	chr15	4	SNS	0.047025995	0.31108494	87842	87842	175684	0.66857037
K562	sage	valid	K562	chr15	5	CNS	0.36524424	0.43618431	90061	90061	180122	0.57075779
K562	sage	valid	K562	chr15	5	MNS	0.10680748	0.3200633	90061	90061	180122	0.62897727
K562	sage	valid	K562	chr15	5	SNS	0.041205675	0.3105133	90061	90061	180122	0.66597047
K562	sage	valid	K562	chr15	6	CNS	0.38176085	0.44518641	85758	85758	171516	0.59977857
K562	sage	valid	K562	chr15	6	MNS	0.14450345	0.32828327	85758	85758	171516	0.65395933
K562	sage	valid	K562	chr15	6	SNS	0.081786675	0.31566985	85758	85758	171516	0.67850348
K562	sage	valid	K562	chr15	7	CNS	0.38879411	0.44303639	79639	79639	159278	0.61671743
K562	sage	valid	K562	chr15	7	MNS	0.16279777	0.3346968	79639	79639	159278	0.67074551
K562	sage	valid	K562	chr15	7	SNS	0.12027725	0.32288176	79639	79639	159278	0.68510168
K562	sage	valid	K562	chr15	8	CNS	0.3781331	0.44273121	88407	88407	176814	0.59618989
K562	sage	valid	K562	chr15	8	MNS	0.13838508	0.32715056	88407	88407	176814	0.65117097
K562	sage	valid	K562	chr15	8	SNS	0.074884774	0.31456867	88407	88407	176814	0.67776086
K562	sage	valid	K562	chr15	9	CNS	0.36354767	0.43603027	98234	98234	196468	0.58318775
K562	sage	valid	K562	chr15	9	MNS	0.12182722	0.32332713	98234	98234	196468	0.63981382
K562	sage	valid	K562	chr15	9	SNS	0.054404904	0.3116945	98234	98234	196468	0.67334532
