example_rank	example_label	cell_line	model	chrom	subgraph_index	bin_start	replacement_node	replacement_genomic_bin	replacement_start_bp	replacement_label	interaction_nodes	interaction_genomic_bins	score	span_bins	distance_from_positive_node_bins	distance_from_cns_node_bins	feature_H3K4me3	feature_H3K27ac	feature_H3K27me3	feature_H3K4me1	feature_H3K36me3	feature_H3K9me3	feature_H3K9ac	feature_H3K4me2	feature_H4K20me1	feature_H2AFZ	feature_H3K79me2	feature_CTCF	feature_POLR2A	feature_RAD21	feature_ATAC
1	order_4_rank_1	GM12878	GM12878	chr14	12	15204	101	15305	76525000	scan	101,345,360,363	15305,15549,15564,15567	0.3674846	262	-220	-613	0.098294422	0.0032217072	0.2421529	0.027981848	0.044900093	0.068816409	0.011263655	0.019471927	0.24727599	0.047464002	0.0060097012	0.081575491	0.0073562819	0.1196158	0.19510077
1	order_4_rank_1	GM12878	GM12878	chr14	12	15204	102	15306	76530000	scan	102,345,360,363	15306,15549,15564,15567	0.36900005	261	-219	-612	0.090849243	0.0039813053	0.23683853	0.028401941	0.077375114	0.069443427	0.017657895	0.016653176	0.21977118	0.069812439	0.0053335247	0.10575221	0.0057628108	0.12541196	0.21927632
1	order_4_rank_1	GM12878	GM12878	chr14	12	15204	103	15307	76535000	scan	103,345,360,363	15307,15549,15564,15567	0.3704024	260	-218	-611	0.082756512	0.0030896624	0.20359479	0.014734923	0.053353477	0.08678972	0.010239897	0.0094972653	0.17432883	0.049921405	0.0027162191	0.055937193	0.0054720547	0.13068925	0.13720028
1	order_4_rank_1	GM12878	GM12878	chr14	12	15204	104	15308	76540000	scan	104,345,360,363	15308,15549,15564,15567	0.37179393	259	-217	-610	0.097477034	0.0021590882	0.24808532	0.031387612	0.046840206	0.059273485	0.012265926	0.015731346	0.19649388	0.042325176	0.005445607	0.085143946	0.0085180011	0.13340591	0.19728798
1	order_4_rank_1	GM12878	GM12878	chr14	12	15204	105	15309	76545000	scan	105,345,360,363	15309,15549,15564,15567	0.3734445	258	-216	-609	0.08659301	0.0025656642	0.23095138	0.048407007	0.063889965	0.027262704	0.010223053	0.014760843	0.22768584	0.066035345	0.0051449016	0.31071717	0.0060499269	0.39112619	0.42731413
1	order_4_rank_1	GM12878	GM12878	chr14	12	15204	106	15310	76550000	scan	106,345,360,363	15310,15549,15564,15567	0.37471566	257	-215	-608	0.098136172	0.0060374993	0.23454028	0.055875447	0.051935356	0.048855372	0.011180267	0.024396587	0.22960052	0.082985319	0.0079419697	0.13777179	0.0062577161	0.12144366	0.22560145
1	order_4_rank_1	GM12878	GM12878	chr14	12	15204	107	15311	76555000	scan	107,345,360,363	15311,15549,15564,15567	0.37631211	256	-214	-607	0.10759758	0.0041772346	0.22394186	0.022620229	0.0476037	0.055020452	0.0092066461	0.0095907953	0.1414149	0.042718742	0.0047380179	0.10993544	0.0051728929	0.13216697	0.11995802
1	order_4_rank_1	GM12878	GM12878	chr14	12	15204	108	15312	76560000	scan	108,345,360,363	15312,15549,15564,15567	0.37768897	255	-213	-606	0.099018909	0.003678656	0.31923199	0.040976617	0.047630269	0.14691983	0.010928167	0.017640509	0.20938089	0.080777332	0.0059028449	0.22839318	0.0033748897	0.16049714	0.1996955
1	order_4_rank_1	GM12878	GM12878	chr14	12	15204	109	15313	76565000	scan	109,345,360,363	15313,15549,15564,15567	0.37932017	254	-212	-605	0.080462031	0.0022598482	0.18909419	0.024620572	0.056598008	0.073957369	0.0071188859	0.0093965018	0.11745033	0.032417722	0.0018119012	0.21044227	0.0041043647	0.13100308	0.20779143
1	order_4_rank_1	GM12878	GM12878	chr14	12	15204	110	15314	76570000	scan	110,345,360,363	15314,15549,15564,15567	0.38068685	253	-211	-604	0.092692219	0.0039055424	0.25731489	0.036812555	0.061539374	0.050522417	0.0070959665	0.0051602786	0.21723637	0.037675016	0.0045315931	0.10182356	0.0037962659	0.12516949	0.17852303
1	order_4_rank_1	GM12878	GM12878	chr14	12	15204	111	15315	76575000	scan	111,345,360,363	15315,15549,15564,15567	0.3820968	252	-210	-603	0.089377679	0.0039950884	0.2928952	0.025363585	0.050514136	0.092017084	0.010893707	0.0067429808	0.21492353	0.060931683	0.0048982431	0.053327173	0.0064197467	0.14014819	0.15359813
1	order_4_rank_1	GM12878	GM12878	chr14	12	15204	112	15316	76580000	scan	112,345,360,363	15316,15549,15564,15567	0.38365966	251	-209	-602	0.091483079	0.0052225897	0.30452651	0.04818498	0.074777722	0.07772515	0.01038684	0.029131157	0.25092098	0.07922627	0.0034476055	0.18038219	0.0099132927	0.10664857	0.27976403
1	order_4_rank_1	GM12878	GM12878	chr14	12	15204	113	15317	76585000	scan	113,345,360,363	15317,15549,15564,15567	0.38501546	250	-208	-601	0.1025525	0.00073447713	0.16772635	0.052399639	0.042905085	0.08443097	0.0084449286	0.023875214	0.18481444	0.055097286	0.0043643997	0.082258277	0.0063290643	0.09757562	0.21464273
1	order_4_rank_1	GM12878	GM12878	chr14	12	15204	114	15318	76590000	scan	114,345,360,363	15318,15549,15564,15567	0.38645291	249	-207	-600	0.093782961	0.0033705444	0.35074565	0.04943607	0.062065013	0.088955112	0.0084235147	0.024716312	0.24724317	0.068548292	0.0059003429	0.077800669	0.010274168	0.10966893	0.2884497
1	order_4_rank_1	GM12878	GM12878	chr14	12	15204	115	15319	76595000	scan	115,345,360,363	15319,15549,15564,15567	0.38792941	248	-206	-599	0.093219638	0.0049626925	0.21751359	0.042555131	0.038414005	0.077314891	0.01168784	0.015212357	0.24470641	0.056615327	0.0050184447	0.097927719	0.0052010771	0.10537651	0.34957042
1	order_4_rank_1	GM12878	GM12878	chr14	12	15204	116	15320	76600000	scan	116,345,360,363	15320,15549,15564,15567	0.3893714	247	-205	-598	0.1065869	0.0029967299	0.36313945	0.025095936	0.075305626	0.11403428	0.0075099012	0.013540477	0.20355414	0.035670642	0.0023245353	0.062984772	0.0067506512	0.16915303	0.23188381
1	order_4_rank_1	GM12878	GM12878	chr14	12	15204	117	15321	76605000	scan	117,345,360,363	15321,15549,15564,15567	0.39078537	246	-204	-597	0.085726082	0.0029877867	0.30464903	0.021936281	0.055893537	0.064794362	0.0094196275	0.014383226	0.19560218	0.054316238	0.0038022196	0.0523271	0.0068024788	0.12809621	0.13164222
1	order_4_rank_1	GM12878	GM12878	chr14	12	15204	118	15322	76610000	scan	118,345,360,363	15322,15549,15564,15567	0.39213404	245	-203	-596	0.12121333	0.005065422	0.32837525	0.038815636	0.052355107	0.11048167	0.0060756425	0.0099368859	0.24306408	0.082855515	0.0051416741	0.089137383	0.0083132908	0.16427472	0.14752181
1	order_4_rank_1	GM12878	GM12878	chr14	12	15204	119	15323	76615000	scan	119,345,360,363	15323,15549,15564,15567	0.39349785	244	-202	-595	0.12333778	0.0039376905	0.2673029	0.028075319	0.07818649	0.28813073	0.0052754888	0.016922077	0.22830239	0.073340379	0.0037349986	0.10364912	0.0059799212	0.1456105	0.078917861
1	order_4_rank_1	GM12878	GM12878	chr14	12	15204	120	15324	76620000	scan	120,345,360,363	15324,15549,15564,15567	0.39498019	243	-201	-594	0.091355428	0.0061940406	0.37312427	0.022126257	0.055211943	0.11363244	0.0084764007	0.016798478	0.20659241	0.044350635	0.0058761211	0.067757055	0.0029853706	0.13245462	0.17950279
1	order_4_rank_1	GM12878	GM12878	chr14	12	15204	121	15325	76625000	scan	121,345,360,363	15325,15549,15564,15567	0.39636835	242	-200	-593	0.1000236	0.0044232579	0.27372846	0.075051397	0.054587461	0.13034697	0.010652516	0.035534393	0.15674642	0.10749541	0.0076610222	0.11750543	0.0076509933	0.17379637	0.3013494
1	order_4_rank_1	GM12878	GM12878	chr14	12	15204	122	15326	76630000	scan	122,345,360,363	15326,15549,15564,15567	0.39783275	241	-199	-592	0.11401508	0.0046247239	0.21564265	0.043166645	0.061071567	0.15628792	0.0095939254	0.01791843	0.13909604	0.081688173	0.0047498485	0.082487427	0.0040817321	0.14747742	0.14994875
1	order_4_rank_1	GM12878	GM12878	chr14	12	15204	123	15327	76635000	scan	123,345,360,363	15327,15549,15564,15567	0.39929569	240	-198	-591	0.11444278	0.0037926426	0.18774983	0.026501279	0.045016758	0.099702053	0.011315862	0.015156888	0.13676649	0.042830762	0.0076755253	0.074946582	0.003899138	0.13009262	0.10839099
1	order_4_rank_1	GM12878	GM12878	chr14	12	15204	124	15328	76640000	scan	124,345,360,363	15328,15549,15564,15567	0.40075681	239	-197	-590	0.10444732	0.0051053115	0.26605281	0.086083174	0.054638114	0.097458929	0.012621229	0.01989061	0.18981119	0.096469864	0.0081715202	0.21419191	0.0088927625	0.3678045	0.37407395
1	order_4_rank_1	GM12878	GM12878	chr14	12	15204	125	15329	76645000	scan	125,345,360,363	15329,15549,15564,15567	0.40240011	238	-196	-589	0.098682903	0.0054774163	0.16641712	0.039945882	0.031815335	0.09656556	0.01131947	0.022422852	0.20575438	0.09671738	0.0042844457	0.46975777	0.01073773	0.55888718	0.69971669
1	order_4_rank_1	GM12878	GM12878	chr14	12	15204	126	15330	76650000	scan	126,345,360,363	15330,15549,15564,15567	0.40357599	237	-195	-588	0.10276653	0.001071798	0.2662085	0.033246994	0.052681718	0.11883938	0.0075801746	0.018822121	0.33274439	0.058432948	0.0049776533	0.096062265	0.0049034562	0.11289252	0.26769078
1	order_4_rank_1	GM12878	GM12878	chr14	12	15204	127	15331	76655000	scan	127,345,360,363	15331,15549,15564,15567	0.40488172	236	-194	-587	0.10200626	0.0040376913	0.20130655	0.03552866	0.039628357	0.26910406	0.0098972702	0.014830643	0.16553919	0.051796097	0.0061399238	0.11838145	0.0060990341	0.1348311	0.12905614
1	order_4_rank_1	GM12878	GM12878	chr14	12	15204	128	15332	76660000	scan	128,345,360,363	15332,15549,15564,15567	0.40637654	235	-193	-586	0.1010518	0.0068763033	0.22603939	0.034866694	0.048162147	0.18479182	0.012267831	0.023188861	0.24895461	0.046890508	0.0082400907	0.11293191	0.0064623202	0.20261177	0.1488414
1	order_4_rank_1	GM12878	GM12878	chr14	12	15204	129	15333	76665000	scan	129,345,360,363	15333,15549,15564,15567	0.40791497	234	-192	-585	0.11872963	0.0044342	0.29681456	0.031525683	0.059517469	0.098203331	0.012202524	0.014752113	0.22303501	0.047958337	0.0031930159	0.077553421	0.0044946074	0.16108558	0.17077495
1	order_4_rank_1	GM12878	GM12878	chr14	12	15204	130	15334	76670000	scan	130,345,360,363	15334,15549,15564,15567	0.40929535	233	-191	-584	0.10821462	0.0034825581	0.32937503	0.0299668	0.037353728	0.079886086	0.011370842	0.014219278	0.20234898	0.0553957	0.0019144006	0.09786889	0.0058493009	0.13786905	0.19389647
1	order_4_rank_1	GM12878	GM12878	chr14	12	15204	131	15335	76675000	scan	131,345,360,363	15335,15549,15564,15567	0.41066989	232	-190	-583	0.10780837	0.0028937487	0.27729112	0.047524422	0.030934555	0.1035711	0.0083202813	0.013905959	0.11189433	0.058045574	0.0062224567	0.08466655	0.0053976066	0.18876658	0.12499319
1	order_4_rank_1	GM12878	GM12878	chr14	12	15204	132	15336	76680000	scan	132,345,360,363	15336,15549,15564,15567	0.41216874	231	-189	-582	0.13266385	0.0035159267	0.11414155	0.014673216	0.059065118	0.18273921	0.0070405826	0.0084937513	0.10397229	0.047866344	0.00091245165	0.11080746	0.0043696184	0.11824181	0.077139549
1	order_4_rank_1	GM12878	GM12878	chr14	12	15204	133	15337	76685000	scan	133,345,360,363	15337,15549,15564,15567	0.41339916	230	-188	-581	0.11850739	0.0039431788	0.18609504	0.030516336	0.038824931	0.24807721	0.011180182	0.014338187	0.084374726	0.051380567	0.0061342129	0.10282946	0.0057452628	0.12823693	0.061675373
1	order_4_rank_1	GM12878	GM12878	chr14	12	15204	134	15338	76690000	scan	134,345,360,363	15338,15549,15564,15567	0.41493523	229	-187	-580	0.095941529	0.0022237008	0.35353822	0.023402788	0.054877516	0.05804392	0.0065538259	0.010591753	0.15285085	0.039476387	0.0034996311	0.096968092	0.003420043	0.1282133	0.14163807
1	order_4_rank_1	GM12878	GM12878	chr14	12	15204	135	15339	76695000	scan	135,345,360,363	15339,15549,15564,15567	0.41617149	228	-186	-579	0.10983969	0.0074579171	0.28042707	0.089358322	0.08326216	0.07224796	0.0077317837	0.036681432	0.17274097	0.070921682	0.0064562014	0.08290185	0.0096108578	0.15022244	0.32211205
1	order_4_rank_1	GM12878	GM12878	chr14	12	15204	136	15340	76700000	scan	136,345,360,363	15340,15549,15564,15567	0.41749668	227	-185	-578	0.10249952	0.0023279523	0.2488721	0.02587148	0.068560846	0.061471656	0.0095545519	0.0081591262	0.12436881	0.066163637	0.0056508118	0.091221288	0.0067714052	0.085956216	0.16256332
1	order_4_rank_1	GM12878	GM12878	chr14	12	15204	137	15341	76705000	scan	137,345,360,363	15341,15549,15564,15567	0.41872168	226	-184	-577	0.093281843	0.0042423098	0.19835699	0.048808422	0.065645248	0.07833945	0.013471806	0.0096512735	0.11972529	0.05816659	0.002219283	0.055685546	0.0073534981	0.3204855	0.3464449
1	order_4_rank_1	GM12878	GM12878	chr14	12	15204	138	15342	76710000	scan	138,345,360,363	15342,15549,15564,15567	0.42003152	225	-183	-576	0.085782915	0.0048988746	0.27435341	0.055433717	0.0446743	0.077582307	0.016735978	0.02875858	0.19619738	0.053899348	0.0079187145	0.48033595	0.0039083995	0.27759081	0.35927737
1	order_4_rank_1	GM12878	GM12878	chr14	12	15204	139	15343	76715000	scan	139,345,360,363	15343,15549,15564,15567	0.42104509	224	-182	-575	0.095193014	0.015791696	0.19758107	0.12625241	0.051214848	0.16451399	0.012154746	0.034785528	0.14794636	0.086097129	0.0088899843	0.08184287	0.0097618597	0.2079405	0.30366343
1	order_4_rank_1	GM12878	GM12878	chr14	12	15204	140	15344	76720000	scan	140,345,360,363	15344,15549,15564,15567	0.42253771	223	-181	-574	0.13100992	0.022975052	0.10774367	0.19107498	0.059180304	0.10454164	0.023363318	0.11488686	0.13324182	0.13113526	0.0098504089	0.10721669	0.0059527475	0.17821026	0.70619315
1	order_4_rank_1	GM12878	GM12878	chr14	12	15204	141	15345	76725000	scan	141,345,360,363	15345,15549,15564,15567	0.42408669	222	-180	-573	0.11334547	0.0054776561	0.24812102	0.084537715	0.045734696	0.093412407	0.0099545736	0.045838002	0.20378183	0.099124916	0.0065162289	0.081341557	0.0050690239	0.19059601	0.35858747
1	order_4_rank_1	GM12878	GM12878	chr14	12	15204	142	15346	76730000	scan	142,345,360,363	15346,15549,15564,15567	0.42574483	221	-179	-572	0.07832519	0.0071236626	0.11697124	0.04424255	0.064519875	0.073282182	0.0077085495	0.022141453	0.11668645	0.056533799	0.0056034424	0.062205534	0.0065531922	0.11382293	0.1950745
1	order_4_rank_1	GM12878	GM12878	chr14	12	15204	143	15347	76735000	scan	143,345,360,363	15347,15549,15564,15567	0.42713657	220	-178	-571	0.10447756	0.0044895732	0.11025719	0.038591281	0.048140112	0.16541991	0.011351628	0.021048194	0.13089144	0.04129035	0.0077316668	0.07087522	0.004303399	0.12629609	0.089418933
1	order_4_rank_1	GM12878	GM12878	chr14	12	15204	144	15348	76740000	scan	144,345,360,363	15348,15549,15564,15567	0.42854413	219	-177	-570	0.11640085	0.0061039981	0.063915551	0.058399688	0.050983489	0.35374931	0.0050097974	0.017879162	0.12476759	0.041171033	0.0044884072	0.063635454	0.0046461564	0.10866252	0.11463939
1	order_4_rank_1	GM12878	GM12878	chr14	12	15204	145	15349	76745000	scan	145,345,360,363	15349,15549,15564,15567	0.43054774	218	-176	-569	0.015677936	0.00077624299	0.0096679712	0.0063579753	0.013499035	0.04569719	0.0013855676	0.0027056916	0.03934022	0	0.00059164618	0.0081883939	0.00057464518	0.0015874273	0.0071696579
1	order_4_rank_1	GM12878	GM12878	chr14	12	15204	146	15350	76750000	scan	146,345,360,363	15350,15549,15564,15567	0.43189311	217	-175	-568	0.050356008	0.0027480228	0.27378058	0.020202603	0.058426283	0.060042731	0.0047795665	0.0060309721	0.18546407	0.039935816	0.0056710681	0.064097732	0.0049723978	0.079410858	0.20745409
1	order_4_rank_1	GM12878	GM12878	chr14	12	15204	147	15351	76755000	scan	147,345,360,363	15351,15549,15564,15567	0.43347391	216	-174	-567	0.096078448	0.0038558012	0.24137005	0.0402929	0.055761661	0.077363513	0.0080452068	0.019403195	0.20204833	0.055192642	0.0036577713	0.077837333	0.004406041	0.11974024	0.17236412
1	order_4_rank_1	GM12878	GM12878	chr14	12	15204	148	15352	76760000	scan	148,345,360,363	15352,15549,15564,15567	0.43508923	215	-173	-566	0.30227715	0.012464477	0.39721644	0.14244553	0.080788985	0.094395891	0.030805388	0.35976037	0.34632844	0.40258652	0.0088590635	0.056408539	0.011949709	0.27072808	0.85296583
1	order_4_rank_1	GM12878	GM12878	chr14	12	15204	149	15353	76765000	scan	149,345,360,363	15353,15549,15564,15567	0.43686843	214	-172	-565	0.12784822	0.010339979	0.17158639	0.24592967	0.0837382	0.05752131	0.01590172	0.12810072	0.18751557	0.28487188	0.0073587545	0.082146995	0.0090552522	0.12852304	0.76405996
1	order_4_rank_1	GM12878	GM12878	chr14	12	15204	150	15354	76770000	scan	150,345,360,363	15354,15549,15564,15567	0.43872592	213	-171	-564	0.080517665	0.0060266596	0.32833514	0.10023552	0.092759348	0.065457001	0.01379068	0.026544539	0.2547802	0.098661408	0.0078751612	0.132571	0.013171939	0.17781171	0.36975676
1	order_4_rank_1	GM12878	GM12878	chr14	12	15204	151	15355	76775000	scan	151,345,360,363	15355,15549,15564,15567	0.44057298	212	-170	-563	0.069405131	0.00528266	0.093450844	0.07786113	0.10423764	0.066035658	0.013239549	0.028054003	0.3433243	0.055188518	0.013799078	0.18069716	0.023730008	0.18382192	0.49917501
1	order_4_rank_1	GM12878	GM12878	chr14	12	15204	152	15356	76780000	scan	152,345,360,363	15356,15549,15564,15567	0.44224995	211	-169	-562	0.10508142	0.040180299	0.067246601	0.26281768	0.24386473	0.054298345	0.030401964	0.068271913	0.30879635	0.14097787	0.018265298	0.13705544	0.016110491	0.20674838	0.63161808
1	order_4_rank_1	GM12878	GM12878	chr14	12	15204	153	15357	76785000	scan	153,345,360,363	15357,15549,15564,15567	0.44386679	210	-168	-561	0.10034174	0.011155208	0.084300302	0.031189375	0.36399984	0.048240725	0.015266124	0.016456347	0.22844729	0.045235705	0.011097153	0.1888952	0.0080805635	0.20732754	0.37734294
1	order_4_rank_1	GM12878	GM12878	chr14	12	15204	154	15358	76790000	scan	154,345,360,363	15358,15549,15564,15567	0.44565147	209	-167	-560	0.095028959	0.01183403	0.044311956	0.052742891	0.14527352	0.075414829	0.014676004	0.012681771	0.1242029	0.027312519	0.014738788	0.066801116	0.0066947937	0.17370859	0.21057278
1	order_4_rank_1	GM12878	GM12878	chr14	12	15204	155	15359	76795000	scan	155,345,360,363	15359,15549,15564,15567	0.44718418	208	-166	-559	0.0995351	0.0061606998	0.06151044	0.037878588	0.15911828	0.041411035	0.009581822	0.017064096	0.16366294	0.028024448	0.0072618201	0.067125857	0.0070292233	0.17726366	0.21653354
1	order_4_rank_1	GM12878	GM12878	chr14	12	15204	156	15360	76800000	scan	156,345,360,363	15360,15549,15564,15567	0.44857949	207	-165	-558	0.13748223	0.0051283832	0.068822443	0.037557628	0.18589655	0.025519274	0.0087706828	0.01112393	0.14726792	0.033429835	0.014005113	0.089499325	0.0091554439	0.1323451	0.15633006
1	order_4_rank_1	GM12878	GM12878	chr14	12	15204	157	15361	76805000	scan	157,345,360,363	15361,15549,15564,15567	0.44971657	206	-164	-557	0.11807752	0.0089927828	0.11739235	0.077519804	0.29416588	0.051227082	0.013872456	0.050789349	0.19963197	0.043391097	0.021935139	0.087605476	0.0086465748	0.20524627	0.15612695
1	order_4_rank_1	GM12878	GM12878	chr14	12	15204	158	15362	76810000	scan	158,345,360,363	15362,15549,15564,15567	0.45063227	205	-163	-556	0.43654156	0.039533198	0.071069337	0.10183702	0.06319692	0.054534968	0.076555215	0.26268154	0.083919264	0.44832319	0.062611647	0.15358733	0.02793208	0.27913961	0.96848392
1	order_4_rank_1	GM12878	GM12878	chr14	12	15204	159	15363	76815000	scan	159,345,360,363	15363,15549,15564,15567	0.45157605	204	-162	-555	0.1307689	0.0051970459	0.20665148	0.044311929	0.035739534	0.08891385	0.0088990042	0.0091667511	0.19186229	0.083185375	0.0063730134	0.06150502	0.0053131292	0.15558822	0.099294752
1	order_4_rank_1	GM12878	GM12878	chr14	12	15204	160	15364	76820000	scan	160,345,360,363	15364,15549,15564,15567	0.45263216	203	-161	-554	0.058810461	0.0043063392	0.15340637	0.033991151	0.030675912	0.093769491	0.0096621579	0.0066768862	0.10988101	0.038510993	0.0029610747	0.060431171	0.0041309507	0.11385436	0.70312804
1	order_4_rank_1	GM12878	GM12878	chr14	12	15204	161	15365	76825000	scan	161,345,360,363	15365,15549,15564,15567	0.45361137	202	-160	-553	0.11082138	0.0071262317	0.3291564	0.075749375	0.068004251	0.089130014	0.018508215	0.03929894	0.29344153	0.098911755	0.008007247	0.095414504	0.007196018	0.1281222	0.42055643
1	order_4_rank_1	GM12878	GM12878	chr14	12	15204	162	15366	76830000	scan	162,345,360,363	15366,15549,15564,15567	0.45479119	201	-159	-552	0.11549605	0.0029318749	0.3335779	0.040825024	0.08028084	0.09259472	0.0096582202	0.015062639	0.16665384	0.054648913	0.006706025	0.10937046	0.0072139902	0.16356236	0.2249876
1	order_4_rank_1	GM12878	GM12878	chr14	12	15204	163	15367	76835000	scan	163,345,360,363	15367,15549,15564,15567	0.45590836	200	-158	-551	0.093704678	0.0047362377	0.36215505	0.022799907	0.055080589	0.062179793	0.0091696447	0.0088940607	0.18125658	0.032327741	0.0025709802	0.080224998	0.0090895602	0.084800325	0.16716504
1	order_4_rank_1	GM12878	GM12878	chr14	12	15204	164	15368	76840000	scan	164,345,360,363	15368,15549,15564,15567	0.45707846	199	-157	-550	0.10205892	0.0059918258	0.14204824	0.044671386	0.035246175	0.07237836	0.014468124	0.014909708	0.16287279	0.080448739	0.0034388555	0.075924158	0.0054702675	0.17364776	0.38117361
1	order_4_rank_1	GM12878	GM12878	chr14	12	15204	165	15369	76845000	scan	165,345,360,363	15369,15549,15564,15567	0.45835271	198	-156	-549	0.11167779	0.0042067855	0.19498476	0.042369511	0.041022081	0.077483527	0.0069493167	0.020764185	0.17877874	0.059868604	0.0058795945	0.070272863	0.0051650479	0.18581691	0.28142166
1	order_4_rank_1	GM12878	GM12878	chr14	12	15204	166	15370	76850000	scan	166,345,360,363	15370,15549,15564,15567	0.45967877	197	-155	-548	0.096459754	0.0004702998	0.26122865	0.036813315	0.061378229	0.070685364	0.011016454	0.016775582	0.26109236	0.044502854	0.0026192616	0.090341024	0.0050279326	0.13585672	0.19273265
1	order_4_rank_1	GM12878	GM12878	chr14	12	15204	167	15371	76855000	scan	167,345,360,363	15371,15549,15564,15567	0.46089551	196	-154	-547	0.086998776	0.0026020068	0.21701242	0.05012707	0.0552493	0.079069987	0.014569284	0.021588501	0.25057846	0.047740363	0.0064972099	0.12732956	0.0060265455	0.17188174	0.25039756
1	order_4_rank_1	GM12878	GM12878	chr14	12	15204	168	15372	76860000	scan	168,345,360,363	15372,15549,15564,15567	0.46211484	195	-153	-546	0.15237334	0.025603168	0.24283315	0.24166979	0.07037472	0.085816652	0.026645163	0.12015986	0.24213627	0.13837963	0.012444085	0.12861083	0.0117779	0.22267501	0.73734695
1	order_4_rank_1	GM12878	GM12878	chr14	12	15204	169	15373	76865000	scan	169,345,360,363	15373,15549,15564,15567	0.4634327	194	-152	-545	0.090437613	0.0089452444	0.19381355	0.23534413	0.090611629	0.06157681	0.016582185	0.073085867	0.20022245	0.10309169	0.008236439	0.14917684	0.0052134497	0.13258548	0.33782783
1	order_4_rank_1	GM12878	GM12878	chr14	12	15204	170	15374	76870000	scan	170,345,360,363	15374,15549,15564,15567	0.46510378	193	-151	-544	0.08890678	0.0060923737	0.23025641	0.066256799	0.060969524	0.094940074	0.013089433	0.024417207	0.3238346	0.074976087	0.0078656292	0.42261019	0.010496999	0.94986486	0.4935199
1	order_4_rank_1	GM12878	GM12878	chr14	12	15204	171	15375	76875000	scan	171,345,360,363	15375,15549,15564,15567	0.46650136	192	-150	-543	0.091972932	0.0042075533	0.11358062	0.053632915	0.063744992	0.30196565	0.012989085	0.021433007	0.2366059	0.075536616	0.0060621719	0.5933708	0.0066965856	0.63144094	0.58128816
1	order_4_rank_1	GM12878	GM12878	chr14	12	15204	172	15376	76880000	scan	172,345,360,363	15376,15549,15564,15567	0.46787086	191	-149	-542	0.071781687	0.0029821752	0.18008097	0.070310317	0.085035354	0.11357863	0.012829249	0.028595382	0.32901356	0.085921228	0.0065447846	0.087453283	0.0083722286	0.15794262	0.39177287
1	order_4_rank_1	GM12878	GM12878	chr14	12	15204	173	15377	76885000	scan	173,345,360,363	15377,15549,15564,15567	0.46925491	190	-148	-541	0.088982739	0.0065782215	0.3359597	0.033054888	0.065230802	0.10305283	0.011811184	0.029166348	0.20967491	0.045639981	0.0041210917	0.063038029	0.0068316488	0.14179666	0.31660745
1	order_4_rank_1	GM12878	GM12878	chr14	12	15204	174	15378	76890000	scan	174,345,360,363	15378,15549,15564,15567	0.47079393	189	-147	-540	0.087669678	0.0039227828	0.14463717	0.041808184	0.051232845	0.27800262	0.0080837738	0.020228697	0.099704385	0.079099886	0.0070730727	0.080265254	0.0042329151	0.14989716	0.32903424
1	order_4_rank_1	GM12878	GM12878	chr14	12	15204	175	15379	76895000	scan	175,345,360,363	15379,15549,15564,15567	0.47231239	188	-146	-539	0.084489599	0.0032115288	0.17966096	0.022254093	0.062283371	0.11203179	0.0080922926	0.01254557	0.11802571	0.045154657	0.0046723448	0.075078309	0.0047640852	0.10480186	0.22821192
1	order_4_rank_1	GM12878	GM12878	chr14	12	15204	176	15380	76900000	scan	176,345,360,363	15380,15549,15564,15567	0.47356802	187	-145	-538	0.11526137	0.0081430888	0.23685221	0.10511132	0.07053256	0.09629219	0.018946221	0.048362758	0.21352349	0.1036085	0.0097657088	0.079970345	0.01057545	0.16266538	0.32964146
1	order_4_rank_1	GM12878	GM12878	chr14	12	15204	177	15381	76905000	scan	177,345,360,363	15381,15549,15564,15567	0.47490516	186	-144	-537	0.086182527	0.031030741	0.052348025	0.17780226	0.060346652	0.088059977	0.0172622	0.074513435	0.11249238	0.17447905	0.0080151232	0.061906777	0.0091416324	0.13104768	0.63051873
1	order_4_rank_1	GM12878	GM12878	chr14	12	15204	178	15382	76910000	scan	178,345,360,363	15382,15549,15564,15567	0.47636303	185	-143	-536	0.090488441	0.031231696	0.097053982	0.18259731	0.076406941	0.075771563	0.025399426	0.062181536	0.16147366	0.17187718	0.0088205216	0.68956363	0.0080650952	0.5299412	0.67101163
1	order_4_rank_1	GM12878	GM12878	chr14	12	15204	179	15383	76915000	scan	179,345,360,363	15383,15549,15564,15567	0.47755277	184	-142	-535	0.098708801	0.0099352794	0.058457974	0.2027299	0.058389068	0.064337857	0.016195146	0.046208911	0.20392916	0.13910688	0.010632725	0.29796323	0.0089465789	0.24703914	0.45022908
1	order_4_rank_1	GM12878	GM12878	chr14	12	15204	180	15384	76920000	scan	180,345,360,363	15384,15549,15564,15567	0.47901902	183	-141	-534	0.096496433	0.0046452987	0.21056665	0.1786999	0.083156414	0.054661304	0.014622577	0.048569832	0.22314386	0.13992858	0.010847526	0.11076866	0.0083874883	0.18087737	0.46552435
1	order_4_rank_1	GM12878	GM12878	chr14	12	15204	181	15385	76925000	scan	181,345,360,363	15385,15549,15564,15567	0.48008659	182	-140	-533	0.12093542	0.0092291012	0.18118246	0.3346425	0.073285155	0.050076894	0.023772467	0.096839949	0.21480972	0.1260616	0.0081161726	0.10046495	0.0095369974	0.22117461	0.55450988
1	order_4_rank_1	GM12878	GM12878	chr14	12	15204	182	15386	76930000	scan	182,345,360,363	15386,15549,15564,15567	0.48171455	181	-139	-532	0.097133733	0.014253419	0.10829377	0.10803478	0.069176413	0.06088772	0.011255886	0.034594566	0.21627674	0.13712783	0.009338228	0.060216475	0.01045408	0.18390264	0.48738766
1	order_4_rank_1	GM12878	GM12878	chr14	12	15204	183	15387	76935000	scan	183,345,360,363	15387,15549,15564,15567	0.48314315	180	-138	-531	0.082312971	0.0094183758	0.10215978	0.073961861	0.099493317	0.052417196	0.017108122	0.026048688	0.19030842	0.078441434	0.0051624752	0.12156817	0.0067406404	0.16136156	0.35276219
1	order_4_rank_1	GM12878	GM12878	chr14	12	15204	184	15388	76940000	scan	184,345,360,363	15388,15549,15564,15567	0.48415244	179	-137	-530	0.11388956	0.032298688	0.087519638	0.2294704	0.09603449	0.06774728	0.029853515	0.074304849	0.097659059	0.16083005	0.012400179	0.12515251	0.01075534	0.1705776	0.34659806
1	order_4_rank_1	GM12878	GM12878	chr14	12	15204	185	15389	76945000	scan	185,345,360,363	15389,15549,15564,15567	0.48541185	178	-136	-529	0.11990558	0.072655417	0.049075492	0.31269521	0.048871279	0.07231909	0.037692565	0.15130006	0.11365413	0.15811165	0.015227508	0.27421698	0.014737002	0.41967654	0.78016639
1	order_4_rank_1	GM12878	GM12878	chr14	12	15204	186	15390	76950000	scan	186,345,360,363	15390,15549,15564,15567	0.48663551	177	-135	-528	0.13017945	0.044627398	0.057250097	0.2189604	0.076972619	0.054061618	0.045155168	0.09665332	0.061196227	0.15005197	0.0098425001	0.073215008	0.0089140208	0.19954686	0.16107146
1	order_4_rank_1	GM12878	GM12878	chr14	12	15204	187	15391	76955000	scan	187,345,360,363	15391,15549,15564,15567	0.48716936	176	-134	-527	0.3171722	0.40176561	0.050123852	0.6629526	0.074393019	0.087105252	0.22568338	0.42925081	0.074289076	0.40919888	0.065049291	0.10244913	0.065482669	0.3117303	0.69035411
1	order_4_rank_1	GM12878	GM12878	chr14	12	15204	188	15392	76960000	scan	188,345,360,363	15392,15549,15564,15567	0.48866722	175	-133	-526	0.29428956	0.42300108	0.076858871	0.56661171	0.10375766	0.12778242	0.17406532	0.41980818	0.15327714	0.18256374	0.12146905	0.16217262	0.040252719	0.38974136	0.57287663
1	order_4_rank_1	GM12878	GM12878	chr14	12	15204	189	15393	76965000	scan	189,345,360,363	15393,15549,15564,15567	0.49162045	174	-132	-525	0.096366376	0.021613961	0.097175486	0.19277158	0.1746197	0.10552978	0.02276003	0.042943429	0.21987587	0.075551599	0.030360106	0.068710208	0.018842323	0.17113361	0.21564481
1	order_4_rank_1	GM12878	GM12878	chr14	12	15204	190	15394	76970000	scan	190,345,360,363	15394,15549,15564,15567	0.49331978	173	-131	-524	0.081149913	0.003588507	0.067730747	0.053966407	0.069916137	0.055740207	0.01397946	0.018651757	0.12896037	0.064416923	0.0043341741	0.052805301	0.0090556089	0.1633449	0.29867843
1	order_4_rank_1	GM12878	GM12878	chr14	12	15204	191	15395	76975000	scan	191,345,360,363	15395,15549,15564,15567	0.49469522	172	-130	-523	0.11755677	0.050827116	0.065964632	0.27648708	0.10581528	0.15949942	0.035895135	0.10436917	0.099737637	0.28017652	0.021063039	0.072188981	0.016177908	0.21585606	0.9329204
1	order_4_rank_1	GM12878	GM12878	chr14	12	15204	192	15396	76980000	scan	192,345,360,363	15396,15549,15564,15567	0.49647298	171	-129	-522	0.12946352	0.009138166	0.087785304	0.078525528	0.071033984	0.27286655	0.010047844	0.019420052	0.073037706	0.081533097	0.0094603198	0.044164434	0.0076873149	0.14402179	0.28333724
1	order_4_rank_1	GM12878	GM12878	chr14	12	15204	193	15397	76985000	scan	193,345,360,363	15397,15549,15564,15567	0.49827659	170	-128	-521	0.08378911	0.0067637209	0.096190579	0.12589467	0.057908185	0.073749632	0.013602215	0.031208403	0.12447704	0.10454081	0.0060809008	0.037371095	0.0062741111	0.19007443	0.60229433
1	order_4_rank_1	GM12878	GM12878	chr14	12	15204	194	15398	76990000	scan	194,345,360,363	15398,15549,15564,15567	0.49999142	169	-127	-520	0.094645031	0.01237975	0.042447101	0.17858955	0.079870977	0.065917775	0.0066608582	0.031666934	0.10261587	0.078758173	0.0088277273	0.058285333	0.0045284438	0.12619907	0.33039963
1	order_4_rank_1	GM12878	GM12878	chr14	12	15204	195	15399	76995000	scan	195,345,360,363	15399,15549,15564,15567	0.50145495	168	-126	-519	0.11546308	0.025409698	0.11813209	0.38468802	0.11286966	0.062739946	0.030945176	0.12045786	0.20411865	0.18162861	0.017680146	0.090386383	0.0082922745	0.24612521	0.55112129
1	order_4_rank_1	GM12878	GM12878	chr14	12	15204	196	15400	77000000	scan	196,345,360,363	15400,15549,15564,15567	0.50302488	167	-125	-518	0.1246419	0.044080824	0.098568127	0.3412694	0.088811189	0.088696532	0.04687671	0.16417596	0.12732714	0.55794138	0.014868283	0.073124401	0.0082874699	0.23672916	0.56765276
1	order_4_rank_1	GM12878	GM12878	chr14	12	15204	197	15401	77005000	scan	197,345,360,363	15401,15549,15564,15567	0.50568414	166	-124	-517	0.091475897	0.011385123	0.14831652	0.1139757	0.091846853	0.085690819	0.016229777	0.036002699	0.18059644	0.10432146	0.01224462	0.074664004	0.0072864112	0.2251256	0.53643262
1	order_4_rank_1	GM12878	GM12878	chr14	12	15204	198	15402	77010000	scan	198,345,360,363	15402,15549,15564,15567	0.50754881	165	-123	-516	0.084017739	0.0068613105	0.26241881	0.063008063	0.11911439	0.085534565	0.019075865	0.013353187	0.16984254	0.063995443	0.0045690429	0.096902914	0.0089499941	0.22554366	0.44673887
1	order_4_rank_1	GM12878	GM12878	chr14	12	15204	199	15403	77015000	scan	199,345,360,363	15403,15549,15564,15567	0.50920898	164	-122	-515	0.076530121	0.0053386968	0.10668039	0.090241224	0.061459698	0.04975535	0.014731904	0.01376975	0.1494514	0.057426486	0.010176508	0.05372576	0.0086972779	0.13792852	0.26046303
1	order_4_rank_1	GM12878	GM12878	chr14	12	15204	200	15404	77020000	scan	200,345,360,363	15404,15549,15564,15567	0.51011688	163	-121	-514	0.24918662	0.099575974	0.039732382	0.46188301	0.11166691	0.060125031	0.041218393	0.29166734	0.1449953	0.086923853	0.096074142	0.11703179	0.02307363	0.33436242	0.59258068
1	order_4_rank_1	GM12878	GM12878	chr14	12	15204	201	15405	77025000	scan	201,345,360,363	15405,15549,15564,15567	0.51171452	162	-120	-513	0.63122368	0.30540636	0.067108713	0.23706597	0.22840412	0.076138303	0.26369834	0.56550157	0.20415585	0.33081582	0.35084826	0.15032937	0.09622471	0.36931944	0.66381717
1	order_4_rank_1	GM12878	GM12878	chr14	12	15204	202	15406	77030000	scan	202,345,360,363	15406,15549,15564,15567	0.51340055	161	-119	-512	0.4043293	0.23230861	0.064494431	0.31373641	0.11029491	0.084980197	0.17175813	0.4193362	0.085753575	0.20244932	0.092431165	0.12723525	0.079495102	0.2812719	0.65389657
1	order_4_rank_1	GM12878	GM12878	chr14	12	15204	203	15407	77035000	scan	203,345,360,363	15407,15549,15564,15567	0.5145517	160	-118	-511	0.17013878	0.15919317	0.066165678	0.53526461	0.065188184	0.11426014	0.065306991	0.28660163	0.086938679	0.2170658	0.048662525	0.070120297	0.016955536	0.18735328	0.25341836
1	order_4_rank_1	GM12878	GM12878	chr14	12	15204	204	15408	77040000	scan	204,345,360,363	15408,15549,15564,15567	0.51622558	159	-117	-510	0.27071732	0.22432297	0.065437756	0.60841137	0.070740648	0.08213634	0.11526516	0.40944162	0.087980092	0.48419693	0.038570724	0.10403065	0.023091588	0.29274774	0.75994563
1	order_4_rank_1	GM12878	GM12878	chr14	12	15204	205	15409	77045000	scan	205,345,360,363	15409,15549,15564,15567	0.5187667	158	-116	-509	0.10222429	0.0117333	0.049194209	0.18022552	0.036487881	0.051387511	0.017518478	0.060286861	0.11719447	0.06829872	0.008236927	0.079915099	0.0075714607	0.15789737	0.20423262
1	order_4_rank_1	GM12878	GM12878	chr14	12	15204	206	15410	77050000	scan	206,345,360,363	15410,15549,15564,15567	0.52061892	157	-115	-508	0.09100654	0.026229877	0.13347661	0.25572532	0.084630467	0.091512829	0.026358021	0.06067827	0.19690818	0.22250393	0.011726789	0.21541269	0.010640956	0.65039325	0.86945701
1	order_4_rank_1	GM12878	GM12878	chr14	12	15204	207	15411	77055000	scan	207,345,360,363	15411,15549,15564,15567	0.52238065	156	-114	-507	0.10329135	0.0037073465	0.11479866	0.079498589	0.085683681	0.18789203	0.0099274125	0.023996666	0.091322564	0.047216151	0.0050508813	0.096679181	0.0067988578	0.20924366	0.30757579
1	order_4_rank_1	GM12878	GM12878	chr14	12	15204	208	15412	77060000	scan	208,345,360,363	15412,15549,15564,15567	0.52402335	155	-113	-506	0.091114767	0.0086971717	0.14589177	0.094034836	0.094227828	0.077899195	0.014448895	0.028512333	0.16909768	0.05923935	0.0054245279	0.08966212	0.0053696339	0.18216291	0.30085391
1	order_4_rank_1	GM12878	GM12878	chr14	12	15204	209	15413	77065000	scan	209,345,360,363	15413,15549,15564,15567	0.52529091	154	-112	-505	0.12408783	0.024029776	0.17613401	0.35148832	0.077861667	0.094200991	0.028646572	0.10864262	0.24444893	0.16606764	0.016456816	0.27729777	0.0090470416	0.70422548	0.69258147
1	order_4_rank_1	GM12878	GM12878	chr14	12	15204	210	15414	77070000	scan	210,345,360,363	15414,15549,15564,15567	0.52727783	153	-111	-504	0.08021003	0.004603005	0.17019504	0.050121453	0.058262881	0.12513174	0.012328528	0.012077778	0.17969722	0.071260095	0.0071939556	0.22792079	0.0056698788	0.51689065	0.35494784
1	order_4_rank_1	GM12878	GM12878	chr14	12	15204	211	15415	77075000	scan	211,345,360,363	15415,15549,15564,15567	0.52871495	152	-110	-503	0.097518615	0.010047223	0.095333725	0.13760388	0.06656757	0.24812126	0.013987969	0.053360905	0.21669206	0.077945068	0.0071404083	0.070400737	0.0038608524	0.16303219	0.26951137
1	order_4_rank_1	GM12878	GM12878	chr14	12	15204	212	15416	77080000	scan	212,345,360,363	15416,15549,15564,15567	0.52979803	151	-109	-502	0.13674064	0.065574996	0.096750282	0.39916635	0.05754292	0.20430893	0.021251854	0.18073578	0.10944542	0.14256179	0.012423788	0.059405513	0.012570347	0.13956262	0.74290609
1	order_4_rank_1	GM12878	GM12878	chr14	12	15204	213	15417	77085000	scan	213,345,360,363	15417,15549,15564,15567	0.53192788	150	-108	-501	0.10801828	0.0074996389	0.17772758	0.12891619	0.06878721	0.12883674	0.0083688982	0.047695912	0.11975375	0.084401645	0.0073084035	0.077145062	0.0075025111	0.19566737	0.4786303
1	order_4_rank_1	GM12878	GM12878	chr14	12	15204	214	15418	77090000	scan	214,345,360,363	15418,15549,15564,15567	0.53332973	149	-107	-500	0.10311892	0.0063475594	0.090748198	0.14729534	0.066533864	0.45256117	0.016164757	0.025643419	0.18893562	0.10706631	0.0070953821	0.14170414	0.0067749713	0.18585011	0.28157213
1	order_4_rank_1	GM12878	GM12878	chr14	12	15204	215	15419	77095000	scan	215,345,360,363	15419,15549,15564,15567	0.53417146	148	-106	-499	0.43856913	0.1233604	0.059472866	0.18110397	0.050297704	0.073790297	0.186372	0.40508056	0.078655452	0.54220515	0.093763873	0.099590577	0.028040485	0.25326952	0.84014833
1	order_4_rank_1	GM12878	GM12878	chr14	12	15204	216	15420	77100000	scan	216,345,360,363	15420,15549,15564,15567	0.53613257	147	-105	-498	0.17760774	0.021741563	0.086338215	0.2093956	0.095288366	0.066300474	0.032646772	0.22494426	0.26260877	0.086454004	0.095320649	0.079058006	0.017275266	0.21429366	0.20133786
1	order_4_rank_1	GM12878	GM12878	chr14	12	15204	217	15421	77105000	scan	217,345,360,363	15421,15549,15564,15567	0.53826755	146	-104	-497	0.1275209	0.0060288338	0.066875167	0.093269624	0.1409194	0.066171527	0.017361334	0.032757159	0.31262162	0.048021324	0.035367571	0.12705052	0.011940296	0.26352724	0.22701326
1	order_4_rank_1	GM12878	GM12878	chr14	12	15204	218	15422	77110000	scan	218,345,360,363	15422,15549,15564,15567	0.53972065	145	-103	-496	0.11279619	0.0048515527	0.082257912	0.083528258	0.304564	0.064531446	0.0169065	0.022978621	0.27400011	0.030548507	0.023443433	0.07146515	0.008695594	0.13556924	0.22517002
1	order_4_rank_1	GM12878	GM12878	chr14	12	15204	219	15423	77115000	scan	219,345,360,363	15423,15549,15564,15567	0.54101074	144	-102	-495	0.12106509	0.017886901	0.10092218	0.13723265	0.14050567	0.073047601	0.017269189	0.094798736	0.25361383	0.046686463	0.022878371	0.069252454	0.0090110302	0.13166453	0.097305275
1	order_4_rank_1	GM12878	GM12878	chr14	12	15204	220	15424	77120000	scan	220,345,360,363	15424,15549,15564,15567	0.54180282	143	-101	-494	0.24784613	0.09830571	0.18555926	0.5107007	0.08391314	0.075245343	0.064086705	0.36696994	0.27308294	0.17082968	0.029945707	0.1449393	0.018454039	0.27892515	0.90623927
1	order_4_rank_1	GM12878	GM12878	chr14	12	15204	221	15425	77125000	scan	221,345,360,363	15425,15549,15564,15567	0.5437445	142	-100	-493	0.12351926	0.006838778	0.60756427	0.15340838	0.099447824	0.094383113	0.019990779	0.15401028	0.33600813	0.10732246	0.0090000341	0.20941572	0.011980018	0.19627799	0.25963244
1	order_4_rank_1	GM12878	GM12878	chr14	12	15204	222	15426	77130000	scan	222,345,360,363	15426,15549,15564,15567	0.54556745	141	-99	-492	0.080207467	0.005437227	0.51452279	0.039561789	0.082285084	0.13738242	0.0066349232	0.019147569	0.42631984	0.036856927	0.0075406604	0.12837547	0.0071468544	0.17907107	0.6285165
1	order_4_rank_1	GM12878	GM12878	chr14	12	15204	223	15427	77135000	scan	223,345,360,363	15427,15549,15564,15567	0.54700351	140	-98	-491	0.097259969	0.0046092048	0.59476167	0.077913567	0.076312758	0.083004959	0.009280147	0.041754391	0.3686758	0.033005875	0.0047420659	0.27253711	0.0084276823	0.23551704	0.39485893
1	order_4_rank_1	GM12878	GM12878	chr14	12	15204	224	15428	77140000	scan	224,345,360,363	15428,15549,15564,15567	0.54855561	139	-97	-490	0.13050042	0.003821095	0.67749029	0.104003	0.076426022	0.10849118	0.013289368	0.11274455	0.33749789	0.066890374	0.0048890528	0.2030471	0.0087190019	0.17039542	0.59331036
1	order_4_rank_1	GM12878	GM12878	chr14	12	15204	225	15429	77145000	scan	225,345,360,363	15429,15549,15564,15567	0.55040318	138	-96	-489	0.11058386	0.003793508	0.34961918	0.038130343	0.053674676	0.074284025	0.010141914	0.01440464	0.22210027	0.048280586	0.00083048258	0.12866251	0.0061498107	0.115217	0.39826292
1	order_4_rank_1	GM12878	GM12878	chr14	12	15204	226	15430	77150000	scan	226,345,360,363	15430,15549,15564,15567	0.55211419	137	-95	-488	0.11672161	0.0034198253	0.22486533	0.029140888	0.056755889	0.040029738	0.0092371572	0.013364843	0.21727195	0.03893644	0.0052892021	0.41777664	0.0084357616	0.43359023	0.69408566
1	order_4_rank_1	GM12878	GM12878	chr14	12	15204	227	15431	77155000	scan	227,345,360,363	15431,15549,15564,15567	0.5538258	136	-94	-487	0.068544738	0.0013055721	0.30974784	0.037417401	0.070202641	0.063708983	0.01085214	0.017084483	0.15919633	0.037476573	0.0034081263	0.097002447	0.0055210544	0.11250739	0.37253499
1	order_4_rank_1	GM12878	GM12878	chr14	12	15204	228	15432	77160000	scan	228,345,360,363	15432,15549,15564,15567	0.55550009	135	-93	-486	0.084083945	0.0015023708	0.26841202	0.029212911	0.051569376	0.052937079	0.009811026	0.017940206	0.18297371	0.049663667	0.0052538668	0.088600993	0.0058070687	0.11433209	0.19014303
1	order_4_rank_1	GM12878	GM12878	chr14	12	15204	229	15433	77165000	scan	229,345,360,363	15433,15549,15564,15567	0.55713862	134	-92	-485	0.10544692	0.0015220954	0.10232744	0.025581915	0.039446656	0.14006712	0.0060347738	0.016041696	0.13688955	0.041203886	0.0038088348	0.072198637	0.0054732901	0.096792601	0.10383853
1	order_4_rank_1	GM12878	GM12878	chr14	12	15204	230	15434	77170000	scan	230,345,360,363	15434,15549,15564,15567	0.55885988	133	-91	-484	0.12781522	0.0023115969	0.20937796	0.022316962	0.054603375	0.16596682	0.0035510946	0.006662074	0.10585088	0.042467713	0.0017236487	0.062956952	0.0058448659	0.11500114	0.14085808
1	order_4_rank_1	GM12878	GM12878	chr14	12	15204	231	15435	77175000	scan	231,345,360,363	15435,15549,15564,15567	0.56060219	132	-90	-483	0.089479804	0.0011120908	0.2394989	0.062075216	0.069107614	0.061376486	0.0075891293	0.019029146	0.19498923	0.039861683	0.0051861787	0.074321285	0.0060026641	0.15101688	0.21550392
1	order_4_rank_1	GM12878	GM12878	chr14	12	15204	232	15436	77180000	scan	232,345,360,363	15436,15549,15564,15567	0.56177306	131	-89	-482	0.17922078	0.0063954853	0.35800385	0.17864871	0.066960678	0.074144192	0.023968711	0.27112272	0.32167509	0.27413431	0.010116013	0.15782763	0.0095288716	0.22190364	0.87471086
1	order_4_rank_1	GM12878	GM12878	chr14	12	15204	233	15437	77185000	scan	233,345,360,363	15437,15549,15564,15567	0.56384927	130	-88	-481	0.084561579	0.0052917795	0.29668579	0.057120945	0.052875809	0.064517498	0.011925788	0.027562408	0.19377148	0.054232568	0.0054249461	0.075614184	0.0065823472	0.14762005	0.34705785
1	order_4_rank_1	GM12878	GM12878	chr14	12	15204	234	15438	77190000	scan	234,345,360,363	15438,15549,15564,15567	0.56551296	129	-87	-480	0.097033069	0.0025423227	0.23313166	0.02275327	0.036240783	0.061549891	0.0083093215	0.023751892	0.25079721	0.041452516	0.0046396651	0.097311743	0.0069845337	0.13860065	0.20954411
1	order_4_rank_1	GM12878	GM12878	chr14	12	15204	235	15439	77195000	scan	235,345,360,363	15439,15549,15564,15567	0.56714469	128	-86	-479	0.078115009	0.0021389169	0.48747239	0.041594364	0.073761597	0.06004747	0.012075388	0.016040135	0.30582732	0.061164405	0.0071791839	0.080716014	0.0068352413	0.14756082	0.29399931
1	order_4_rank_1	GM12878	GM12878	chr14	12	15204	236	15440	77200000	scan	236,345,360,363	15440,15549,15564,15567	0.56899947	127	-85	-478	0.10508645	0.0049504456	0.42178711	0.027905062	0.11996138	0.080970094	0.0098101934	0.0178653	0.3178013	0.047691528	0.0063058608	0.14626376	0.0065632337	0.16160977	0.28039482
1	order_4_rank_1	GM12878	GM12878	chr14	12	15204	237	15441	77205000	scan	237,345,360,363	15441,15549,15564,15567	0.57086921	126	-84	-477	0.071124628	0.0019345793	0.2895824	0.03671233	0.066483699	0.06239859	0.0064659328	0.020942647	0.37597737	0.042944461	0.007926642	0.077118479	0.0060255206	0.17413247	0.39100873
1	order_4_rank_1	GM12878	GM12878	chr14	12	15204	238	15442	77210000	scan	238,345,360,363	15442,15549,15564,15567	0.57250071	125	-83	-476	0.090545826	0.0033873834	0.28885049	0.087549753	0.070571341	0.080877177	0.01712073	0.037549678	0.46766692	0.062690593	0.0052619446	0.28853145	0.0077340612	0.40228152	0.69490594
1	order_4_rank_1	GM12878	GM12878	chr14	12	15204	239	15443	77215000	scan	239,345,360,363	15443,15549,15564,15567	0.57420772	124	-82	-475	0.10241128	0.005967041	0.30628595	0.041835222	0.053634509	0.057402473	0.0074015521	0.019607062	0.27329165	0.036867946	0.0088896258	0.12007635	0.0086680362	0.14660862	0.30106929
1	order_4_rank_1	GM12878	GM12878	chr14	12	15204	240	15444	77220000	scan	240,345,360,363	15444,15549,15564,15567	0.57596147	123	-81	-474	0.074406177	0.0053047133	0.30806422	0.049783494	0.084715098	0.062857307	0.0092554754	0.014294432	0.22694221	0.062484376	0.0039674425	0.12204594	0.0084797898	0.13652837	0.35916442
1	order_4_rank_1	GM12878	GM12878	chr14	12	15204	241	15445	77225000	scan	241,345,360,363	15445,15549,15564,15567	0.577703	122	-80	-473	0.070194274	0.0014281694	0.26296234	0.031322669	0.070504293	0.052441649	0.0093597965	0.018189421	0.29579401	0.040588737	0.0057957647	0.12180199	0.0082327137	0.10920101	0.20304596
1	order_4_rank_1	GM12878	GM12878	chr14	12	15204	242	15446	77230000	scan	242,345,360,363	15446,15549,15564,15567	0.57949811	121	-79	-472	0.097107574	0.0033436092	0.34095427	0.034291279	0.097187445	0.088620096	0.0085303197	0.017331479	0.16321468	0.054626387	0.0037351963	0.10801093	0.0081546009	0.16086231	0.19187929
1	order_4_rank_1	GM12878	GM12878	chr14	12	15204	243	15447	77235000	scan	243,345,360,363	15447,15549,15564,15567	0.58145612	120	-78	-471	0.05109917	0.0011501217	0.32261133	0.029267563	0.097049713	0.046700768	0.0044459654	0.010253189	0.23403354	0.033621043	0.0039711464	0.068808354	0.0067181592	0.14396273	0.33924264
1	order_4_rank_1	GM12878	GM12878	chr14	12	15204	244	15448	77240000	scan	244,345,360,363	15448,15549,15564,15567	0.58314151	119	-77	-470	0.065176733	0.0031725359	0.45874077	0.053146578	0.10478935	0.073688075	0.0095963422	0.024443511	0.28982669	0.057836767	0.0052993326	0.10090145	0.0074204984	0.12713003	0.46976927
1	order_4_rank_1	GM12878	GM12878	chr14	12	15204	245	15449	77245000	scan	245,345,360,363	15449,15549,15564,15567	0.58490241	118	-76	-469	0.081818894	0.0037009832	0.24277848	0.025424082	0.076747246	0.079351418	0.0092820469	0.009179417	0.20696421	0.036064565	0.0026901255	0.11732871	0.0055795009	0.12971491	0.27823144
1	order_4_rank_1	GM12878	GM12878	chr14	12	15204	246	15450	77250000	scan	246,345,360,363	15450,15549,15564,15567	0.58668888	117	-75	-468	0.067429848	0.0050805067	0.29523051	0.039534263	0.070298284	0.049315266	0.016509805	0.021107771	0.21387286	0.063164935	0.0074176956	0.086259067	0.0074079041	0.16894379	0.24761371
1	order_4_rank_1	GM12878	GM12878	chr14	12	15204	247	15451	77255000	scan	247,345,360,363	15451,15549,15564,15567	0.5884099	116	-74	-467	0.089727432	0.0024242655	0.35192686	0.033710383	0.084768407	0.044204187	0.010292089	0.0087657459	0.24187855	0.040018711	0.0046106135	0.12948389	0.0071885036	0.12035526	0.35956931
1	order_4_rank_1	GM12878	GM12878	chr14	12	15204	248	15452	77260000	scan	248,345,360,363	15452,15549,15564,15567	0.59031171	115	-73	-466	0.079222426	0.005291888	0.39797619	0.025240764	0.078144446	0.055741046	0.013369148	0.021674233	0.19916086	0.054199725	0.0014650038	0.088047467	0.0059331516	0.11913082	0.356603
1	order_4_rank_1	GM12878	GM12878	chr14	12	15204	249	15453	77265000	scan	249,345,360,363	15453,15549,15564,15567	0.59235239	114	-72	-465	0.092721671	0.011947464	0.5030278	0.03774723	0.083328031	0.1228174	0.013033366	0.011925938	0.34035453	0.047361277	0.0030579374	0.10209327	0.007335932	0.14630197	0.44986624
1	order_4_rank_1	GM12878	GM12878	chr14	12	15204	250	15454	77270000	scan	250,345,360,363	15454,15549,15564,15567	0.59436727	113	-71	-464	0.088875793	0.010156977	0.42923883	0.030552827	0.07212425	0.063586861	0.010488903	0.020747678	0.18976323	0.059879433	0.0050981501	0.066744901	0.0065021664	0.13957892	0.47199053
1	order_4_rank_1	GM12878	GM12878	chr14	12	15204	251	15455	77275000	scan	251,345,360,363	15455,15549,15564,15567	0.59640932	112	-70	-463	0.078779787	0.0032994067	0.12049764	0.03646984	0.31226376	0.03047163	0.006052128	0.0067563029	0.24939041	0.028665237	0.0058453945	0.14915982	0.010469869	0.21014905	0.32477432
1	order_4_rank_1	GM12878	GM12878	chr14	12	15204	252	15456	77280000	scan	252,345,360,363	15456,15549,15564,15567	0.59856248	111	-69	-462	0.098741613	0.0066670887	0.09539286	0.037741944	0.23379934	0.056650095	0.0098765949	0.014202415	0.25853747	0.052077435	0.0083612222	0.10701278	0.0058910479	0.14882877	0.16527861
1	order_4_rank_1	GM12878	GM12878	chr14	12	15204	253	15457	77285000	scan	253,345,360,363	15457,15549,15564,15567	0.60068411	110	-68	-461	0.096016578	0.0062241424	0.082137324	0.027004197	0.19069679	0.050110962	0.015192773	0.0084900474	0.27695554	0.04585189	0.0074925018	0.076321162	0.0075767622	0.19324432	0.11008722
1	order_4_rank_1	GM12878	GM12878	chr14	12	15204	254	15458	77290000	scan	254,345,360,363	15458,15549,15564,15567	0.60265923	109	-67	-460	0.096734241	0.0036079139	0.04307707	0.027595939	0.11609368	0.081345938	0.0075664385	0.017117543	0.14501941	0.036749542	0.011215989	0.10820451	0.0077871373	0.14558485	0.21656938
1	order_4_rank_1	GM12878	GM12878	chr14	12	15204	255	15459	77295000	scan	255,345,360,363	15459,15549,15564,15567	0.60455048	108	-66	-459	0.10562982	0.0045249588	0.097534828	0.025661293	0.28954527	0.029903844	0.010206311	0.0057721259	0.14496884	0.031889707	0.0057010408	0.12292986	0.0096838893	0.16727005	0.19876805
1	order_4_rank_1	GM12878	GM12878	chr14	12	15204	256	15460	77300000	scan	256,345,360,363	15460,15549,15564,15567	0.60663956	107	-65	-458	0.10691499	0.006624266	0.086506873	0.043586656	0.20652041	0.037022706	0.013441949	0.026012514	0.16297725	0.084344596	0.0084264567	0.39907342	0.0062722689	0.36839676	0.76331508
1	order_4_rank_1	GM12878	GM12878	chr14	12	15204	257	15461	77305000	scan	257,345,360,363	15461,15549,15564,15567	0.60897559	106	-64	-457	0.10338787	0.0069973622	0.074087463	0.076339342	0.128824	0.042129796	0.020307355	0.028359273	0.17030597	0.082119659	0.014659384	0.075027131	0.007789046	0.16058148	0.2829006
1	order_4_rank_1	GM12878	GM12878	chr14	12	15204	258	15462	77310000	scan	258,345,360,363	15462,15549,15564,15567	0.6112271	105	-63	-456	0.1127734	0.010750778	0.078280486	0.082932696	0.12874663	0.05235843	0.017574633	0.038118999	0.21304324	0.068442307	0.025464188	0.065308385	0.0095728105	0.0984613	0.3010442
1	order_4_rank_1	GM12878	GM12878	chr14	12	15204	259	15463	77315000	scan	259,345,360,363	15463,15549,15564,15567	0.61332756	104	-62	-455	0.12655121	0.013685549	0.073703028	0.11186152	0.086175628	0.034452286	0.028009273	0.14973594	0.29451853	0.12221967	0.047725219	0.17565523	0.010670586	0.40072581	0.16668111
1	order_4_rank_1	GM12878	GM12878	chr14	12	15204	260	15464	77320000	scan	260,345,360,363	15464,15549,15564,15567	0.61502016	103	-61	-454	0.39865509	0.11320715	0.057189774	0.12212338	0.074249476	0.049868159	0.1535016	0.2981658	0.16566661	0.69386256	0.069761254	0.11662796	0.033853423	0.16084811	0.95399636
1	order_4_rank_1	GM12878	GM12878	chr14	12	15204	261	15465	77325000	scan	261,345,360,363	15465,15549,15564,15567	0.61797583	102	-60	-453	0.077546187	0.01301437	0.14179808	0.04301814	0.13566531	0.034265123	0.01836505	0.013963415	0.19237067	0.034677479	0.0098718675	0.14816715	0.03088964	0.15716401	0.40797088
1	order_4_rank_1	GM12878	GM12878	chr14	12	15204	262	15466	77330000	scan	262,345,360,363	15466,15549,15564,15567	0.62039995	101	-59	-452	0.087373383	0.0094985189	0.10547362	0.028953152	0.13168104	0.033505116	0.014950751	0.01324925	0.20968725	0.01836109	0.010495308	0.052922167	0.023370031	0.1209235	0.41976342
1	order_4_rank_1	GM12878	GM12878	chr14	12	15204	263	15467	77335000	scan	263,345,360,363	15467,15549,15564,15567	0.62264568	100	-58	-451	0.13464807	0.0083742486	0.054067064	0.056563217	0.1999587	0.060398843	0.01624075	0.011168398	0.21284856	0.045632958	0.021662021	0.058608066	0.010109218	0.14932162	0.3385382
1	order_4_rank_1	GM12878	GM12878	chr14	12	15204	264	15468	77340000	scan	264,345,360,363	15468,15549,15564,15567	0.62468696	99	-57	-450	0.11021983	0.012094909	0.059588142	0.035548393	0.37642881	0.055750974	0.012915507	0.016194437	0.29614857	0.035573874	0.014994531	0.076833963	0.010694433	0.17827284	0.25764632
1	order_4_rank_1	GM12878	GM12878	chr14	12	15204	265	15469	77345000	scan	265,345,360,363	15469,15549,15564,15567	0.62735438	98	-56	-449	0.10503922	0.026698021	0.031549077	0.10456249	0.20951024	0.068543099	0.016328629	0.031117033	0.16713518	0.049688134	0.031374257	0.072060682	0.0093256608	0.1320491	0.23424998
1	order_4_rank_1	GM12878	GM12878	chr14	12	15204	266	15470	77350000	scan	266,345,360,363	15470,15549,15564,15567	0.63008171	97	-55	-448	0.08306244	0.011700761	0.065072633	0.053012557	0.12730229	0.084471412	0.01409844	0.017206434	0.24482763	0.041624114	0.051858477	0.070312284	0.0081573995	0.13633622	0.20220208
1	order_4_rank_1	GM12878	GM12878	chr14	12	15204	267	15471	77355000	scan	267,345,360,363	15471,15549,15564,15567	0.6324957	96	-54	-447	0.10136679	0.0087676868	0.04729598	0.064968005	0.10602507	0.082055546	0.012312665	0.016893629	0.17648083	0.034011811	0.074820742	0.088369347	0.010249893	0.14909868	0.17059396
1	order_4_rank_1	GM12878	GM12878	chr14	12	15204	268	15472	77360000	scan	268,345,360,363	15472,15549,15564,15567	0.63471025	95	-53	-446	0.12698157	0.012812488	0.05361655	0.17422788	0.068888299	0.24104416	0.01049643	0.048110493	0.12648818	0.096175447	0.14153562	0.07305526	0.0076008658	0.14554529	0.54522032
1	order_4_rank_1	GM12878	GM12878	chr14	12	15204	269	15473	77365000	scan	269,345,360,363	15473,15549,15564,15567	0.63695931	94	-52	-445	0.13999476	0.022836868	0.063496262	0.22461556	0.09512876	0.11648844	0.022826495	0.1182171	0.19378616	0.12570204	0.15376565	0.09823627	0.010198048	0.1230908	0.36887389
1	order_4_rank_1	GM12878	GM12878	chr14	12	15204	270	15474	77370000	scan	270,345,360,363	15474,15549,15564,15567	0.63903868	93	-51	-444	0.35717756	0.13002953	0.027518392	0.2743575	0.055625327	0.12147637	0.070983239	0.48048234	0.11744767	0.21654317	0.33817583	0.069917999	0.014510931	0.14849819	0.36463213
1	order_4_rank_1	GM12878	GM12878	chr14	12	15204	271	15475	77375000	scan	271,345,360,363	15475,15549,15564,15567	0.64180154	92	-50	-443	0.52648062	0.1841878	0.10018094	0.11189495	0.052939527	0.087946758	0.21994081	0.38213447	0.1166397	0.70894778	0.2524327	0.16365714	0.022124989	0.17382695	0.74280459
1	order_4_rank_1	GM12878	GM12878	chr14	12	15204	272	15476	77380000	scan	272,345,360,363	15476,15549,15564,15567	0.64502895	91	-49	-442	0.093703821	0.0093152095	0.10561793	0.032801546	0.059254356	0.053014319	0.010363828	0.018791765	0.15473947	0.095563129	0.010433583	0.10232606	0.0044824211	0.1603266	0.12182499
1	order_4_rank_1	GM12878	GM12878	chr14	12	15204	273	15477	77385000	scan	273,345,360,363	15477,15549,15564,15567	0.64790237	90	-48	-441	0.09927664	0.0084939636	0.10726148	0.042791005	0.045074984	0.048445102	0.015825605	0.016963365	0.23137212	0.067671493	0.0049894806	0.053523418	0.0054354034	0.12638848	0.19505465
1	order_4_rank_1	GM12878	GM12878	chr14	12	15204	274	15478	77390000	scan	274,345,360,363	15478,15549,15564,15567	0.65047765	89	-47	-440	0.096027218	0.0073547387	0.047223598	0.034752984	0.049113322	0.03693172	0.0089368941	0.026235957	0.12536852	0.054339241	0.008547077	0.082074031	0.0057582953	0.13382673	0.20786469
1	order_4_rank_1	GM12878	GM12878	chr14	12	15204	275	15479	77395000	scan	275,345,360,363	15479,15549,15564,15567	0.65295082	88	-46	-439	0.11908701	0.0032945657	0.067178428	0.026356725	0.054430515	0.095971927	0.010919787	0.0057478636	0.13930333	0.045247912	0.0078013884	0.04750707	0.00318791	0.14183269	0.11173732
1	order_4_rank_1	GM12878	GM12878	chr14	12	15204	276	15480	77400000	scan	276,345,360,363	15480,15549,15564,15567	0.6557011	87	-45	-438	0.093321241	0.0038428523	0.084670603	0.023905685	0.041553296	0.056454696	0.011436315	0.011785703	0.14844517	0.073686831	0.0054549668	0.082642876	0.0056116781	0.14467515	0.15017694
1	order_4_rank_1	GM12878	GM12878	chr14	12	15204	277	15481	77405000	scan	277,345,360,363	15481,15549,15564,15567	0.65776598	86	-44	-437	0.12392446	0.0056198388	0.11099877	0.11413171	0.066630021	0.085412279	0.010569005	0.050686404	0.14932965	0.16017416	0.0090018539	0.26922703	0.007294226	0.18113576	0.50247508
1	order_4_rank_1	GM12878	GM12878	chr14	12	15204	278	15482	77410000	scan	278,345,360,363	15482,15549,15564,15567	0.66041255	85	-43	-436	0.10029114	0.0061851363	0.056138907	0.034351494	0.040878113	0.065834932	0.013615277	0.0082546026	0.11221197	0.053327128	0.0081860619	0.086833537	0.0057863146	0.090236336	0.29631519
1	order_4_rank_1	GM12878	GM12878	chr14	12	15204	279	15483	77415000	scan	279,345,360,363	15483,15549,15564,15567	0.66371119	84	-42	-435	0.10846096	0.0066370131	0.072869331	0.03576545	0.041942686	0.16232364	0.0064623696	0.0061366432	0.1221607	0.03143302	0.0061701569	0.056145813	0.0083763544	0.13846056	0.21709523
1	order_4_rank_1	GM12878	GM12878	chr14	12	15204	280	15484	77420000	scan	280,345,360,363	15484,15549,15564,15567	0.66611296	83	-41	-434	0.14521344	0.010000407	0.069327228	0.031498976	0.20564254	0.16612083	0.010142331	0.012932343	0.16456449	0.022937924	0.014592052	0.10184877	0.010823457	0.19009322	0.14947699
1	order_4_rank_1	GM12878	GM12878	chr14	12	15204	281	15485	77425000	scan	281,345,360,363	15485,15549,15564,15567	0.66921574	82	-40	-433	0.11197832	0.0031106353	0.10206189	0.03821424	0.33185193	0.0469754	0.014763924	0.011865663	0.24284928	0.030341133	0.0070508239	0.077446751	0.011442755	0.21020985	0.1564929
1	order_4_rank_1	GM12878	GM12878	chr14	12	15204	282	15486	77430000	scan	282,345,360,363	15486,15549,15564,15567	0.67230922	81	-39	-432	0.10101693	0.0053362269	0.044106662	0.026534824	0.19323346	0.07386633	0.011100055	0.014136303	0.13336274	0.022831354	0.011909987	0.081864364	0.0063782278	0.12889948	0.11382443
1	order_4_rank_1	GM12878	GM12878	chr14	12	15204	283	15487	77435000	scan	283,345,360,363	15487,15549,15564,15567	0.67539257	80	-38	-431	0.11453633	0.0056336736	0.059561428	0.029444553	0.18003051	0.067385323	0.016085271	0.015058904	0.22668207	0.036729865	0.009695759	0.13632861	0.010677814	0.17604761	0.14946574
1	order_4_rank_1	GM12878	GM12878	chr14	12	15204	284	15488	77440000	scan	284,345,360,363	15488,15549,15564,15567	0.67848796	79	-37	-430	0.090327948	0.010507777	0.075628825	0.025754793	0.38496888	0.055826757	0.0071201157	0.023569318	0.24854901	0.028948488	0.0072414363	0.075665377	0.0072428826	0.13439353	0.14101031
1	order_4_rank_1	GM12878	GM12878	chr14	12	15204	285	15489	77445000	scan	285,345,360,363	15489,15549,15564,15567	0.68128639	78	-36	-429	0.10363769	0.004574168	0.041924518	0.035688106	0.20086545	0.057493262	0.0114909	0.017081708	0.21279487	0.026518764	0.0074873758	0.063364804	0.0075951689	0.085490473	0.1383535
1	order_4_rank_1	GM12878	GM12878	chr14	12	15204	286	15490	77450000	scan	286,345,360,363	15490,15549,15564,15567	0.6849336	77	-35	-428	0.12020581	0.0095112743	0.048555486	0.068476133	0.13030633	0.077185437	0.017779117	0.065383911	0.28871554	0.041454673	0.044246767	0.075762428	0.010434723	0.13447124	0.074461304
1	order_4_rank_1	GM12878	GM12878	chr14	12	15204	287	15491	77455000	scan	287,345,360,363	15491,15549,15564,15567	0.68745887	76	-34	-427	0.63209689	0.14455083	0.050338559	0.16716826	0.070170246	0.098947048	0.2671116	0.40484834	0.28790408	0.61064684	0.42376268	0.31315652	0.048282702	0.21200754	0.99613959
1	order_4_rank_1	GM12878	GM12878	chr14	12	15204	288	15492	77460000	scan	288,345,360,363	15492,15549,15564,15567	0.69058526	75	-33	-426	0.1613985	0.0097957011	0.04529804	0.092960559	0.36551905	0.051945727	0.016633371	0.11818548	0.41532317	0.024572974	0.12876816	0.069459774	0.0092180632	0.18718643	0.11536596
1	order_4_rank_1	GM12878	GM12878	chr14	12	15204	289	15493	77465000	scan	289,345,360,363	15493,15549,15564,15567	0.69303793	74	-32	-425	0.10215344	0.0085757254	0.11220808	0.043132845	0.46147943	0.052098002	0.014239856	0.018251449	0.32526398	0.017556651	0.01772365	0.089318037	0.020028539	0.10626708	0.30187082
1	order_4_rank_1	GM12878	GM12878	chr14	12	15204	290	15494	77470000	scan	290,345,360,363	15494,15549,15564,15567	0.69635344	73	-31	-424	0.086729653	0.004661195	0.16170295	0.046169192	0.098227024	0.057902612	0.0077365474	0.026569881	0.29902288	0.042310763	0.0085936347	0.088075563	0.015041486	0.15130286	0.31946385
1	order_4_rank_1	GM12878	GM12878	chr14	12	15204	291	15495	77475000	scan	291,345,360,363	15495,15549,15564,15567	0.69856495	72	-30	-423	0.082246438	0.004801577	0.25619051	0.089059889	0.093711831	0.02908534	0.0077243745	0.037505969	0.22600256	0.048813697	0.0033688443	0.1351158	0.0068610366	0.15122232	0.8462283
1	order_4_rank_1	GM12878	GM12878	chr14	12	15204	292	15496	77480000	scan	292,345,360,363	15496,15549,15564,15567	0.70173424	71	-29	-422	0.086055957	0.0061788508	0.14548309	0.052261334	0.059236519	0.046648111	0.0062429877	0.012409899	0.20200472	0.066638798	0.0081362454	0.085665949	0.0087679923	0.1437144	0.25997281
1	order_4_rank_1	GM12878	GM12878	chr14	12	15204	293	15497	77485000	scan	293,345,360,363	15497,15549,15564,15567	0.70411646	70	-28	-421	0.088993065	0.0046875137	0.18510917	0.036750849	0.069520861	0.043682758	0.010549883	0.01943229	0.15125261	0.078120768	0.0078567024	0.10492565	0.0086712446	0.13477051	0.63060957
1	order_4_rank_1	GM12878	GM12878	chr14	12	15204	294	15498	77490000	scan	294,345,360,363	15498,15549,15564,15567	0.70731705	69	-27	-420	0.083388485	0.0022584328	0.20011677	0.034981817	0.059675127	0.04796353	0.011308647	0.010764903	0.20099092	0.055667434	0.0065733134	0.070888393	0.0067118262	0.059856843	0.29383701
1	order_4_rank_1	GM12878	GM12878	chr14	12	15204	295	15499	77495000	scan	295,345,360,363	15499,15549,15564,15567	0.71013236	68	-26	-419	0.24237144	0.0045062103	0.45729464	0.1727687	0.08111304	0.095633656	0.025401283	0.35954002	0.21115121	0.33776695	0.0089692594	0.13476527	0.0065825721	0.123188	0.81646025
1	order_4_rank_1	GM12878	GM12878	chr14	12	15204	296	15500	77500000	scan	296,345,360,363	15500,15549,15564,15567	0.71427095	67	-25	-418	0.10312249	0.0051796045	0.14530373	0.066649437	0.042306956	0.13281001	0.006614238	0.055704921	0.18399969	0.02805707	0.0043363273	0.056863617	0.010886647	0.10039576	0.22526878
1	order_4_rank_1	GM12878	GM12878	chr14	12	15204	297	15501	77505000	scan	297,345,360,363	15501,15549,15564,15567	0.71668017	66	-24	-417	0.10212801	0.0089209639	0.081915453	0.038376898	0.14812222	0.056327134	0.014101429	0.020775091	0.15785044	0.025134055	0.0055493778	0.058981907	0.011497599	0.1105715	0.24347274
1	order_4_rank_1	GM12878	GM12878	chr14	12	15204	298	15502	77510000	scan	298,345,360,363	15502,15549,15564,15567	0.71986651	65	-23	-416	0.11389008	0.0051296609	0.092105493	0.0257967	0.27381495	0.046544287	0.0082770828	0.010798317	0.17285451	0.039554525	0.011578302	0.088973716	0.010335964	0.16352075	0.20190167
1	order_4_rank_1	GM12878	GM12878	chr14	12	15204	299	15503	77515000	scan	299,345,360,363	15503,15549,15564,15567	0.72306097	64	-22	-415	0.10537035	0.011352668	0.0495032	0.038268019	0.18326189	0.051696818	0.011088121	0.012657349	0.1304808	0.027794689	0.0074462146	0.092595838	0.0068390518	0.10247931	0.1963654
1	order_4_rank_1	GM12878	GM12878	chr14	12	15204	300	15504	77520000	scan	300,345,360,363	15504,15549,15564,15567	0.72653508	63	-21	-414	0.104445	0.0067197303	0.078744322	0.038403593	0.16576822	0.067447692	0.014327426	0.014611506	0.30049983	0.032992132	0.022525953	0.1134458	0.0088058347	0.098392874	0.16654612
1	order_4_rank_1	GM12878	GM12878	chr14	12	15204	301	15505	77525000	scan	301,345,360,363	15505,15549,15564,15567	0.729904	62	-20	-413	0.083018683	0.0088573303	0.047794104	0.040816639	0.080018908	0.045130249	0.011968363	0.012259977	0.11300582	0.025341554	0.019106479	0.047959205	0.004374586	0.089006595	0.19667044
1	order_4_rank_1	GM12878	GM12878	chr14	12	15204	302	15506	77530000	scan	302,345,360,363	15506,15549,15564,15567	0.73333263	61	-19	-412	0.10756534	0.0086286357	0.037991565	0.06319315	0.12368748	0.070218854	0.011799619	0.03395658	0.20454502	0.035161752	0.026872603	0.09383212	0.0066801589	0.11249896	0.17486407
1	order_4_rank_1	GM12878	GM12878	chr14	12	15204	303	15507	77535000	scan	303,345,360,363	15507,15549,15564,15567	0.73669291	60	-18	-411	0.10413533	0.011357861	0.067782015	0.070184387	0.1223672	0.065918148	0.013022467	0.011963877	0.18809409	0.049848691	0.027753389	0.069897786	0.0057493751	0.14207108	0.1243392
1	order_4_rank_1	GM12878	GM12878	chr14	12	15204	304	15508	77540000	scan	304,345,360,363	15508,15549,15564,15567	0.7401526	59	-17	-410	0.15323041	0.090756595	0.047577329	0.2940495	0.13005687	0.098154902	0.041913658	0.23111069	0.16492218	0.13717949	0.039541855	0.053220771	0.0083293244	0.1782748	0.90964592
1	order_4_rank_1	GM12878	GM12878	chr14	12	15204	305	15509	77545000	scan	305,345,360,363	15509,15549,15564,15567	0.74326044	58	-16	-409	0.082691617	0.016324328	0.041912746	0.047230199	0.21352609	0.075123943	0.016940476	0.025542116	0.16542357	0.02759213	0.019546004	0.10557624	0.0090884175	0.1341573	0.19421583
1	order_4_rank_1	GM12878	GM12878	chr14	12	15204	306	15510	77550000	scan	306,345,360,363	15510,15549,15564,15567	0.7466678	57	-15	-408	0.13315195	0.13835199	0.056977075	0.16902195	0.20303091	0.10223443	0.055612415	0.14406531	0.10333437	0.23993762	0.042256027	0.23564407	0.009834975	0.44651198	0.78826016
1	order_4_rank_1	GM12878	GM12878	chr14	12	15204	307	15511	77555000	scan	307,345,360,363	15511,15549,15564,15567	0.75007695	56	-14	-407	0.099743098	0.075010836	0.05457291	0.10612286	0.25586721	0.076655	0.014372858	0.059301428	0.10580937	0.07152947	0.020014523	0.057293911	0.0077266591	0.11658312	0.24451117
1	order_4_rank_1	GM12878	GM12878	chr14	12	15204	308	15512	77560000	scan	308,345,360,363	15512,15549,15564,15567	0.75345069	55	-13	-406	0.10368368	0.011424948	0.083282277	0.049283225	0.22699496	0.042670079	0.011039216	0.011314668	0.11867019	0.02368788	0.017344523	0.095539853	0.0083417036	0.15212572	0.17577681
1	order_4_rank_1	GM12878	GM12878	chr14	12	15204	309	15513	77565000	scan	309,345,360,363	15513,15549,15564,15567	0.75714344	54	-12	-405	0.088578202	0.0053610178	0.034494203	0.053413328	0.16203767	0.072987758	0.007503347	0.014217231	0.16814181	0.033358548	0.020934714	0.091954112	0.007905269	0.1230078	0.18276668
1	order_4_rank_1	GM12878	GM12878	chr14	12	15204	310	15514	77570000	scan	310,345,360,363	15514,15549,15564,15567	0.7607879	53	-11	-404	0.10712001	0.0036500725	0.059223674	0.057034541	0.1338675	0.10230719	0.011792832	0.016923355	0.20010938	0.043836489	0.03093644	0.085906349	0.0076226406	0.16052969	0.17891566
1	order_4_rank_1	GM12878	GM12878	chr14	12	15204	311	15515	77575000	scan	311,345,360,363	15515,15549,15564,15567	0.7643643	52	-10	-403	0.12150947	0.0049024848	0.079105735	0.063383661	0.24841355	0.075648278	0.011271995	0.018803954	0.2353626	0.02818021	0.05445518	0.082511321	0.0084356656	0.19886987	0.095833518
1	order_4_rank_1	GM12878	GM12878	chr14	12	15204	312	15516	77580000	scan	312,345,360,363	15516,15549,15564,15567	0.76819098	51	-9	-402	0.14955404	0.017887073	0.064321309	0.15460736	0.085217103	0.06993787	0.015441856	0.083634511	0.35843951	0.043446664	0.10538236	0.05125827	0.0096646938	0.12633862	0.93862468
1	order_4_rank_1	GM12878	GM12878	chr14	12	15204	313	15517	77585000	scan	313,345,360,363	15517,15549,15564,15567	0.77300346	50	-8	-401	0.15445262	0.037840351	0.03744752	0.33901528	0.14981587	0.13830812	0.02282095	0.1207568	0.20559399	0.070058405	0.1408563	0.057934839	0.0093266089	0.1306548	0.42596507
1	order_4_rank_1	GM12878	GM12878	chr14	12	15204	314	15518	77590000	scan	314,345,360,363	15518,15549,15564,15567	0.77620238	49	-7	-400	0.19439828	0.11066908	0.030620392	0.32229632	0.15123259	0.091586635	0.027219784	0.235506	0.11973212	0.099929273	0.11801948	0.073008709	0.0087612513	0.15066732	0.68509448
1	order_4_rank_1	GM12878	GM12878	chr14	12	15204	315	15519	77595000	scan	315,345,360,363	15519,15549,15564,15567	0.77893585	48	-6	-399	0.13123465	0.050323378	0.053667653	0.1731941	0.17499413	0.11225017	0.023361204	0.089436077	0.088809386	0.073853582	0.10242849	0.070320033	0.013055416	0.12460933	0.44679913
1	order_4_rank_1	GM12878	GM12878	chr14	12	15204	316	15520	77600000	scan	316,345,360,363	15520,15549,15564,15567	0.7831313	47	-5	-398	0.11847586	0.015934516	0.051728699	0.12584893	0.083813325	0.084150612	0.018549642	0.065519482	0.21608426	0.0819612	0.13191885	0.12796602	0.0088331625	0.12808986	0.30332166
1	order_4_rank_1	GM12878	GM12878	chr14	12	15204	317	15521	77605000	scan	317,345,360,363	15521,15549,15564,15567	0.78720665	46	-4	-397	0.1715124	0.057500303	0.054534752	0.3055467	0.066240303	0.13265492	0.056968968	0.23331909	0.21300091	0.19447953	0.26632264	0.074138395	0.0089999726	0.12345506	0.72805494
1	order_4_rank_1	GM12878	GM12878	chr14	12	15204	318	15522	77610000	scan	318,345,360,363	15522,15549,15564,15567	0.79080528	45	-3	-396	0.25793338	0.031836789	0.024851687	0.1889727	0.077143714	0.09528093	0.032761667	0.25167051	0.1779974	0.069179296	0.26117149	0.060139734	0.0055934028	0.099917337	0.14619552
1	order_4_rank_1	GM12878	GM12878	chr14	12	15204	319	15523	77615000	scan	319,345,360,363	15523,15549,15564,15567	0.79357445	44	-2	-395	0.49568078	0.068157054	0.1197558	0.097767435	0.050121963	0.1550805	0.15026711	0.32501525	0.20582332	0.50990951	0.15345258	0.14172785	0.020377398	0.18284146	0.95442343
1	order_4_rank_1	GM12878	GM12878	chr14	12	15204	320	15524	77620000	scan	320,345,360,363	15524,15549,15564,15567	0.79766679	43	-1	-394	0.092114232	0.0053972178	0.10485397	0.056068134	0.047857333	0.10222249	0.012673594	0.022319442	0.14385955	0.075448886	0.007617184	0.06687285	0.0066947034	0.16770828	0.13984482
1	order_4_rank_1	GM12878	GM12878	chr14	12	15204	321	15525	77625000	positive	321,345,360,363	15525,15549,15564,15567	0.80174559	42	0	-393	0.10186543	0.0029007529	0.096926294	0.039276134	0.033214297	0.16874337	0.0091548478	0.025760917	0.15284666	0.076557763	0.006842148	0.082701869	0.0064675561	0.11222348	0.14041874
1	order_4_rank_1	GM12878	GM12878	chr14	12	15204	322	15526	77630000	scan	322,345,360,363	15526,15549,15564,15567	0.80601001	41	1	-392	0.096787274	0.0051696296	0.13752015	0.038303204	0.047907043	0.21596523	0.0067560566	0.0098894788	0.14074069	0.05890787	0.0042784656	0.085882358	0.0036955921	0.10040376	0.13574216
1	order_4_rank_1	GM12878	GM12878	chr14	12	15204	323	15527	77635000	scan	323,345,360,363	15527,15549,15564,15567	0.81015164	40	2	-391	0.095937759	0.0063589225	0.1873844	0.047829609	0.055503052	0.1924815	0.010944081	0.0099708987	0.10314373	0.050035857	0.0099280998	0.055645417	0.0075918715	0.11229599	0.1958008
1	order_4_rank_1	GM12878	GM12878	chr14	12	15204	324	15528	77640000	scan	324,345,360,363	15528,15549,15564,15567	0.81397295	39	3	-390	0.22768487	0.02468729	0.093145989	0.1792538	0.052370545	0.095241137	0.052398171	0.32322082	0.087042689	0.74945515	0.0095776888	0.078162387	0.011328278	0.16903959	0.82850844
1	order_4_rank_1	GM12878	GM12878	chr14	12	15204	325	15529	77645000	scan	325,345,360,363	15529,15549,15564,15567	0.81783617	38	4	-389	0.1175437	0.0015838573	0.16275889	0.036007244	0.044390578	0.10205453	0.0070410608	0.011122868	0.095002756	0.064421825	0.0038216123	0.051915511	0.0074875588	0.13367243	0.20762512
1	order_4_rank_1	GM12878	GM12878	chr14	12	15204	326	15530	77650000	scan	326,345,360,363	15530,15549,15564,15567	0.82182044	37	5	-388	0.11014265	0.005644334	0.22971714	0.096039407	0.065349527	0.074172556	0.018263057	0.02786058	0.12722686	0.10278475	0.0068265609	0.1728563	0.0086279251	0.2451531	0.42852783
1	order_4_rank_1	GM12878	GM12878	chr14	12	15204	327	15531	77655000	scan	327,345,360,363	15531,15549,15564,15567	0.82625407	36	6	-387	0.085202187	0.0078444798	0.17762542	0.067614347	0.045110617	0.0415073	0.013883033	0.016609792	0.23668118	0.11934646	0.01233552	0.27296874	0.0072270101	0.31721038	0.61635518
1	order_4_rank_1	GM12878	GM12878	chr14	12	15204	328	15532	77660000	scan	328,345,360,363	15532,15549,15564,15567	0.8306101	35	7	-386	0.094800457	0.0033908405	0.16853462	0.03760618	0.074347317	0.048218686	0.0089051845	0.021733837	0.16476905	0.064979851	0.0082590925	0.11510585	0.0081809862	0.10893153	0.29007423
1	order_4_rank_1	GM12878	GM12878	chr14	12	15204	329	15533	77665000	scan	329,345,360,363	15533,15549,15564,15567	0.83552921	34	8	-385	0.12409182	0.0084457975	0.023634279	0.065755062	0.055642333	0.049441084	0.01566257	0.026142675	0.13478959	0.076851383	0.010472379	0.046967208	0.0047472958	0.13279946	0.26176828
1	order_4_rank_1	GM12878	GM12878	chr14	12	15204	330	15534	77670000	scan	330,345,360,363	15534,15549,15564,15567	0.83933991	33	9	-384	0.09099298	0.0086686714	0.051799323	0.029720517	0.21531248	0.061281238	0.0086979559	0.013702568	0.21811487	0.020618159	0.010398433	0.074510112	0.011653995	0.13428955	0.20919777
1	order_4_rank_1	GM12878	GM12878	chr14	12	15204	331	15535	77675000	scan	331,345,360,363	15535,15549,15564,15567	0.84367567	32	10	-383	0.10176219	0.0094121061	0.055293635	0.069911242	0.18792552	0.072090358	0.018032325	0.025560351	0.16446364	0.038164582	0.01446157	0.073399261	0.0067144008	0.14056614	0.19502062
1	order_4_rank_1	GM12878	GM12878	chr14	12	15204	332	15536	77680000	scan	332,345,360,363	15536,15549,15564,15567	0.84786683	31	11	-382	0.10861611	0.0093508381	0.054351408	0.050923549	0.16192657	0.072851203	0.014482363	0.02096034	0.13731079	0.030386114	0.014633809	0.10696995	0.0061717168	0.12947735	0.21814878
1	order_4_rank_1	GM12878	GM12878	chr14	12	15204	333	15537	77685000	scan	333,345,360,363	15537,15549,15564,15567	0.85226941	30	12	-381	0.12637872	0.01591531	0.043335859	0.096759707	0.21781787	0.052985843	0.013888881	0.035801202	0.20494901	0.038016267	0.019560184	0.0871538	0.0093916804	0.10963394	0.21049497
1	order_4_rank_1	GM12878	GM12878	chr14	12	15204	334	15538	77690000	scan	334,345,360,363	15538,15549,15564,15567	0.85706449	29	13	-380	0.11739504	0.0047888681	0.053396136	0.031811759	0.24066623	0.046291295	0.0056274608	0.0080582649	0.15219302	0.020391829	0.014241206	0.069838628	0.0098742051	0.11415225	0.19597736
1	order_4_rank_1	GM12878	GM12878	chr14	12	15204	335	15539	77695000	scan	335,345,360,363	15539,15549,15564,15567	0.86245	28	14	-379	0.083577722	0.0066223438	0.046411019	0.048199315	0.28522301	0.052369345	0.01062779	0.02108207	0.27602035	0.025313223	0.048551153	0.065457664	0.01229563	0.10107773	0.2576023
1	order_4_rank_1	GM12878	GM12878	chr14	12	15204	336	15540	77700000	scan	336,345,360,363	15540,15549,15564,15567	0.86726058	27	15	-378	0.11336774	0.0060861278	0.056597389	0.060465485	0.22491957	0.059756722	0.012194026	0.042769328	0.2813389	0.033028886	0.054119647	0.088231355	0.010232816	0.10976331	0.19499806
1	order_4_rank_1	GM12878	GM12878	chr14	12	15204	337	15541	77705000	scan	337,345,360,363	15541,15549,15564,15567	0.87243897	26	16	-377	0.70917404	0.12275722	0.05223139	0.16423425	0.060415432	0.093542539	0.23932452	0.42396182	0.23475781	0.34828284	0.61103052	0.5861885	0.031821951	0.24896351	0.84722215
1	order_4_rank_1	GM12878	GM12878	chr14	12	15204	338	15542	77710000	scan	338,345,360,363	15542,15549,15564,15567	0.87677151	25	17	-376	0.22123682	0.020872178	0.047759093	0.14442626	0.24799591	0.099896513	0.032928452	0.13846055	0.29044396	0.023732768	0.21548897	0.055594616	0.015667645	0.14692298	0.40038386
1	order_4_rank_1	GM12878	GM12878	chr14	12	15204	339	15543	77715000	scan	339,345,360,363	15543,15549,15564,15567	0.88100553	24	18	-375	0.11469801	0.0098608788	0.071170405	0.060883723	0.38048553	0.07032121	0.015789812	0.029640451	0.37253881	0.029384211	0.048130531	0.05233483	0.029059419	0.13640267	0.51584291
1	order_4_rank_1	GM12878	GM12878	chr14	12	15204	340	15544	77720000	scan	340,345,360,363	15544,15549,15564,15567	0.88556653	23	19	-374	0.11831732	0.0063052713	0.040383302	0.030540278	0.27478072	0.089702286	0.013943542	0.007167656	0.23596793	0.035726395	0.029091654	0.098471299	0.014270262	0.17522079	0.23483866
1	order_4_rank_1	GM12878	GM12878	chr14	12	15204	341	15545	77725000	scan	341,345,360,363	15545,15549,15564,15567	0.89051539	22	20	-373	0.13738273	0.0043772929	0.040266648	0.034190048	0.3156985	0.070985459	0.0093990285	0.015670711	0.23706932	0.02958459	0.040136937	0.04288755	0.0094058011	0.15129304	0.16683808
1	order_4_rank_1	GM12878	GM12878	chr14	12	15204	342	15546	77730000	scan	342,345,360,363	15546,15549,15564,15567	0.89567459	21	21	-372	0.1113829	0.0023069209	0.043892227	0.035825253	0.33975881	0.049257666	0.011903867	0.0046521351	0.14857872	0.016189203	0.023034045	0.086149901	0.012929357	0.16864687	0.18826219
1	order_4_rank_1	GM12878	GM12878	chr14	12	15204	343	15547	77735000	scan	343,345,360,363	15547,15549,15564,15567	0.90106386	20	22	-371	0.1053452	0.017474316	0.032688785	0.082669996	0.39640293	0.058242828	0.017100548	0.018402936	0.26173097	0.038838428	0.03322152	0.086201414	0.0093222335	0.13357955	0.20189394
1	order_4_rank_1	GM12878	GM12878	chr14	12	15204	344	15548	77740000	scan	344,345,360,363	15548,15549,15564,15567	0.90603781	19	23	-370	0.11480015	0.007543968	0.03854055	0.056779012	0.25203305	0.067374945	0.016571311	0.02131116	0.28135073	0.027936205	0.091560207	0.09490893	0.0086385692	0.14255579	0.2328795
1	order_4_rank_1	GM12878	GM12878	chr14	12	15204	346	15550	77750000	scan	345,346,360,363	15549,15550,15564,15567	0.91120976	18	25	-368	0.09564396	0.012693428	0.059150644	0.10311557	0.2044889	0.066466786	0.022346333	0.081562929	0.30123344	0.030797144	0.092870824	0.08935222	0.010849386	0.14186615	0.3035306
1	order_4_rank_1	GM12878	GM12878	chr14	12	15204	347	15551	77755000	scan	345,347,360,363	15549,15551,15564,15567	0.91182661	18	26	-367	0.22243506	0.012276757	0.042688075	0.13030973	0.1447598	0.099868998	0.017931351	0.22263953	0.443719	0.048552252	0.26283795	0.052741501	0.011193592	0.1292088	0.19942144
1	order_4_rank_1	GM12878	GM12878	chr14	12	15204	348	15552	77760000	scan	345,348,360,363	15549,15552,15564,15567	0.91065866	18	27	-366	0.39669633	0.06722758	0.084857374	0.086685017	0.058077693	0.047021691	0.097546242	0.2369922	0.13904303	0.64314014	0.084296785	0.099777013	0.019409761	0.13689128	0.87810385
1	order_4_rank_1	GM12878	GM12878	chr14	12	15204	349	15553	77765000	scan	345,349,360,363	15549,15553,15564,15567	0.9108867	18	28	-365	0.088334113	0.0044052936	0.13257407	0.04031783	0.04036345	0.039760452	0.012416874	0.022826364	0.081879862	0.081083246	0.0056065624	0.025216049	0.0071522258	0.1020411	0.18798588
1	order_4_rank_1	GM12878	GM12878	chr14	12	15204	350	15554	77770000	scan	345,350,360,363	15549,15554,15564,15567	0.91148186	18	29	-364	0.10077088	0.0028394083	0.13410287	0.063709058	0.048167069	0.38817391	0.0072801635	0.029460043	0.13209014	0.10270844	0.0075418469	0.056594368	0.0074212644	0.09871345	0.18726864
1	order_4_rank_1	GM12878	GM12878	chr14	12	15204	351	15555	77775000	scan	345,351,360,363	15549,15555,15564,15567	0.91096467	18	30	-363	0.11711448	0.0041113878	0.095373206	0.055503782	0.029508164	0.14802799	0.0096519869	0.02109311	0.10097472	0.068059281	0.0049101063	0.06853646	0.0049172211	0.0995581	0.19478317
1	order_4_rank_1	GM12878	GM12878	chr14	12	15204	352	15556	77780000	scan	345,352,360,363	15549,15556,15564,15567	0.91071504	18	31	-362	0.12043716	0.011227535	0.070258468	0.13902459	0.041831691	0.098351888	0.011736327	0.049256485	0.074422807	0.15538338	0.0064414931	0.068399481	0.0031173937	0.11926101	0.46120811
1	order_4_rank_1	GM12878	GM12878	chr14	12	15204	353	15557	77785000	scan	345,353,360,363	15549,15557,15564,15567	0.91089869	18	32	-361	0.10042696	0.0075050127	0.10229274	0.049899627	0.040148478	0.053219777	0.0061582937	0.020297943	0.17779684	0.10109256	0.0057378793	0.076090224	0.0045765392	0.15359537	0.30980724
1	order_4_rank_1	GM12878	GM12878	chr14	12	15204	354	15558	77790000	scan	345,354,360,363	15549,15558,15564,15567	0.91074055	18	33	-360	0.086793698	0.0074399556	0.1517387	0.093320318	0.047166843	0.057380311	0.01574952	0.03128396	0.11066633	0.11114389	0.0066500236	0.083990455	0.002815336	0.12212005	0.35471144
1	order_4_rank_1	GM12878	GM12878	chr14	12	15204	355	15559	77795000	scan	345,355,360,363	15549,15559,15564,15567	0.91086644	18	34	-359	0.18539785	0.026133364	0.056368832	0.13216981	0.040703095	0.080219992	0.025260678	0.14456648	0.10341523	0.21181683	0.012223551	0.063319117	0.0072385157	0.067846835	0.34837607
1	order_4_rank_1	GM12878	GM12878	chr14	12	15204	356	15560	77800000	scan	345,356,360,363	15549,15560,15564,15567	0.91051	18	35	-358	0.27623704	0.043797154	0.086688913	0.075558789	0.067784518	0.035171863	0.051220722	0.19385092	0.10028166	0.331727	0.031134838	0.15455155	0.016780647	0.23808619	0.69198793
1	order_4_rank_1	GM12878	GM12878	chr14	12	15204	357	15561	77805000	scan	345,357,360,363	15549,15561,15564,15567	0.91071135	18	36	-357	0.09323474	0.01263712	0.054086611	0.068792291	0.067147754	0.039853975	0.0088779209	0.036428362	0.10280651	0.062959813	0.019694934	0.072079375	0.0055633187	0.22149022	0.2727589
1	order_4_rank_1	GM12878	GM12878	chr14	12	15204	358	15562	77810000	scan	345,358,360,363	15549,15562,15564,15567	0.91058773	18	37	-356	0.11068483	0.0077530439	0.073781244	0.14052872	0.043285519	0.067555241	0.0093768248	0.066779032	0.13958396	0.080269396	0.014210713	0.074386425	0.008157189	0.12581541	0.69881588
1	order_4_rank_1	GM12878	GM12878	chr14	12	15204	359	15563	77815000	scan	345,359,360,363	15549,15563,15564,15567	0.91027033	18	38	-355	0.084496379	0.0071353964	0.069363251	0.036992382	0.076765023	0.053067822	0.010839626	0.017242258	0.12943587	0.050010849	0.011986582	0.59065044	0.0067700716	0.34312579	0.43836582
1	order_4_rank_1	GM12878	GM12878	chr14	12	15204	361	15565	77825000	scan	345,360,361,363	15549,15564,15565,15567	0.91033119	18	40	-353	0.10845484	0.0070095672	0.1303706	0.028508071	0.1475298	0.041671131	0.01408873	0.015380719	0.18478581	0.049174991	0.0068669328	0.074838206	0.01021034	0.13165565	0.20532241
1	order_4_rank_1	GM12878	GM12878	chr14	12	15204	362	15566	77830000	scan	345,360,362,363	15549,15564,15566,15567	0.91044766	18	41	-352	0.11916684	0.012818039	0.10769194	0.052248396	0.1325846	0.054471321	0.014248078	0.031052196	0.23588225	0.04818625	0.0045407014	0.072127126	0.0080874208	0.16472681	0.30464828
1	order_4_rank_1	GM12878	GM12878	chr14	12	15204	364	15568	77840000	scan	345,360,363,364	15549,15564,15567,15568	0.90593058	19	43	-350	0.090274528	0.013620936	0.096315145	0.091025963	0.055030312	0.061867714	0.022585819	0.024149135	0.17570575	0.075472288	0.011018605	0.049118683	0.0055032806	0.10001424	0.30396485
1	order_4_rank_1	GM12878	GM12878	chr14	12	15204	365	15569	77845000	scan	345,360,363,365	15549,15564,15567,15569	0.90082908	20	44	-349	0.075240284	0.0053310534	0.11120122	0.06481725	0.087548524	0.067623779	0.012120324	0.021022929	0.25619408	0.051116962	0.013855274	0.049724605	0.0063754353	0.1018527	0.36816633
1	order_4_rank_1	GM12878	GM12878	chr14	12	15204	366	15570	77850000	scan	345,360,363,366	15549,15564,15567,15570	0.89581585	21	45	-348	0.091362327	0.006878335	0.056868497	0.048057143	0.039371055	0.13109905	0.0071223038	0.015091828	0.13712218	0.045885071	0.011977558	0.057861369	0.0064010778	0.12572548	0.13114946
1	order_4_rank_1	GM12878	GM12878	chr14	12	15204	367	15571	77855000	scan	345,360,363,367	15549,15564,15567,15571	0.89031589	22	46	-347	0.099160217	0.0037780066	0.092027672	0.042708877	0.091842778	0.065001592	0.014276212	0.014359724	0.18443029	0.038769364	0.0066531738	0.083753578	0.0087419264	0.14406966	0.26174688
1	order_4_rank_1	GM12878	GM12878	chr14	12	15204	368	15572	77860000	scan	345,360,363,368	15549,15564,15567,15572	0.88520306	23	47	-346	0.083604909	0.0091883373	0.087456189	0.047011461	0.11150459	0.042685017	0.0095740408	0.013797313	0.21690357	0.063548923	0.0084576961	0.29419199	0.0091296723	0.37450352	0.74203491
1	order_4_rank_1	GM12878	GM12878	chr14	12	15204	369	15573	77865000	scan	345,360,363,369	15549,15564,15567,15573	0.88044345	24	48	-345	0.11355736	0.0050048195	0.078308754	0.07297989	0.097903825	0.065230474	0.017412029	0.025712129	0.19649829	0.064919747	0.012165427	0.094783917	0.0073787817	0.15673266	0.68804216
1	order_4_rank_1	GM12878	GM12878	chr14	12	15204	370	15574	77870000	scan	345,360,363,370	15549,15564,15567,15574	0.87644523	25	49	-344	0.085556291	0.0044501675	0.10976475	0.052708622	0.12829672	0.21029785	0.0071956716	0.01048848	0.20600832	0.05251519	0.0076242299	0.097334258	0.0077050845	0.10291481	0.26005676
1	order_4_rank_1	GM12878	GM12878	chr14	12	15204	371	15575	77875000	scan	345,360,363,371	15549,15564,15567,15575	0.87179077	26	50	-343	0.086615354	0.0043711271	0.12653722	0.034819666	0.11077533	0.12314242	0.010389566	0.016283104	0.18507275	0.043875962	0.0070296824	0.094787225	0.0099613722	0.16296828	0.27206028
1	order_4_rank_1	GM12878	GM12878	chr14	12	15204	372	15576	77880000	scan	345,360,363,372	15549,15564,15567,15576	0.86717761	27	51	-342	0.08649376	0.0093373936	0.06742391	0.090155087	0.06767524	0.054516289	0.019698767	0.036127545	0.27804366	0.11884785	0.010009173	0.069475256	0.0058188625	0.18216673	0.33128366
1	order_4_rank_1	GM12878	GM12878	chr14	12	15204	373	15577	77885000	scan	345,360,363,373	15549,15564,15567,15577	0.86211127	28	52	-341	0.099450752	0.0040491051	0.085625611	0.050921466	0.13532832	0.10483903	0.010929114	0.030067965	0.21379311	0.038707536	0.0083532594	0.085377321	0.0064288261	0.12106725	0.18666123
1	order_4_rank_1	GM12878	GM12878	chr14	12	15204	374	15578	77890000	scan	345,360,363,374	15549,15564,15567,15578	0.85698503	29	53	-340	0.094827428	0.013569501	0.072668262	0.041120723	0.085657351	0.084477305	0.010680677	0.017989561	0.18230496	0.074998066	0.012197289	0.10465361	0.0053585726	0.14554355	0.29140401
1	order_4_rank_1	GM12878	GM12878	chr14	12	15204	375	15579	77895000	scan	345,360,363,375	15549,15564,15567,15579	0.85212523	30	54	-339	0.097795755	0.0065313992	0.071172893	0.026934901	0.062668003	0.061373841	0.0093558878	0.017134728	0.15399058	0.039215509	0.0085612433	0.079083376	0.0077658594	0.10118087	0.1810424
1	order_4_rank_1	GM12878	GM12878	chr14	12	15204	376	15580	77900000	scan	345,360,363,376	15549,15564,15567,15580	0.84763169	31	55	-338	0.088274449	0.0044838069	0.068670817	0.035960678	0.075827561	0.063249007	0.011264674	0.0095287198	0.15230411	0.053424682	0.0071435799	0.076415919	0.0049303435	0.14854005	0.24331683
1	order_4_rank_1	GM12878	GM12878	chr14	12	15204	377	15581	77905000	scan	345,360,363,377	15549,15564,15567,15581	0.84325689	32	56	-337	0.10168286	0.0063576731	0.065552674	0.027183196	0.057607926	0.063821778	0.011053219	0.020483935	0.15631957	0.044937618	0.0049227905	0.099098392	0.0080808634	0.15298869	0.3115429
1	order_4_rank_1	GM12878	GM12878	chr14	12	15204	378	15582	77910000	scan	345,360,363,378	15549,15564,15567,15582	0.83913833	33	57	-336	0.097782977	0.0060287844	0.10992792	0.026911382	0.079054162	0.045497201	0.010309986	0.012047462	0.20268504	0.040371362	0.0057649845	0.08514826	0.0067314962	0.17980795	0.30520144
1	order_4_rank_1	GM12878	GM12878	chr14	12	15204	379	15583	77915000	scan	345,360,363,379	15549,15564,15567,15583	0.83464241	34	58	-335	0.1051288	0.0040325131	0.11777965	0.014926945	0.075605676	0.050262336	0.0076208026	0.010144968	0.11932591	0.051742755	0.0069596404	0.073041104	0.0040053735	0.12356226	0.170261
1	order_4_rank_1	GM12878	GM12878	chr14	12	15204	380	15584	77920000	scan	345,360,363,380	15549,15564,15567,15584	0.83027601	35	59	-334	0.10056657	0.0046756901	0.08355207	0.013980678	0.089332201	0.045137942	0.0076761767	0.0072973347	0.2051494	0.033100221	0.0065136147	0.07081946	0.0075944075	0.16414478	0.21984297
1	order_4_rank_1	GM12878	GM12878	chr14	12	15204	381	15585	77925000	scan	345,360,363,381	15549,15564,15567,15585	0.82575428	36	60	-333	0.088424891	0.0077727968	0.1009725	0.017300067	0.13550331	0.042243011	0.0067134039	0.012116088	0.19769004	0.041767363	0.0060651866	0.096688487	0.0060622538	0.13866632	0.24122655
1	order_4_rank_1	GM12878	GM12878	chr14	12	15204	382	15586	77930000	scan	345,360,363,382	15549,15564,15567,15586	0.82160127	37	61	-332	0.10736333	0.0059833308	0.1108857	0.025806639	0.11853173	0.18769318	0.0046932846	0.011304365	0.15735289	0.034462541	0.0044337213	0.071383171	0.0068976604	0.14372754	0.16627271
1	order_4_rank_1	GM12878	GM12878	chr14	12	15204	383	15587	77935000	scan	345,360,363,383	15549,15564,15567,15587	0.81807834	38	62	-331	0.10347016	0.0044499668	0.18013032	0.031078467	0.11361478	0.28004909	0.014063504	0.010215534	0.20639971	0.041572414	0.0063167005	0.090523489	0.0058997227	0.16100851	0.16002865
1	order_4_rank_1	GM12878	GM12878	chr14	12	15204	384	15588	77940000	scan	345,360,363,384	15549,15564,15567,15588	0.81359541	39	63	-330	0.1147313	0.005290335	0.19217089	0.035529979	0.064069033	0.1820637	0.0081743933	0.010053663	0.12051763	0.046377257	0.0052662916	0.072156735	0.0082403608	0.14120768	0.1686943
1	order_4_rank_1	GM12878	GM12878	chr14	12	15204	385	15589	77945000	scan	345,360,363,385	15549,15564,15567,15589	0.80931944	40	64	-329	0.1283022	0.0021276104	0.11279051	0.035127386	0.059217326	0.19197437	0.0063245739	0.010708441	0.11776278	0.034183901	0.0035553153	0.098870568	0.0066854004	0.078786522	0.14812994
1	order_4_rank_1	GM12878	GM12878	chr14	12	15204	386	15590	77950000	scan	345,360,363,386	15549,15564,15567,15590	0.80512726	41	65	-328	0.11063822	0.0059924694	0.19544274	0.028486183	0.052942745	0.14431228	0.011563467	0.0088649103	0.15877409	0.039817516	0.0029548204	0.097244978	0.0070226816	0.15732078	0.13722415
1	order_4_rank_1	GM12878	GM12878	chr14	12	15204	387	15591	77955000	scan	345,360,363,387	15549,15564,15567,15591	0.80103159	42	66	-327	0.087093353	0.0024485933	0.23218487	0.025584361	0.026644772	0.079165429	0.0083737653	0.014610587	0.27932721	0.059622463	0.0085367681	0.12938428	0.0056942287	0.15139163	0.18247186
1	order_4_rank_1	GM12878	GM12878	chr14	12	15204	388	15592	77960000	scan	345,360,363,388	15549,15564,15567,15592	0.79702592	43	67	-326	0.10890223	0.004350225	0.25291353	0.065348595	0.049016368	0.088146076	0.010490485	0.0077738082	0.17564134	0.049756594	0.0046460126	0.15508251	0.003681228	0.17404555	0.28672388
1	order_4_rank_1	GM12878	GM12878	chr14	12	15204	389	15593	77965000	scan	345,360,363,389	15549,15564,15567,15593	0.7930609	44	68	-325	0.20026039	0.0048882542	0.30682173	0.092803665	0.082569644	0.099822678	0.01762747	0.14992489	0.22093023	0.1653465	0.0070435773	0.081864499	0.005911258	0.19156551	0.74706751
1	order_4_rank_1	GM12878	GM12878	chr14	12	15204	390	15594	77970000	scan	345,360,363,390	15549,15564,15567,15594	0.78923392	45	69	-324	0.11110697	0.003375564	0.17215465	0.033589371	0.041216034	0.08955045	0.0069666579	0.0152061	0.13238737	0.047295824	0.0083084954	0.10189494	0.0065657301	0.12262055	0.13122615
1	order_4_rank_1	GM12878	GM12878	chr14	12	15204	391	15595	77975000	scan	345,360,363,391	15549,15564,15567,15595	0.78603154	46	70	-323	0.098970108	0.0053056316	0.29958755	0.03469193	0.051929742	0.080591947	0.011326648	0.017502287	0.29326761	0.056757174	0.011140175	0.16364715	0.0074370313	0.15279463	0.21486375
1	order_4_rank_1	GM12878	GM12878	chr14	12	15204	392	15596	77980000	scan	345,360,363,392	15549,15564,15567,15596	0.78243351	47	71	-322	0.095683947	0.0046487683	0.23744714	0.058515996	0.048234675	0.060624857	0.014968966	0.049383085	0.25745216	0.095064528	0.0043289997	0.14209402	0.0039957813	0.19068515	0.28978035
1	order_4_rank_1	GM12878	GM12878	chr14	12	15204	393	15597	77985000	scan	345,360,363,393	15549,15564,15567,15597	0.77901143	48	72	-321	0.11059998	0.0045322655	0.25463805	0.050281785	0.050803717	0.097251125	0.014342993	0.021706399	0.22508723	0.080329336	0.0066653094	0.074125007	0.005979035	0.15128222	0.22128619
1	order_4_rank_1	GM12878	GM12878	chr14	12	15204	394	15598	77990000	scan	345,360,363,394	15549,15564,15567,15598	0.77513248	49	73	-320	0.078582183	0.0014804776	0.18581711	0.026096234	0.038478859	0.061070636	0.0080011515	0.0043152003	0.1521368	0.057028726	0.0036492085	0.18095376	0.0034733058	0.17085154	0.25887191
1	order_4_rank_1	GM12878	GM12878	chr14	12	15204	395	15599	77995000	scan	345,360,363,395	15549,15564,15567,15599	0.77196795	50	74	-319	0.1126722	0.002400677	0.11266746	0.028571233	0.02746035	0.21163525	0.0064589935	0.011181112	0.096388675	0.040144663	0.003364014	0.084114671	0.0055006649	0.13861769	0.090692036
1	order_4_rank_1	GM12878	GM12878	chr14	12	15204	396	15600	78000000	scan	345,360,363,396	15549,15564,15567,15600	0.76888347	51	75	-318	0.12911685	0.0015134726	0.076890171	0.04504849	0.039526284	0.39399266	0.0047445907	0.013106565	0.14540312	0.049389794	0.0030407971	0.043582782	0.0065921056	0.15285079	0.084946543
1	order_4_rank_1	GM12878	GM12878	chr14	12	15204	397	15601	78005000	scan	345,360,363,397	15549,15564,15567,15601	0.76441324	52	76	-317	0.12589747	0.0034415682	0.11037478	0.077247828	0.057555232	0.20148316	0.014212934	0.021250116	0.13855724	0.061254337	0.0052374317	0.067402601	0.0041849473	0.12197447	0.61180896
1	order_4_rank_1	GM12878	GM12878	chr14	12	15204	398	15602	78010000	scan	345,360,363,398	15549,15564,15567,15602	0.76052868	53	77	-316	0.090705082	0.0014026485	0.16888194	0.030237919	0.066097289	0.081360541	0.0085681872	0.01540729	0.16373457	0.032856926	0.0021193603	0.084167294	0.0043637436	0.1015829	0.1243036
1	order_4_rank_1	GM12878	GM12878	chr14	12	15204	399	15603	78015000	scan	345,360,363,399	15549,15564,15567,15603	0.7573325	54	78	-315	0.12217178	0.0034861262	0.15970275	0.066164136	0.032926865	0.10945564	0.012328972	0.022590296	0.15529951	0.066026121	0.0020963796	0.10812239	0.0065755509	0.17386942	0.16297831
1	order_4_rank_1	GM12878	GM12878	chr14	12	15204	400	15604	78020000	scan	345,360,363,400	15549,15564,15567,15604	0.75371271	55	79	-314	0.1421597	0.0030071635	0.21730515	0.04721871	0.055817187	0.12848631	0.013460428	0.024598183	0.17653425	0.14026277	0.007259544	0.27320272	0.0044600894	0.24869393	0.56230485
1	order_4_rank_1	GM12878	GM12878	chr14	12	15204	401	15605	78025000	scan	345,360,363,401	15549,15564,15567,15605	0.75033998	56	80	-313	0.10193618	0.0052320645	0.28972772	0.027038192	0.068919033	0.075822882	0.0072279121	0.019246802	0.22007008	0.030667445	0.0043191006	0.18043466	0.0060907463	0.16453087	0.23446272
1	order_4_rank_1	GM12878	GM12878	chr14	12	15204	402	15606	78030000	scan	345,360,363,402	15549,15564,15567,15606	0.74687028	57	81	-312	0.099390239	0.0022767945	0.28919864	0.02298991	0.060621403	0.075422153	0.0070206183	0.010164258	0.19751164	0.047140632	0.0027450486	0.15243137	0.0047438629	0.14252658	0.26556361
1	order_4_rank_1	GM12878	GM12878	chr14	12	15204	403	15607	78035000	scan	345,360,363,403	15549,15564,15567,15607	0.74327111	58	82	-311	0.10223117	0.0043548555	0.19772984	0.035073884	0.047324516	0.078854658	0.0062407744	0.022025665	0.16232327	0.035333432	0.0046888161	0.10075185	0.0042025498	0.11181619	0.21681935
1	order_4_rank_1	GM12878	GM12878	chr14	12	15204	404	15608	78040000	scan	345,360,363,404	15549,15564,15567,15608	0.74007654	59	83	-310	0.11908479	0.0039464864	0.20974162	0.030707255	0.030480275	0.13798697	0.012456255	0.014711093	0.18663381	0.053127691	0.0068863533	0.11542726	0.0046993559	0.12783462	0.09400034
1	order_4_rank_1	GM12878	GM12878	chr14	12	15204	405	15609	78045000	scan	345,360,363,405	15549,15564,15567,15609	0.7364834	60	84	-309	0.091873676	0.0035598648	0.15655106	0.033939339	0.034494944	0.052651748	0.0061045769	0.011514626	0.15607664	0.043232765	0.0024586108	0.10573597	0.0044738129	0.11432004	0.12655865
1	order_4_rank_1	GM12878	GM12878	chr14	12	15204	406	15610	78050000	scan	345,360,363,406	15549,15564,15567,15610	0.73316795	61	85	-308	0.09266147	0.0021410896	0.13248947	0.02857193	0.041514229	0.084577829	0.0081809172	0.011051807	0.16462331	0.034776147	0.0040179957	0.068322651	0.0036127053	0.10155567	0.088798128
1	order_4_rank_1	GM12878	GM12878	chr14	12	15204	407	15611	78055000	scan	345,360,363,407	15549,15564,15567,15611	0.72971439	62	86	-307	0.078426227	0.0039715027	0.12940282	0.026869971	0.026675949	0.051390678	0.017004564	0.0074180579	0.13894431	0.046079453	0.0073555638	0.09167359	0.0060519483	0.13440444	0.10648492
1	order_4_rank_1	GM12878	GM12878	chr14	12	15204	408	15612	78060000	scan	345,360,363,408	15549,15564,15567,15612	0.72661197	63	87	-306	0.10803006	0.0010096958	0.26410246	0.024622468	0.063220911	0.081152461	0.015637919	0.021590926	0.20289458	0.052680627	0.0084994836	0.092177212	0.0072936476	0.15215158	0.1459979
1	order_4_rank_1	GM12878	GM12878	chr14	12	15204	409	15613	78065000	scan	345,360,363,409	15549,15564,15567,15613	0.72328079	64	88	-305	0.086123139	0.0011605566	0.2155492	0.016639944	0.049630996	0.05813612	0.0085274018	0.011079516	0.12272564	0.042740315	0.0031996579	0.061377551	0.0052547948	0.15913808	0.14158085
1	order_4_rank_1	GM12878	GM12878	chr14	12	15204	410	15614	78070000	scan	345,360,363,410	15549,15564,15567,15614	0.71984768	65	89	-304	0.10247803	0.0027824952	0.27224609	0.035521604	0.077617429	0.040243868	0.013134166	0.022869892	0.19098307	0.056937102	0.0058200718	0.19108655	0.0038468386	0.1932328	0.3078514
1	order_4_rank_1	GM12878	GM12878	chr14	12	15204	411	15615	78075000	scan	345,360,363,411	15549,15564,15567,15615	0.71662408	66	90	-303	0.10766353	0.0024932814	0.21529733	0.019276237	0.06248251	0.038943585	0.006950079	0.0071230899	0.14010774	0.034384526	0.0043745134	0.083815686	0.0086305058	0.19606054	0.2540307
1	order_4_rank_1	GM12878	GM12878	chr14	12	15204	412	15616	78080000	scan	345,360,363,412	15549,15564,15567,15616	0.71329063	67	91	-302	0.10590728	0.0036563948	0.17846824	0.025431676	0.032669049	0.056738723	0.0092364224	0.007878202	0.19119182	0.04351043	0.0025080063	0.063351423	0.0040907562	0.089306638	0.16973127
1	order_4_rank_1	GM12878	GM12878	chr14	12	15204	413	15617	78085000	scan	345,360,363,413	15549,15564,15567,15617	0.71015638	68	92	-301	0.1054497	0.0027565369	0.34183854	0.021013692	0.042283881	0.073585346	0.010588683	0.016077882	0.27663237	0.054957319	0.0033085102	0.082439698	0.010409193	0.15099639	0.19132288
1	order_4_rank_1	GM12878	GM12878	chr14	12	15204	414	15618	78090000	scan	345,360,363,414	15549,15564,15567,15618	0.70722872	69	93	-300	0.083124302	0.0028182215	0.42259324	0.036494888	0.076349132	0.079006046	0.011473486	0.02012676	0.27988809	0.058600076	0.0052379561	0.068621464	0.0052779326	0.12010654	0.23614356
1	order_4_rank_1	GM12878	GM12878	chr14	12	15204	415	15619	78095000	scan	345,360,363,415	15549,15564,15567,15619	0.70419151	70	94	-299	0.099110372	0.0033161815	0.16908123	0.031369638	0.055842824	0.092853829	0.011245479	0.026002655	0.19616155	0.040348738	0.00073904893	0.071270481	0.0057452591	0.10117857	0.14567636
1	order_4_rank_1	GM12878	GM12878	chr14	12	15204	416	15620	78100000	scan	345,360,363,416	15549,15564,15567,15620	0.70135111	71	95	-298	0.12219558	0.0060396944	0.24729493	0.043464568	0.080935121	0.077584803	0.0090385871	0.013703611	0.20133278	0.054868124	0.0029027406	0.074185878	0.004073285	0.15927875	0.23428339
1	order_4_rank_1	GM12878	GM12878	chr14	12	15204	417	15621	78105000	scan	345,360,363,417	15549,15564,15567,15621	0.69858688	72	96	-297	0.1261279	0.0053809085	0.26838332	0.023036443	0.059602804	0.077362403	0.011202772	0.011849467	0.17698248	0.036243059	0.0025456368	0.069821104	0.0046714828	0.17940429	0.1351361
1	order_4_rank_1	GM12878	GM12878	chr14	12	15204	418	15622	78110000	scan	345,360,363,418	15549,15564,15567,15622	0.69589317	73	97	-296	0.085478842	0.0060013146	0.17264484	0.025973681	0.055453625	0.058227554	0.01821229	0.0083141327	0.23894678	0.040033635	0.0044985381	0.098841831	0.0048464313	0.10447933	0.14027488
1	order_4_rank_1	GM12878	GM12878	chr14	12	15204	419	15623	78115000	scan	345,360,363,419	15549,15564,15567,15623	0.69291139	74	98	-295	0.11584561	0.0024557179	0.20799118	0.031301226	0.061039478	0.1051158	0.011294945	0.015138289	0.14416851	0.031495456	0.0027071349	0.091757059	0.0061250441	0.10905509	0.11453932
1	order_4_rank_1	GM12878	GM12878	chr14	12	15204	420	15624	78120000	scan	345,360,363,420	15549,15564,15567,15624	0.69005662	75	99	-294	0.10694196	0.0017462312	0.24919131	0.027862482	0.044789802	0.082572073	0.010675454	0.014115398	0.18453404	0.050019145	0.0032652123	0.14061031	0.0056142733	0.14668787	0.17659916
1	order_4_rank_1	GM12878	GM12878	chr14	12	15204	421	15625	78125000	scan	345,360,363,421	15549,15564,15567,15625	0.68717098	76	100	-293	0.095264047	0.0080023184	0.25965616	0.036168933	0.035924599	0.062677674	0.0097119352	0.0082956338	0.24181746	0.065344736	0.0042696171	0.16656367	0.005980527	0.14349195	0.21028388
1	order_4_rank_1	GM12878	GM12878	chr14	12	15204	422	15626	78130000	scan	345,360,363,422	15549,15564,15567,15626	0.68421227	77	101	-292	0.10939114	0.0048425142	0.20329005	0.043371812	0.037426412	0.067913555	0.013539491	0.011728512	0.17322539	0.057975031	0.003380748	0.08245562	0.0039720959	0.13537447	0.20286219
1	order_4_rank_1	GM12878	GM12878	chr14	12	15204	423	15627	78135000	scan	345,360,363,423	15549,15564,15567,15627	0.68127078	78	102	-291	0.10628485	0.0052245203	0.21308079	0.02506778	0.043821227	0.082075059	0.010544457	0.019053847	0.14268044	0.05693486	0.0057347766	0.11809278	0.0055321846	0.18091103	0.14734666
1	order_4_rank_1	GM12878	GM12878	chr14	12	15204	424	15628	78140000	scan	345,360,363,424	15549,15564,15567,15628	0.6783191	79	103	-290	0.13601492	0.0057039675	0.22056283	0.030687574	0.034686595	0.07253994	0.008185978	0.020549936	0.30839679	0.060342886	0.001821306	0.25098848	0.0048896493	0.18691254	0.2182076
1	order_4_rank_1	GM12878	GM12878	chr14	12	15204	425	15629	78145000	scan	345,360,363,425	15549,15564,15567,15629	0.67534995	80	104	-289	0.1083866	0.0056242845	0.19036356	0.037523054	0.041512422	0.089263573	0.011184549	0.01382013	0.18673125	0.059451986	0.00645241	0.10262826	0.0050597815	0.17282343	0.11963277
1	order_4_rank_1	GM12878	GM12878	chr14	12	15204	426	15630	78150000	scan	345,360,363,426	15549,15564,15567,15630	0.67228687	81	105	-288	0.087028801	0.0055172229	0.24881403	0.055658519	0.061342563	0.07419055	0.014608488	0.029185791	0.24366847	0.050595179	0.0087353671	0.11518712	0.0067313407	0.19287075	0.27027047
1	order_4_rank_1	GM12878	GM12878	chr14	12	15204	427	15631	78155000	scan	345,360,363,427	15549,15564,15567,15631	0.66911328	82	106	-287	0.11086448	0.0075897872	0.17430434	0.029981766	0.046887558	0.077076279	0.010266176	0.019089488	0.2355223	0.048640765	0.005231081	0.10291935	0.0026082287	0.21153204	0.18991406
1	order_4_rank_1	GM12878	GM12878	chr14	12	15204	428	15632	78160000	scan	345,360,363,428	15549,15564,15567,15632	0.66586536	83	107	-286	0.12242617	0.0016974286	0.31044653	0.025161315	0.062225882	0.051569499	0.0088807298	0.010985725	0.14689934	0.022042889	0.0044384007	0.59509575	0.0068088472	0.25813994	0.33248901
1	order_4_rank_1	GM12878	GM12878	chr14	12	15204	429	15633	78165000	scan	345,360,363,429	15549,15564,15567,15633	0.66315132	84	108	-285	0.078635931	0.0059224945	0.37948704	0.046395011	0.054538608	0.087223902	0.013967419	0.017136805	0.29950216	0.053977095	0.0021043161	0.25049475	0.0067000822	0.18991452	0.20805502
1	order_4_rank_1	GM12878	GM12878	chr14	12	15204	430	15634	78170000	scan	345,360,363,430	15549,15564,15567,15634	0.66041017	85	109	-284	0.079456963	0.0031682528	0.46334252	0.036061361	0.082546584	0.051354539	0.0035599838	0.01760797	0.35074529	0.061792213	0.0050497153	0.12389226	0.0085398573	0.1372095	0.22654207
1	order_4_rank_1	GM12878	GM12878	chr14	12	15204	431	15635	78175000	scan	345,360,363,431	15549,15564,15567,15635	0.65784669	86	110	-283	0.0847627	0.0012848356	0.33936098	0.022011351	0.068543568	0.068458185	0.0056330874	0.021628747	0.26347518	0.05325973	0.0074124634	0.090723082	0.0069023049	0.11795673	0.22563806
1	order_4_rank_1	GM12878	GM12878	chr14	12	15204	432	15636	78180000	scan	345,360,363,432	15549,15564,15567,15636	0.65534914	87	111	-282	0.095251925	0.0093567483	0.28060487	0.039090965	0.040827755	0.049017087	0.012900049	0.011609421	0.33933362	0.049858965	0.0037933763	0.10570714	0.0057823886	0.16774774	0.17978743
1	order_4_rank_1	GM12878	GM12878	chr14	12	15204	433	15637	78185000	scan	345,360,363,433	15549,15564,15567,15637	0.65286767	88	112	-281	0.1018669	0.0066177226	0.21623825	0.031263258	0.049157646	0.090618849	0.013141036	0.011690457	0.32000679	0.058905724	0.0037879406	0.07050398	0.005095785	0.16567755	0.17061087
1	order_4_rank_1	GM12878	GM12878	chr14	12	15204	434	15638	78190000	scan	345,360,363,434	15549,15564,15567,15638	0.65015054	89	113	-280	0.087454639	0.0021728433	0.19140352	0.024497654	0.043887217	0.085019767	0.01157969	0.013263341	0.19250281	0.040272631	0.0032949513	0.079948574	0.0066280775	0.13809291	0.19846456
1	order_4_rank_1	GM12878	GM12878	chr14	12	15204	435	15639	78195000	scan	345,360,363,435	15549,15564,15567,15639	0.64752644	90	114	-279	0.09227024	0.0025821349	0.24164763	0.028115207	0.053950068	0.11155263	0.015212853	0.014047143	0.25990394	0.039109919	0.004142344	0.13603152	0.0099180797	0.16620113	0.19805525
1	order_4_rank_1	GM12878	GM12878	chr14	12	15204	436	15640	78200000	scan	345,360,363,436	15549,15564,15567,15640	0.64494783	91	115	-278	0.1038163	0.0088064354	0.27380791	0.17365168	0.064194754	0.1135435	0.0164435	0.061648745	0.36126137	0.052006837	0.0091432668	0.073551662	0.00549326	0.17870039	0.20007083
1	order_4_rank_1	GM12878	GM12878	chr14	12	15204	437	15641	78205000	scan	345,360,363,437	15549,15564,15567,15641	0.64201903	92	116	-277	0.094352432	0.0023972921	0.21319525	0.034701049	0.047658149	0.094780475	0.006075704	0.010336834	0.20532687	0.031586766	0.0033900447	0.084983312	0.0054116766	0.13854973	0.15647048
1	order_4_rank_1	GM12878	GM12878	chr14	12	15204	438	15642	78210000	scan	345,360,363,438	15549,15564,15567,15642	0.63929832	93	117	-276	0.10716566	0.0038625482	0.11547985	0.026984906	0.041180376	0.15659122	0.01098207	0.015215199	0.22270676	0.040048406	0.0033684673	0.096506543	0.0058289515	0.1838886	0.14326352
1	order_4_rank_1	GM12878	GM12878	chr14	12	15204	439	15643	78215000	scan	345,360,363,439	15549,15564,15567,15643	0.63669664	94	118	-275	0.10111675	0.0061252769	0.14409775	0.030017802	0.056769833	0.076194145	0.0081905825	0.0075585051	0.25396442	0.040914472	0.0031420914	0.13030587	0.0076404307	0.082926303	0.13811827
1	order_4_rank_1	GM12878	GM12878	chr14	12	15204	440	15644	78220000	scan	345,360,363,440	15549,15564,15567,15644	0.63434607	95	119	-274	0.089668825	0.002629579	0.23547639	0.028796621	0.064594753	0.1037138	0.0071518719	0.01151188	0.22562985	0.03432522	0.0037953255	0.081239477	0.0053904718	0.13370152	0.19013363
1	order_4_rank_1	GM12878	GM12878	chr14	12	15204	441	15645	78225000	scan	345,360,363,441	15549,15564,15567,15645	0.63189876	96	120	-273	0.083329536	0.0033941304	0.11987261	0.025866374	0.033981334	0.10508794	0.0096137654	0.01835018	0.13924719	0.034039162	0.0038392772	0.072876126	0.0041078804	0.16088381	0.147835
1	order_4_rank_1	GM12878	GM12878	chr14	12	15204	442	15646	78230000	scan	345,360,363,442	15549,15564,15567,15646	0.62951052	97	121	-272	0.10862456	0.0059455074	0.17057492	0.03052089	0.041247886	0.061262261	0.012361656	0.015922716	0.2831713	0.047652118	0.0021467642	0.10456692	0.0077689281	0.14758146	0.2013524
1	order_4_rank_1	GM12878	GM12878	chr14	12	15204	443	15647	78235000	scan	345,360,363,443	15549,15564,15567,15647	0.62702918	98	122	-271	0.10470518	0.0029281403	0.2811445	0.026524302	0.043110769	0.068320848	0.0071850382	0.016972331	0.12830944	0.029314708	0.0028194103	0.091631427	0.0085686911	0.15050948	0.13071969
1	order_4_rank_1	GM12878	GM12878	chr14	12	15204	444	15648	78240000	scan	345,360,363,444	15549,15564,15567,15648	0.62469143	99	123	-270	0.10452326	0.0015547883	0.25129157	0.022414297	0.053302463	0.067010432	0.0057815425	0.011292066	0.2334663	0.051137973	0.0014694466	0.10269321	0.0025786359	0.14835551	0.23177394
1	order_4_rank_1	GM12878	GM12878	chr14	12	15204	445	15649	78245000	scan	345,360,363,445	15549,15564,15567,15649	0.62239391	100	124	-269	0.082931057	0.0074467161	0.2361353	0.043324232	0.061877593	0.078506187	0.0051379194	0.016173696	0.2658022	0.042438183	0.0071401079	0.1070561	0.006685826	0.10742041	0.15376836
1	order_4_rank_1	GM12878	GM12878	chr14	12	15204	446	15650	78250000	scan	345,360,363,446	15549,15564,15567,15650	0.62003058	101	125	-268	0.10208006	0.0034024615	0.23892267	0.041213427	0.043538306	0.070161268	0.0064866007	0.013810942	0.23741563	0.041132618	0.0029065744	0.096400991	0.0042187944	0.13414183	0.2212629
1	order_4_rank_1	GM12878	GM12878	chr14	12	15204	447	15651	78255000	scan	345,360,363,447	15549,15564,15567,15651	0.61775053	102	126	-267	0.11003409	0.0038564324	0.275309	0.031510141	0.0570985	0.1307902	0.0087769078	0.019113241	0.20804812	0.051623203	0.0080786506	0.11880039	0.0075377803	0.15646073	0.17560965
1	order_4_rank_1	GM12878	GM12878	chr14	12	15204	448	15652	78260000	scan	345,360,363,448	15549,15564,15567,15652	0.61542821	103	127	-266	0.12682638	0.0050029405	0.20827386	0.033132903	0.041468125	0.12690344	0.0090680048	0.01838932	0.2288131	0.053930461	0.0051778886	0.089680441	0.007557333	0.11646243	0.1386455
1	order_4_rank_1	GM12878	GM12878	chr14	12	15204	449	15653	78265000	scan	345,360,363,449	15549,15564,15567,15653	0.61319369	104	128	-265	0.11380363	0.003442256	0.1453348	0.03058747	0.037174188	0.092669986	0.009744022	0.0099889208	0.19448413	0.070632994	0.0096268496	0.1191748	0.0092577823	0.1012938	0.1452737
1	order_4_rank_1	GM12878	GM12878	chr14	12	15204	450	15654	78270000	scan	345,360,363,450	15549,15564,15567,15654	0.61106449	105	129	-264	0.098908737	0.0071409806	0.38779941	0.032143973	0.071200334	0.080050074	0.011603573	0.019155674	0.2542913	0.049810167	0.0036949231	0.092841856	0.0094436249	0.1200583	0.19227853
1	order_4_rank_1	GM12878	GM12878	chr14	12	15204	451	15655	78275000	scan	345,360,363,451	15549,15564,15567,15655	0.60884148	106	130	-263	0.11161802	0.0026148979	0.28202826	0.04287675	0.05763391	0.1048842	0.0093734367	0.019233763	0.2318099	0.06568677	0.0050736032	0.066731632	0.0060069328	0.15354209	0.17113303
1	order_4_rank_1	GM12878	GM12878	chr14	12	15204	452	15656	78280000	scan	345,360,363,452	15549,15564,15567,15656	0.60667163	107	131	-262	0.09629412	0.0034235227	0.26983535	0.04977373	0.074205786	0.094477795	0.012257389	0.01984283	0.26047635	0.06060705	0.0046076979	0.0898633	0.0042893826	0.13817215	0.22954701
1	order_4_rank_1	GM12878	GM12878	chr14	12	15204	453	15657	78285000	scan	345,360,363,453	15549,15564,15567,15657	0.60446203	108	132	-261	0.091428623	0.0024023326	0.33161655	0.026451003	0.045313541	0.084484704	0.0075344448	0.016667768	0.21210442	0.032634571	0.0057391063	0.14133616	0.0097837765	0.18475337	0.15825801
1	order_4_rank_1	GM12878	GM12878	chr14	12	15204	454	15658	78290000	scan	345,360,363,454	15549,15564,15567,15658	0.60237551	109	133	-260	0.12913054	0.0061448845	0.18808685	0.088163607	0.049950149	0.1297887	0.0165806	0.054588139	0.19033481	0.053484127	0.0064203232	0.11268339	0.0059488774	0.17032306	0.3324241
1	order_4_rank_1	GM12878	GM12878	chr14	12	15204	455	15659	78295000	scan	345,360,363,455	15549,15564,15567,15659	0.60038334	110	134	-259	0.10791308	0.0049048378	0.20283389	0.041226555	0.040870856	0.09940102	0.0085772304	0.019769358	0.20740183	0.049169954	0.0040096999	0.079698555	0.006058997	0.12128064	0.13144557
1	order_4_rank_1	GM12878	GM12878	chr14	12	15204	456	15660	78300000	scan	345,360,363,456	15549,15564,15567,15660	0.59835964	111	135	-258	0.12123182	0.0025653136	0.26649615	0.034340218	0.03739056	0.091249555	0.0083567156	0.01181326	0.29240415	0.05319757	0.0025734361	0.10805309	0.0076305317	0.1856	0.15794958
1	order_4_rank_1	GM12878	GM12878	chr14	12	15204	457	15661	78305000	scan	345,360,363,457	15549,15564,15567,15661	0.59628779	112	136	-257	0.11056852	0.0049954327	0.2042869	0.03335987	0.024783859	0.076460637	0.0061405185	0.012582079	0.15406764	0.039163981	0.0049787718	0.11714086	0.0075413901	0.15126826	0.11239176
1	order_4_rank_1	GM12878	GM12878	chr14	12	15204	458	15662	78310000	scan	345,360,363,458	15549,15564,15567,15662	0.59428644	113	137	-256	0.13017982	0.0042942441	0.26129323	0.03052148	0.042370543	0.068320751	0.010737771	0.018081101	0.17108163	0.038353849	0.0041291299	0.10578954	0.0056423601	0.16294971	0.1380291
1	order_4_rank_1	GM12878	GM12878	chr14	12	15204	459	15663	78315000	scan	345,360,363,459	15549,15564,15567,15663	0.59226912	114	138	-255	0.12468632	0.0056963926	0.2538799	0.037380777	0.060001027	0.1048037	0.0093280971	0.010946432	0.18249108	0.042113554	0.009929575	0.10593533	0.0087656239	0.15430894	0.1245824
1	order_4_rank_1	GM12878	GM12878	chr14	12	15204	460	15664	78320000	scan	345,360,363,460	15549,15564,15567,15664	0.59022915	115	139	-254	0.11608858	0.0062087788	0.31524941	0.047038488	0.056044571	0.12124372	0.01073987	0.030418614	0.23769267	0.066274904	0.0052538915	0.11128158	0.0048214965	0.15826365	0.20727915
1	order_4_rank_1	GM12878	GM12878	chr14	12	15204	461	15665	78325000	scan	345,360,363,461	15549,15564,15567,15665	0.58824164	116	140	-253	0.10814657	0.003480193	0.27044591	0.023818204	0.04384464	0.088238932	0.0080071529	0.012831104	0.19495384	0.031831753	0.004071686	0.096695602	0.0067634135	0.14247639	0.13739003
1	order_4_rank_1	GM12878	GM12878	chr14	12	15204	462	15666	78330000	scan	345,360,363,462	15549,15564,15567,15666	0.5864532	117	141	-252	0.12915121	0.0039160997	0.15148787	0.03308199	0.041042987	0.1165436	0.011373876	0.016557846	0.12140351	0.061324827	0.0037359975	0.11005267	0.0085690115	0.12281068	0.12343065
1	order_4_rank_1	GM12878	GM12878	chr14	12	15204	463	15667	78335000	scan	345,360,363,463	15549,15564,15567,15667	0.58471817	118	142	-251	0.10756013	0.0094391434	0.26790994	0.084964901	0.052306302	0.14854945	0.014921436	0.043531165	0.26644173	0.062645301	0.0076406035	0.095039688	0.0098242024	0.1307632	0.22066081
1	order_4_rank_1	GM12878	GM12878	chr14	12	15204	464	15668	78340000	scan	345,360,363,464	15549,15564,15567,15668	0.5830403	119	143	-250	0.10036784	0.0065189041	0.19432101	0.035938498	0.036221232	0.10508908	0.013358756	0.014979695	0.22764568	0.044357598	0.0030244302	0.13186094	0.0069082454	0.15334715	0.14427225
1	order_4_rank_1	GM12878	GM12878	chr14	12	15204	465	15669	78345000	scan	345,360,363,465	15549,15564,15567,15669	0.58121639	120	144	-249	0.10153303	0.0063394951	0.31209636	0.043249492	0.067171142	0.083884045	0.012815993	0.018220365	0.23778337	0.070346028	0.0048638065	0.1035054	0.0057898373	0.13625264	0.2055389
1	order_4_rank_1	GM12878	GM12878	chr14	12	15204	466	15670	78350000	scan	345,360,363,466	15549,15564,15567,15670	0.57940584	121	145	-248	0.09933465	0.003398	0.39584535	0.027324269	0.068870254	0.10258524	0.0088305017	0.013406728	0.25878677	0.032253444	0.0039253966	0.098529473	0.0045442982	0.15138592	0.13930419
1	order_4_rank_1	GM12878	GM12878	chr14	12	15204	467	15671	78355000	scan	345,360,363,467	15549,15564,15567,15671	0.57762641	122	146	-247	0.10449494	0.0022760488	0.21657224	0.022192717	0.064095892	0.083774745	0.014083107	0.018078413	0.26962477	0.055651661	0.0050008646	0.082870595	0.0051226416	0.1540245	0.1564455
1	order_4_rank_1	GM12878	GM12878	chr14	12	15204	468	15672	78360000	scan	345,360,363,468	15549,15564,15567,15672	0.57580966	123	147	-246	0.1144609	0.0064524938	0.23176095	0.039865956	0.054690342	0.11296774	0.0080166096	0.018782455	0.16945335	0.043110792	0.008951393	0.089400358	0.0073126308	0.14536671	0.11824162
1	order_4_rank_1	GM12878	GM12878	chr14	12	15204	469	15673	78365000	scan	345,360,363,469	15549,15564,15567,15673	0.57408506	124	148	-245	0.12395151	0.0036699164	0.13893509	0.025954159	0.042361066	0.14427996	0.012873438	0.016605699	0.16461897	0.048049193	0.0053809267	0.093290702	0.0036671483	0.12527341	0.099636078
1	order_4_rank_1	GM12878	GM12878	chr14	12	15204	470	15674	78370000	scan	345,360,363,470	15549,15564,15567,15674	0.57240939	125	149	-244	0.12324721	0.0070660911	0.19401599	0.038126815	0.051483866	0.14569451	0.0088771209	0.013537835	0.25151172	0.043334808	0.0044716154	0.077982448	0.0059837797	0.13426059	0.15523553
1	order_4_rank_1	GM12878	GM12878	chr14	12	15204	471	15675	78375000	scan	345,360,363,471	15549,15564,15567,15675	0.57062542	126	150	-243	0.11703693	0.002359319	0.10255664	0.023506681	0.030072071	0.15936942	0.0044288035	0.013649189	0.20064932	0.038452346	0.0039927908	0.080555648	0.0025898288	0.15163817	0.079265758
1	order_4_rank_1	GM12878	GM12878	chr14	12	15204	472	15676	78380000	scan	345,360,363,472	15549,15564,15567,15676	0.56886017	127	151	-242	0.11215535	0.0030584238	0.1148265	0.022060996	0.029312599	0.069335312	0.0074321744	0.013077416	0.15548204	0.049804367	0.0032867615	0.085865393	0.0063244728	0.13421436	0.13277481
1	order_4_rank_1	GM12878	GM12878	chr14	12	15204	473	15677	78385000	scan	345,360,363,473	15549,15564,15567,15677	0.56710184	128	152	-241	0.10855313	0.0072418414	0.11337081	0.034333277	0.042437468	0.10996268	0.0034781927	0.017475532	0.14824644	0.076941475	0.0057474556	0.12715045	0.0054345615	0.17961386	0.14509247
1	order_4_rank_1	GM12878	GM12878	chr14	12	15204	474	15678	78390000	scan	345,360,363,474	15549,15564,15567,15678	0.56537503	129	153	-240	0.11249367	0.0034040126	0.14057951	0.025545856	0.038098525	0.14244969	0.010403668	0.014413633	0.081827261	0.053968266	0.0063958107	0.074210599	0.004462081	0.12650122	0.1176887
1	order_4_rank_1	GM12878	GM12878	chr14	12	15204	475	15679	78395000	scan	345,360,363,475	15549,15564,15567,15679	0.56383586	130	154	-239	0.12234216	0.0024824233	0.11578543	0.037543155	0.043495473	0.056280069	0.006093449	0.013651374	0.13240069	0.034253448	0.0056934538	0.10217487	0.0044135065	0.14542365	0.17913574
1	order_4_rank_1	GM12878	GM12878	chr14	12	15204	476	15680	78400000	scan	345,360,363,476	15549,15564,15567,15680	0.56190562	131	155	-238	0.25965789	0.03626487	0.19969565	0.083988115	0.025505653	0.068090156	0.042586856	0.11785541	0.16770592	0.11545785	0.045705799	0.088691406	0.015935298	0.21890344	0.66422325
1	order_4_rank_1	GM12878	GM12878	chr14	12	15204	477	15681	78405000	scan	345,360,363,477	15549,15564,15567,15681	0.560049	132	156	-237	0.32433677	0.035644982	0.11864978	0.10190023	0.059265438	0.13038196	0.051919129	0.20675759	0.1830346	0.098121382	0.17960563	0.10603964	0.013001127	0.12626366	0.38958922
1	order_4_rank_1	GM12878	GM12878	chr14	12	15204	478	15682	78410000	scan	345,360,363,478	15549,15564,15567,15682	0.55864012	133	157	-236	0.2169302	0.010326288	0.11060306	0.10238683	0.065995999	0.21444848	0.016219541	0.11280974	0.24148412	0.059924964	0.081194632	0.1074817	0.0093646264	0.1213215	0.35889187
1	order_4_rank_1	GM12878	GM12878	chr14	12	15204	479	15683	78415000	scan	345,360,363,479	15549,15564,15567,15683	0.5569399	134	158	-235	0.13322102	0.018035769	0.10757518	0.1671364	0.059404649	0.19742338	0.010749174	0.10088335	0.29536954	0.068364114	0.083714932	0.088032134	0.0074261595	0.16762669	0.3119635
1	order_4_rank_1	GM12878	GM12878	chr14	12	15204	480	15684	78420000	scan	345,360,363,480	15549,15564,15567,15684	0.55522257	135	159	-234	0.16277735	0.013682234	0.13706979	0.16375309	0.057482265	0.083844796	0.014284731	0.06636551	0.18497352	0.063125461	0.058389518	0.075303026	0.0097595798	0.15644395	0.28982079
1	order_4_rank_1	GM12878	GM12878	chr14	12	15204	481	15685	78425000	scan	345,360,363,481	15549,15564,15567,15685	0.55360091	136	160	-233	0.13146149	0.016820272	0.1515543	0.14758445	0.065125383	0.05499354	0.01600213	0.076069079	0.15134817	0.085208111	0.053752325	0.098828696	0.0089064771	0.19270338	0.38900602
1	order_4_rank_1	GM12878	GM12878	chr14	12	15204	482	15686	78430000	scan	345,360,363,482	15549,15564,15567,15686	0.55214822	137	161	-232	0.12955844	0.0041947355	0.16268164	0.040076967	0.078654617	0.05993779	0.0093688173	0.019488683	0.17202394	0.04017419	0.033999428	0.11080723	0.0066115884	0.16684851	0.15475395
1	order_4_rank_1	GM12878	GM12878	chr14	12	15204	483	15687	78435000	scan	345,360,363,483	15549,15564,15567,15687	0.55046833	138	162	-231	0.09059532	0.0039926893	0.22447152	0.039837256	0.062749483	0.065952376	0.010715568	0.010014128	0.25385636	0.048829839	0.013620083	0.1000756	0.010946979	0.16000812	0.17994094
1	order_4_rank_1	GM12878	GM12878	chr14	12	15204	484	15688	78440000	scan	345,360,363,484	15549,15564,15567,15688	0.54866463	139	163	-230	0.11310359	0.0065769525	0.1943956	0.098991007	0.062260307	0.15114288	0.019439064	0.023295064	0.28250575	0.05492831	0.02646083	0.15033424	0.011333986	0.19118352	0.24885751
1	order_4_rank_1	GM12878	GM12878	chr14	12	15204	485	15689	78445000	scan	345,360,363,485	15549,15564,15567,15689	0.54689723	140	164	-229	0.11718639	0.013577909	0.10644194	0.14822336	0.040179186	0.074152693	0.017506003	0.085702948	0.3524687	0.13493164	0.036522049	0.26445976	0.0076727322	0.26694432	0.72269332
1	order_4_rank_1	GM12878	GM12878	chr14	12	15204	486	15690	78450000	scan	345,360,363,486	15549,15564,15567,15690	0.54535699	141	165	-228	0.14645548	0.0080209617	0.10694446	0.099700473	0.027429996	0.052357323	0.0094080679	0.03165118	0.21914427	0.057715029	0.016534066	0.11223862	0.007091966	0.11231069	0.29424754
1	order_4_rank_1	GM12878	GM12878	chr14	12	15204	487	15691	78455000	scan	345,360,363,487	15549,15564,15567,15691	0.54393393	142	166	-227	0.13903201	0.010561507	0.15175778	0.11265004	0.052373189	0.06963677	0.011839794	0.079721287	0.24384759	0.071638979	0.034481525	0.078944802	0.0085804462	0.13158314	0.47939309
1	order_4_rank_1	GM12878	GM12878	chr14	12	15204	488	15692	78460000	scan	345,360,363,488	15549,15564,15567,15692	0.54256982	143	167	-226	0.10931518	0.00060575962	0.10382858	0.067358963	0.053101432	0.058018856	0.014136225	0.018208673	0.17751926	0.061004959	0.033344511	0.10305058	0.0060236333	0.15182966	0.23013
1	order_4_rank_1	GM12878	GM12878	chr14	12	15204	489	15693	78465000	scan	345,360,363,489	15549,15564,15567,15693	0.54103446	144	168	-225	0.096328065	0.00012142701	0.11730921	0.051671211	0.056755941	0.12056122	0.01194832	0.023564853	0.231405	0.056965105	0.035201237	0.095143221	0.0068479497	0.12307601	0.14733636
1	order_4_rank_1	GM12878	GM12878	chr14	12	15204	490	15694	78470000	scan	345,360,363,490	15549,15564,15567,15694	0.53944659	145	169	-224	0.1299094	0.0041970182	0.11714332	0.049206298	0.046901673	0.21546875	0.0080813132	0.028825786	0.21469145	0.059866026	0.018075902	0.10944238	0.01019352	0.13171367	0.14952096
1	order_4_rank_1	GM12878	GM12878	chr14	12	15204	491	15695	78475000	scan	345,360,363,491	15549,15564,15567,15695	0.53805327	146	170	-223	0.11316728	0.0056018778	0.096167743	0.057807162	0.034823786	0.0742817	0.008899577	0.026596639	0.1275388	0.04612248	0.02084465	0.095521241	0.0097513199	0.15059529	0.23525931
1	order_4_rank_1	GM12878	GM12878	chr14	12	15204	492	15696	78480000	scan	345,360,363,492	15549,15564,15567,15696	0.53644627	147	171	-222	0.13351369	0.020251773	0.12221078	0.11111385	0.041816305	0.08174403	0.012674177	0.04618597	0.15895994	0.096937209	0.030463317	0.085440353	0.011623248	0.15270971	0.34677985
1	order_4_rank_1	GM12878	GM12878	chr14	12	15204	493	15697	78485000	scan	345,360,363,493	15549,15564,15567,15697	0.53492212	148	172	-221	0.11753179	0.018447757	0.15957734	0.12070824	0.049493689	0.073584415	0.01615463	0.043520316	0.22716866	0.10773002	0.044053227	0.15208131	0.0094121573	0.17581512	0.35031864
1	order_4_rank_1	GM12878	GM12878	chr14	12	15204	494	15698	78490000	scan	345,360,363,494	15549,15564,15567,15698	0.53354096	149	173	-220	0.11891637	0.0071508847	0.18952852	0.05407672	0.074187599	0.063652106	0.016390052	0.017669259	0.20836496	0.056286119	0.025874548	0.093622439	0.0090194	0.14259364	0.17410618
1	order_4_rank_1	GM12878	GM12878	chr14	12	15204	495	15699	78495000	scan	345,360,363,495	15549,15564,15567,15699	0.53190976	150	174	-219	0.12952486	0.0048240758	0.14503689	0.030790688	0.053447366	0.16531081	0.0055312561	0.013111594	0.15766162	0.058070991	0.016185513	0.11042507	0.0056538004	0.13797185	0.14293499
1	order_4_rank_1	GM12878	GM12878	chr14	12	15204	496	15700	78500000	scan	345,360,363,496	15549,15564,15567,15700	0.53042507	151	175	-218	0.11297972	0.0071760807	0.17484438	0.029476181	0.062166858	0.10219584	0.0075059598	0.014926352	0.15055437	0.055123698	0.016361661	0.092753083	0.0073337713	0.16670485	0.14988057
1	order_4_rank_1	GM12878	GM12878	chr14	12	15204	497	15701	78505000	scan	345,360,363,497	15549,15564,15567,15701	0.52869475	152	176	-217	0.1284443	0.0085017318	0.11410001	0.075203009	0.039585982	0.058642659	0.012725657	0.024820477	0.23883264	0.040417667	0.026392672	0.066878997	0.0064689163	0.10782612	0.20111938
1	order_4_rank_1	GM12878	GM12878	chr14	12	15204	498	15702	78510000	scan	345,360,363,498	15549,15564,15567,15702	0.52715826	153	177	-216	0.11778165	0.0028877864	0.17038876	0.057040319	0.069061346	0.076417901	0.014273305	0.020115709	0.1912366	0.044952001	0.031697005	0.090812758	0.007477432	0.13961262	0.12965612
1	order_4_rank_1	GM12878	GM12878	chr14	12	15204	499	15703	78515000	scan	345,360,363,499	15549,15564,15567,15703	0.525554	154	178	-215	0.10532309	0.0051447349	0.15781403	0.052818153	0.067906424	0.071636632	0.01215914	0.017121976	0.23146544	0.04666559	0.023436647	0.080584921	0.0068110139	0.15680675	0.11881495
1	order_4_rank_1	GM12878	GM12878	chr14	12	15204	500	15704	78520000	scan	345,360,363,500	15549,15564,15567,15704	0.52384824	155	179	-214	0.098561905	0.0067975838	0.094990149	0.034203686	0.021450091	0.076332673	0.0092361402	0.019917557	0.19403437	0.039073672	0.017184487	0.090719081	0.0059956643	0.11723873	0.16198274
1	order_4_rank_1	GM12878	GM12878	chr14	12	15204	501	15705	78525000	scan	345,360,363,501	15549,15564,15567,15705	0.52223825	156	180	-213	0.13279295	0.0033355113	0.082561374	0.033365838	0.032565467	0.093687959	0.012166402	0.017693318	0.21378012	0.036565587	0.018619737	0.0648036	0.0066572679	0.14992154	0.10940114
1	order_4_rank_1	GM12878	GM12878	chr14	12	15204	502	15706	78530000	scan	345,360,363,502	15549,15564,15567,15706	0.52065045	157	181	-212	0.10354693	0.0080889128	0.087480508	0.056572706	0.045197602	0.10399721	0.0088717034	0.01859561	0.27055928	0.049424261	0.020559812	0.065514326	0.0061987205	0.16204202	0.17998077
1	order_4_rank_1	GM12878	GM12878	chr14	12	15204	503	15707	78535000	scan	345,360,363,503	15549,15564,15567,15707	0.51903147	158	182	-211	0.091343768	0.0024061033	0.02957464	0.02242478	0.034490086	0.13613896	0.002057472	0.011824743	0.093393885	0.02405037	0.014539504	0.032701552	0.0064752689	0.070850432	0.034491722
1	order_4_rank_1	GM12878	GM12878	chr14	12	15204	504	15708	78540000	scan	345,360,363,504	15549,15564,15567,15708	0.5173859	159	183	-210	0.10959385	0.0029599492	0.070883304	0.034358356	0.03963406	0.1420707	0.0090746507	0.010886656	0.15033254	0.02318378	0.01717867	0.062309772	0.0073614931	0.062493622	0.070816703
1	order_4_rank_1	GM12878	GM12878	chr14	12	15204	505	15709	78545000	scan	345,360,363,505	15549,15564,15567,15709	0.5158245	160	184	-209	0.10491861	0.0047822641	0.079965979	0.041970696	0.04034486	0.093835026	0.011158414	0.012353711	0.22067527	0.05350408	0.024632933	0.083885089	0.007034108	0.15781483	0.1491974
1	order_4_rank_1	GM12878	GM12878	chr14	12	15204	506	15710	78550000	scan	345,360,363,506	15549,15564,15567,15710	0.51429832	161	185	-208	0.094112769	0.0039269347	0.11711936	0.049386766	0.059016656	0.085986257	0.013476426	0.01580091	0.14674526	0.078287743	0.020394972	0.086162716	0.0088054882	0.12870471	0.18288071
1	order_4_rank_1	GM12878	GM12878	chr14	12	15204	507	15711	78555000	scan	345,360,363,507	15549,15564,15567,15711	0.51268578	162	186	-207	0.10531212	0.004633144	0.10970573	0.037799887	0.042059921	0.071372099	0.01701124	0.020251261	0.28002024	0.085103564	0.011864638	0.1128558	0.0084408354	0.18369406	0.14474539
1	order_4_rank_1	GM12878	GM12878	chr14	12	15204	508	15712	78560000	scan	345,360,363,508	15549,15564,15567,15712	0.51102257	163	187	-206	0.10999093	0.0041394001	0.15412124	0.041510932	0.053698532	0.054030024	0.010467821	0.013491457	0.2171846	0.048992418	0.017783653	0.10878238	0.0087495847	0.13004225	0.18194661
1	order_4_rank_1	GM12878	GM12878	chr14	12	15204	509	15713	78565000	scan	345,360,363,509	15549,15564,15567,15713	0.50926673	164	188	-205	0.13569953	0.0095375804	0.13722834	0.0918037	0.04096394	0.090903014	0.011699626	0.063309379	0.20799547	0.13936712	0.0266023	0.30138946	0.0076245144	0.35926586	0.83789068
1	order_4_rank_1	GM12878	GM12878	chr14	12	15204	510	15714	78570000	scan	345,360,363,510	15549,15564,15567,15714	0.5071674	165	189	-204	0.135809	0.0075937086	0.088662364	0.03473065	0.053710815	0.43596646	0.0070948047	0.0098536275	0.14083014	0.028776938	0.020617094	0.086599916	0.0065827155	0.1176348	0.1486828
1	order_4_rank_1	GM12878	GM12878	chr14	12	15204	511	15715	78575000	scan	345,360,363,511	15549,15564,15567,15715	0.50550759	166	190	-203	0.12600526	0.0057930257	0.12900867	0.041506987	0.032095667	0.15068744	0.009517869	0.020282133	0.1370981	0.048431762	0.017076498	0.12177344	0.008130407	0.14650595	0.16685975
1	order_4_rank_1	GM12878	GM12878	chr14	12	15204	512	15716	78580000	scan	345,360,363,512	15549,15564,15567,15716	0.50387597	167	191	-202	0.086090103	0.0046105804	0.1232549	0.031423908	0.043299682	0.054429207	0.0063085961	0.016660951	0.16534859	0.047265377	0.01350165	0.078459539	0.0052532977	0.20140781	0.19096234
1	order_4_rank_1	GM12878	GM12878	chr14	12	15204	513	15717	78585000	scan	345,360,363,513	15549,15564,15567,15717	0.50203705	168	192	-201	0.085795693	0.0024331992	0.24312505	0.030732049	0.074908212	0.04550853	0.011343788	0.010025788	0.24798413	0.039335031	0.014197595	0.10617148	0.010004762	0.16325504	0.1758294
1	order_4_rank_1	GM12878	GM12878	chr14	12	15204	514	15718	78590000	scan	345,360,363,514	15549,15564,15567,15718	0.5001899	169	193	-200	0.097891606	0.0055346056	0.1562985	0.030887032	0.053094305	0.053606	0.01283447	0.023207894	0.20715608	0.038493425	0.010409633	0.071054079	0.0088249072	0.15138462	0.2260011
1	order_4_rank_1	GM12878	GM12878	chr14	12	15204	515	15719	78595000	scan	345,360,363,515	15549,15564,15567,15719	0.49849606	170	194	-199	0.10772391	0.0063964943	0.12673821	0.048398178	0.054623771	0.051811714	0.010373339	0.016876251	0.20828086	0.067733832	0.016999016	0.33489677	0.0070503913	0.53369379	0.80441421
1	order_4_rank_1	GM12878	GM12878	chr14	12	15204	516	15720	78600000	scan	345,360,363,516	15549,15564,15567,15720	0.49656031	171	195	-198	0.12270968	0.005709555	0.16563095	0.033329301	0.046720151	0.1087575	0.013222234	0.0062904251	0.13391742	0.04999543	0.016295433	0.086573906	0.0088410424	0.12725571	0.17813437
1	order_4_rank_1	GM12878	GM12878	chr14	12	15204	517	15721	78605000	scan	345,360,363,517	15549,15564,15567,15721	0.49469638	172	196	-197	0.1203486	0.010293966	0.16707648	0.1117916	0.049256738	0.14184707	0.0151321	0.051264059	0.17778631	0.11870995	0.032698341	0.074103579	0.0059454995	0.14803435	0.33967432
1	order_4_rank_1	GM12878	GM12878	chr14	12	15204	518	15722	78610000	scan	345,360,363,518	15549,15564,15567,15722	0.49322331	173	197	-196	0.11782008	0.0056296154	0.11359331	0.061166134	0.04977585	0.085851625	0.013099543	0.013361683	0.25138032	0.064402066	0.022028396	0.087602444	0.0088012768	0.17801256	0.1885027
1	order_4_rank_1	GM12878	GM12878	chr14	12	15204	519	15723	78615000	scan	345,360,363,519	15549,15564,15567,15723	0.49171987	174	198	-195	0.1069257	0.0021721874	0.1642388	0.033924691	0.073524453	0.061748467	0.011896049	0.018405626	0.23176198	0.065356992	0.014384978	0.087172844	0.0081584165	0.17634724	0.18491127
1	order_4_rank_1	GM12878	GM12878	chr14	12	15204	520	15724	78620000	scan	345,360,363,520	15549,15564,15567,15724	0.48995295	175	199	-194	0.081080243	0.004332419	0.15142012	0.040681466	0.060361687	0.092521742	0.01028614	0.01286287	0.21579963	0.07209266	0.013424093	0.099068254	0.0065021459	0.1375238	0.15477832
1	order_4_rank_1	GM12878	GM12878	chr14	12	15204	521	15725	78625000	scan	345,360,363,521	15549,15564,15567,15725	0.48828661	176	200	-193	0.10878751	0.0045288913	0.15236206	0.074000403	0.062479109	0.09081696	0.0092110205	0.01828791	0.28451449	0.074851379	0.018873136	0.070238218	0.0085620182	0.13194194	0.21563335
1	order_4_rank_1	GM12878	GM12878	chr14	12	15204	522	15726	78630000	scan	345,360,363,522	15549,15564,15567,15726	0.48695397	177	201	-192	0.097914547	0.0057836259	0.15630367	0.060158461	0.050386954	0.088651896	0.012433194	0.018843045	0.17955856	0.04879361	0.015957609	0.090625592	0.007584108	0.11993011	0.18597601
1	order_4_rank_1	GM12878	GM12878	chr14	12	15204	523	15727	78635000	scan	345,360,363,523	15549,15564,15567,15727	0.48567614	178	202	-191	0.096710943	0.0053011323	0.18081786	0.03407136	0.052172214	0.10041568	0.0090359254	0.026977086	0.17774065	0.085386008	0.016560469	0.12438799	0.0086755501	0.13736719	0.1687036
1	order_4_rank_1	GM12878	GM12878	chr14	12	15204	524	15728	78640000	scan	345,360,363,524	15549,15564,15567,15728	0.48445922	179	203	-190	0.10809512	0.0028536902	0.10250667	0.026349314	0.043482777	0.062521882	0.0074876971	0.016901935	0.10378587	0.043452036	0.01346303	0.13781343	0.0083496999	0.14379528	0.16733767
1	order_4_rank_1	GM12878	GM12878	chr14	12	15204	525	15729	78645000	scan	345,360,363,525	15549,15564,15567,15729	0.48314133	180	204	-189	0.11224302	0.0037200761	0.15936579	0.028364982	0.069747567	0.092514187	0.0083851023	0.024513502	0.19486023	0.051908944	0.0065312996	0.083924815	0.0059969979	0.21369621	0.17057796
1	order_4_rank_1	GM12878	GM12878	chr14	12	15204	526	15730	78650000	scan	345,360,363,526	15549,15564,15567,15730	0.48167881	181	205	-188	0.10368379	0.006975878	0.1422528	0.029756257	0.03840185	0.098122895	0.0097701885	0.015308211	0.2163471	0.061406158	0.013038888	0.10232879	0.0079916036	0.15816949	0.13759184
1	order_4_rank_1	GM12878	GM12878	chr14	12	15204	527	15731	78655000	scan	345,360,363,527	15549,15564,15567,15731	0.48042497	182	206	-187	0.099588782	0.0036089884	0.14538722	0.024943981	0.0505271	0.089210011	0.010476309	0.015782986	0.13952261	0.06114886	0.0059569436	0.10035511	0.0082023134	0.15535957	0.12513487
1	order_4_rank_1	GM12878	GM12878	chr14	12	15204	528	15732	78660000	scan	345,360,363,528	15549,15564,15567,15732	0.47907555	183	207	-186	0.11886677	0.0075122961	0.12560263	0.038614485	0.052843045	0.1178951	0.0092911348	0.032436751	0.18635988	0.061119948	0.010237541	0.11771345	0.0093702013	0.17333716	0.12803325
1	order_4_rank_1	GM12878	GM12878	chr14	12	15204	529	15733	78665000	scan	345,360,363,529	15549,15564,15567,15733	0.47768798	184	208	-185	0.097934276	0.010640223	0.13450241	0.052364219	0.052476935	0.11123529	0.011886379	0.020205062	0.17280157	0.069029756	0.013137698	0.11342309	0.0050971834	0.12795152	0.1806308
1	order_4_rank_1	GM12878	GM12878	chr14	12	15204	530	15734	78670000	scan	345,360,363,530	15549,15564,15567,15734	0.47627842	185	209	-184	0.090415172	0.0043315818	0.11050962	0.051583115	0.028114306	0.088460103	0.0061947186	0.018859435	0.18230872	0.034336895	0.0087345755	0.11526876	0.0065446235	0.12547697	0.16159146
1	order_4_rank_1	GM12878	GM12878	chr14	12	15204	531	15735	78675000	scan	345,360,363,531	15549,15564,15567,15735	0.47502086	186	210	-183	0.13021111	0.0058145816	0.099307135	0.035989292	0.029268812	0.059763994	0.0092436289	0.017641682	0.17097363	0.049169	0.0088569997	0.069850735	0.0084384996	0.11900352	0.10306379
1	order_4_rank_1	GM12878	GM12878	chr14	12	15204	532	15736	78680000	scan	345,360,363,532	15549,15564,15567,15736	0.47378322	187	211	-182	0.10141667	0.0033422497	0.1046463	0.027076537	0.055690218	0.063842542	0.0059540146	0.005425327	0.12754159	0.052487366	0.0063245278	0.093522258	0.010235127	0.13517122	0.15721327
1	order_4_rank_1	GM12878	GM12878	chr14	12	15204	533	15737	78685000	scan	345,360,363,533	15549,15564,15567,15737	0.47233564	188	212	-181	0.12987946	0.0029716576	0.14728995	0.036205113	0.04018192	0.065700963	0.0079475213	0.0085107004	0.13064812	0.041586429	0.0076989084	0.087461889	0.01210243	0.12209268	0.16151965
1	order_4_rank_1	GM12878	GM12878	chr14	12	15204	534	15738	78690000	scan	345,360,363,534	15549,15564,15567,15738	0.47089922	189	213	-180	0.099998362	0.008518192	0.12864447	0.033860799	0.046394888	0.072535746	0.011231631	0.020403661	0.14593324	0.058266357	0.011198161	0.10066803	0.0083384272	0.12509599	0.19693455
1	order_4_rank_1	GM12878	GM12878	chr14	12	15204	535	15739	78695000	scan	345,360,363,535	15549,15564,15567,15739	0.46953672	190	214	-179	0.13095553	0.0071195085	0.16019654	0.036597338	0.057516839	0.060624145	0.01116985	0.015420119	0.24085374	0.06433367	0.012603371	0.56197923	0.010457496	0.19662853	0.32279414
1	order_4_rank_1	GM12878	GM12878	chr14	12	15204	536	15740	78700000	scan	345,360,363,536	15549,15564,15567,15740	0.46788681	191	215	-178	0.095512025	0.0072035505	0.16528361	0.032668628	0.040759329	0.062042765	0.0074354582	0.0076703602	0.17651051	0.053145558	0.017714053	0.13306674	0.0068661724	0.17940445	0.2555123
1	order_4_rank_1	GM12878	GM12878	chr14	12	15204	537	15741	78705000	scan	345,360,363,537	15549,15564,15567,15741	0.46643773	192	216	-177	0.11913705	0.0047187032	0.14152849	0.036486037	0.053377993	0.062224261	0.011019713	0.013362748	0.18349905	0.042026434	0.013271184	0.085966162	0.006776907	0.10682867	0.19719855
1	order_4_rank_1	GM12878	GM12878	chr14	12	15204	538	15742	78710000	scan	345,360,363,538	15549,15564,15567,15742	0.46501076	193	217	-176	0.11239075	0.0089504821	0.13436221	0.049772326	0.072402932	0.13778897	0.01168058	0.024359329	0.16875987	0.075927988	0.017370695	0.058598377	0.006679059	0.13310821	0.1704942
1	order_4_rank_1	GM12878	GM12878	chr14	12	15204	539	15743	78715000	scan	345,360,363,539	15549,15564,15567,15743	0.463732	194	218	-175	0.10913789	0.0050911512	0.12646776	0.045094654	0.071032546	0.07449837	0.0066770306	0.019420205	0.17428805	0.054862119	0.011149848	0.12704904	0.0071248244	0.11441998	0.15496951
1	order_4_rank_1	GM12878	GM12878	chr14	12	15204	540	15744	78720000	scan	345,360,363,540	15549,15564,15567,15744	0.4622331	195	219	-174	0.11356942	0.0064389091	0.12670192	0.067295253	0.05680069	0.065952264	0.014656487	0.046431568	0.20339039	0.12290485	0.020368483	0.079882719	0.010120306	0.12900861	0.26981521
1	order_4_rank_1	GM12878	GM12878	chr14	12	15204	541	15745	78725000	scan	345,360,363,541	15549,15564,15567,15745	0.46093643	196	220	-173	0.10761455	0.0031067666	0.10149954	0.060007524	0.045233365	0.048717663	0.011325886	0.014338844	0.23189734	0.04530111	0.010300252	0.083734177	0.0069987196	0.13806953	0.19346698
1	order_4_rank_1	GM12878	GM12878	chr14	12	15204	542	15746	78730000	scan	345,360,363,542	15549,15564,15567,15746	0.45969227	197	221	-172	0.10788824	0.002774558	0.10909427	0.032462589	0.03491988	0.080082037	0.0064895581	0.015629036	0.19114837	0.064774714	0.018152175	0.10296583	0.0087569924	0.1341465	0.16527945
1	order_4_rank_1	GM12878	GM12878	chr14	12	15204	543	15747	78735000	scan	345,360,363,543	15549,15564,15567,15747	0.45839649	198	222	-171	0.10452892	0.0019512614	0.12157904	0.055262413	0.044553518	0.075878955	0.0078077568	0.01719212	0.24780247	0.055199523	0.010123733	0.068633735	0.010710764	0.16833819	0.29447877
1	order_4_rank_1	GM12878	GM12878	chr14	12	15204	544	15748	78740000	scan	345,360,363,544	15549,15564,15567,15748	0.45708382	199	223	-170	0.12814745	0.0096857762	0.10831612	0.044077128	0.049936574	0.082068041	0.013068965	0.017660964	0.2018905	0.067979798	0.012664076	0.092884161	0.010093851	0.14524451	0.17609373
1	order_4_rank_1	GM12878	GM12878	chr14	12	15204	545	15749	78745000	scan	345,360,363,545	15549,15564,15567,15749	0.45581675	200	224	-169	0.12752566	0.01127327	0.12740101	0.13441697	0.056667451	0.088798031	0.014295372	0.093260966	0.16347417	0.13211952	0.028939789	0.12000196	0.0063773114	0.16837208	0.38152531
1	order_4_rank_1	GM12878	GM12878	chr14	12	15204	546	15750	78750000	scan	345,360,363,546	15549,15564,15567,15750	0.45476526	201	225	-168	0.14456566	0.0080407476	0.13696462	0.13652405	0.035295017	0.079019517	0.012992481	0.042687427	0.19460504	0.065740779	0.01860442	0.0995645	0.0093413526	0.1733802	0.61201829
1	order_4_rank_1	GM12878	GM12878	chr14	12	15204	547	15751	78755000	scan	345,360,363,547	15549,15564,15567,15751	0.45369047	202	226	-167	0.10336966	0.012473103	0.14014557	0.089238308	0.025681522	0.082273945	0.012349182	0.025867816	0.14491954	0.1045901	0.024293939	0.24178928	0.0052718818	0.23283578	0.51484179
1	order_4_rank_1	GM12878	GM12878	chr14	12	15204	548	15752	78760000	scan	345,360,363,548	15549,15564,15567,15752	0.45256129	203	227	-166	0.10820799	0.012717975	0.12700285	0.11183129	0.045001008	0.079638906	0.015233156	0.047606479	0.17644832	0.088095322	0.019179212	0.13172902	0.0056554074	0.20951803	0.41402498
1	order_4_rank_1	GM12878	GM12878	chr14	12	15204	549	15753	78765000	scan	345,360,363,549	15549,15564,15567,15753	0.45164725	204	228	-165	0.099946	0.0059664957	0.12221123	0.056308351	0.034742773	0.062110145	0.011887168	0.028765501	0.15822953	0.059923954	0.013884912	0.14674149	0.0091617014	0.16518347	0.21915531
1	order_4_rank_1	GM12878	GM12878	chr14	12	15204	550	15754	78770000	scan	345,360,363,550	15549,15564,15567,15754	0.45065725	205	229	-164	0.12308625	0.0035409709	0.13864887	0.039833933	0.042624552	0.10401843	0.0091663981	0.019463267	0.18408428	0.054002009	0.010893329	0.078269482	0.0074589048	0.10306697	0.20285968
1	order_4_rank_1	GM12878	GM12878	chr14	12	15204	551	15755	78775000	scan	345,360,363,551	15549,15564,15567,15755	0.44956756	206	230	-163	0.14217249	0.0029520991	0.085742764	0.049687415	0.03056391	0.11703222	0.0098659573	0.017073749	0.20313556	0.095519073	0.013261475	0.082149982	0.0088405535	0.16284561	0.16405299
1	order_4_rank_1	GM12878	GM12878	chr14	12	15204	552	15756	78780000	scan	345,360,363,552	15549,15564,15567,15756	0.44832614	207	231	-162	0.09372405	0.0033746602	0.11961506	0.045982543	0.041052379	0.13442686	0.0090040173	0.019203106	0.14541247	0.064645462	0.013713297	0.068700857	0.0056598415	0.17161386	0.16214165
1	order_4_rank_1	GM12878	GM12878	chr14	12	15204	553	15757	78785000	scan	345,360,363,553	15549,15564,15567,15757	0.44703975	208	232	-161	0.11230765	0.0050560813	0.091205411	0.065046042	0.043954995	0.11468804	0.0076519148	0.039325345	0.1550936	0.061018664	0.017688951	0.11907973	0.0065542152	0.135914	0.38714138
1	order_4_rank_1	GM12878	GM12878	chr14	12	15204	554	15758	78790000	scan	345,360,363,554	15549,15564,15567,15758	0.44555488	209	233	-160	0.09731438	0.0028679597	0.15325427	0.046906449	0.053575754	0.092230007	0.0087002935	0.026058827	0.10428667	0.078948252	0.014451252	0.13337542	0.0070652366	0.13669153	0.29269037
1	order_4_rank_1	GM12878	GM12878	chr14	12	15204	555	15759	78795000	scan	345,360,363,555	15549,15564,15567,15759	0.44389915	210	234	-159	0.11368977	0.0047087693	0.11686014	0.042656366	0.057871148	0.15196164	0.0072978782	0.014789847	0.15162358	0.056056544	0.012803425	0.056259576	0.0067322548	0.10125285	0.16765091
1	order_4_rank_1	GM12878	GM12878	chr14	12	15204	556	15760	78800000	scan	345,360,363,556	15549,15564,15567,15760	0.442146	211	235	-158	0.11141516	0.0019223252	0.12633859	0.035763461	0.043008398	0.11796156	0.0073524094	0.014609554	0.20109469	0.052433386	0.01254674	0.071328431	0.0090270154	0.17802724	0.1890384
1	order_4_rank_1	GM12878	GM12878	chr14	12	15204	557	15761	78805000	scan	345,360,363,557	15549,15564,15567,15761	0.44055265	212	236	-157	0.12692937	0.0056681125	0.081156537	0.036493573	0.049444713	0.10897306	0.011094454	0.019490786	0.10799628	0.075987443	0.0074569858	0.093575411	0.0066609411	0.12562004	0.21315706
1	order_4_rank_1	GM12878	GM12878	chr14	12	15204	558	15762	78810000	scan	345,360,363,558	15549,15564,15567,15762	0.43883839	213	237	-156	0.11069877	0.0034114392	0.14120655	0.039502252	0.055135459	0.09711913	0.0086875986	0.023532527	0.097202428	0.061411895	0.011051307	0.11240896	0.0063920408	0.15070447	0.14431192
1	order_4_rank_1	GM12878	GM12878	chr14	12	15204	559	15763	78815000	scan	345,360,363,559	15549,15564,15567,15763	0.43701747	214	238	-155	0.10206197	0.0044881543	0.083740801	0.047175158	0.034980018	0.07294748	0.010315008	0.011970498	0.14467709	0.060024813	0.011378861	0.079163976	0.0061527723	0.12885286	0.20376387
1	order_4_rank_1	GM12878	GM12878	chr14	12	15204	560	15764	78820000	scan	345,360,363,560	15549,15564,15567,15764	0.4353717	215	239	-154	0.12121221	0.0030021609	0.11070462	0.032098923	0.043351244	0.064390957	0.0098929657	0.019988729	0.21758072	0.050947499	0.0094077773	0.10859328	0.0057581845	0.11439254	0.24206272
1	order_4_rank_1	GM12878	GM12878	chr14	12	15204	561	15765	78825000	scan	345,360,363,561	15549,15564,15567,15765	0.4336434	216	240	-153	0.11418847	0.0086840242	0.14220911	0.032271318	0.04019751	0.07486628	0.010933539	0.011249869	0.099030815	0.06633231	0.012965245	0.10893687	0.007772591	0.15410654	0.24429102
1	order_4_rank_1	GM12878	GM12878	chr14	12	15204	562	15766	78830000	scan	345,360,363,562	15549,15564,15567,15766	0.43186846	217	241	-152	0.12651125	0.0076777446	0.10420221	0.036668487	0.032112394	0.068413958	0.0096416762	0.016736863	0.23537335	0.053500462	0.0095168436	0.095436364	0.0068127364	0.14292441	0.17826402
1	order_4_rank_1	GM12878	GM12878	chr14	12	15204	563	15767	78835000	scan	345,360,363,563	15549,15564,15567,15767	0.43056053	218	242	-151	0.12487154	0.0048893755	0.15693913	0.059672922	0.05244153	0.071124054	0.013125474	0.026288208	0.17372426	0.083745673	0.010252062	0.34196001	0.008601577	0.3873153	0.56574321
1	order_4_rank_1	GM12878	GM12878	chr14	12	15204	564	15768	78840000	scan	345,360,363,564	15549,15564,15567,15768	0.42877796	219	243	-150	0.10846489	0.0049365871	0.11660419	0.036200289	0.0503316	0.12815587	0.013294464	0.009889611	0.14196621	0.085675158	0.012757943	0.076891698	0.0067100385	0.1576315	0.20051597
1	order_4_rank_1	GM12878	GM12878	chr14	12	15204	565	15769	78845000	scan	345,360,363,565	15549,15564,15567,15769	0.42751566	220	244	-149	0.11351219	0.0060214861	0.17172393	0.06924174	0.054091312	0.049804468	0.015052014	0.015138028	0.2957592	0.11127488	0.010865537	0.84292126	0.0071131331	0.20689526	0.52376032
1	order_4_rank_1	GM12878	GM12878	chr14	12	15204	566	15770	78850000	scan	345,360,363,566	15549,15564,15567,15770	0.42570564	221	245	-148	0.11159652	0.0017570553	0.14124495	0.04166251	0.041750673	0.063517712	0.0080118114	0.018686159	0.16497351	0.069366872	0.0060823364	0.11442726	0.010175269	0.10419882	0.19642878
1	order_4_rank_1	GM12878	GM12878	chr14	12	15204	567	15771	78855000	scan	345,360,363,567	15549,15564,15567,15771	0.42428568	222	246	-147	0.11034008	0.0038904673	0.20351024	0.028607894	0.059905205	0.071095824	0.0088998349	0.0098455083	0.15631321	0.041614149	0.0056041828	0.11219395	0.0082355803	0.16548266	0.12711103
1	order_4_rank_1	GM12878	GM12878	chr14	12	15204	568	15772	78860000	scan	345,360,363,568	15549,15564,15567,15772	0.42268419	223	247	-146	0.11371084	0.0046783816	0.063738644	0.033872385	0.031149432	0.080336377	0.0074659875	0.0069882455	0.14400738	0.031826418	0.010206528	0.099714078	0.0079162465	0.16050482	0.12743737
1	order_4_rank_1	GM12878	GM12878	chr14	12	15204	569	15773	78865000	scan	345,360,363,569	15549,15564,15567,15773	0.42127234	224	248	-145	0.097223133	0.0041811182	0.085368723	0.029081739	0.040410452	0.072158515	0.0096578347	0.01266202	0.093776733	0.038063429	0.0092311706	0.11438201	0.0051272539	0.15629755	0.097589687
1	order_4_rank_1	GM12878	GM12878	chr14	12	15204	570	15774	78870000	scan	345,360,363,570	15549,15564,15567,15774	0.41990316	225	249	-144	0.1025351	0.0034810049	0.10626853	0.042266592	0.024655003	0.083785616	0.010448079	0.01668896	0.090837434	0.053243387	0.0093962131	0.089563496	0.0080642728	0.17297882	0.11478595
1	order_4_rank_1	GM12878	GM12878	chr14	12	15204	571	15775	78875000	scan	345,360,363,571	15549,15564,15567,15775	0.41872519	226	250	-143	0.1207332	0.0040414669	0.072702669	0.0294773	0.036071677	0.12121333	0.0065064491	0.009053383	0.10768822	0.0472003	0.0095032537	0.11330543	0.0045005083	0.13351823	0.11414861
1	order_4_rank_1	GM12878	GM12878	chr14	12	15204	572	15776	78880000	scan	345,360,363,572	15549,15564,15567,15776	0.41738787	227	251	-142	0.10150857	0.002995112	0.071930431	0.022069788	0.070748381	0.31909308	0.0052654138	0.014679139	0.11795323	0.028045071	0.0058091669	0.064453624	0.0077167707	0.10642621	0.087330274
1	order_4_rank_1	GM12878	GM12878	chr14	12	15204	573	15777	78885000	scan	345,360,363,573	15549,15564,15567,15777	0.41625786	228	252	-141	0.095842034	0.0080982428	0.13917617	0.031626657	0.059924755	0.083964095	0.010055834	0.011212429	0.11248522	0.067881458	0.009120374	0.074129499	0.0094460314	0.17000902	0.17348328
1	order_4_rank_1	GM12878	GM12878	chr14	12	15204	574	15778	78890000	scan	345,360,363,574	15549,15564,15567,15778	0.41487113	229	253	-140	0.10897698	0.0056012194	0.10431308	0.0616946	0.037916604	0.11740741	0.0079854559	0.02016487	0.13041198	0.07098259	0.0083366288	0.093717545	0.0064336364	0.14498185	0.24304186
1	order_4_rank_1	GM12878	GM12878	chr14	12	15204	575	15779	78895000	scan	345,360,363,575	15549,15564,15567,15779	0.4135209	230	254	-139	0.12731624	0.005767107	0.11794813	0.045161512	0.037766568	0.10920984	0.010981416	0.0088421525	0.15116717	0.073145606	0.009111464	0.078108355	0.0049582855	0.10631701	0.19918349
1	order_4_rank_1	GM12878	GM12878	chr14	12	15204	576	15780	78900000	scan	345,360,363,576	15549,15564,15567,15780	0.41234198	231	255	-138	0.10242549	0.0056364117	0.10826463	0.030269843	0.032258771	0.046349235	0.0068251635	0.0050980076	0.12878403	0.057506099	0.0052124327	0.39153552	0.0055910335	0.13151154	0.27409717
1	order_4_rank_1	GM12878	GM12878	chr14	12	15204	577	15781	78905000	scan	345,360,363,577	15549,15564,15567,15781	0.41066638	232	256	-137	0.13175133	0.0066337911	0.1080424	0.024876155	0.023034804	0.15400565	0.0092870891	0.024964282	0.1179657	0.043871544	0.0096730739	0.091862701	0.0066079865	0.13986522	0.1204642
1	order_4_rank_1	GM12878	GM12878	chr14	12	15204	578	15782	78910000	scan	345,360,363,578	15549,15564,15567,15782	0.40932766	233	257	-136	0.10540099	0.0057242904	0.10947522	0.029755192	0.035955712	0.11376579	0.011198331	0.011477678	0.16097964	0.057057057	0.0099802446	0.083641522	0.0099752843	0.14185476	0.11923143
1	order_4_rank_1	GM12878	GM12878	chr14	12	15204	579	15783	78915000	scan	345,360,363,579	15549,15564,15567,15783	0.40790567	234	258	-135	0.099406287	0.0055655255	0.098660812	0.044140749	0.036618184	0.087962493	0.0093226116	0.021843491	0.13676669	0.066040233	0.0067666089	0.080606401	0.0062619983	0.094946198	0.2233071
1	order_4_rank_1	GM12878	GM12878	chr14	12	15204	580	15784	78920000	scan	345,360,363,580	15549,15564,15567,15784	0.40658659	235	259	-134	0.095833108	0.0035553502	0.15338363	0.041652147	0.047900982	0.0563346	0.010803653	0.012945254	0.14602928	0.054661773	0.0046493933	0.10546158	0.0084465975	0.15432952	0.24278162
1	order_4_rank_1	GM12878	GM12878	chr14	12	15204	581	15785	78925000	scan	345,360,363,581	15549,15564,15567,15785	0.40506455	236	260	-133	0.086473733	0.0061808089	0.085243411	0.030337734	0.027402379	0.11789955	0.008888145	0.011115707	0.14628546	0.04591319	0.011294446	0.081177041	0.0046060588	0.10151848	0.19407485
1	order_4_rank_1	GM12878	GM12878	chr14	12	15204	582	15786	78930000	scan	345,360,363,582	15549,15564,15567,15786	0.40376201	237	261	-132	0.10488538	0.0065361662	0.085445948	0.05297232	0.043926988	0.065478429	0.0093288785	0.018060461	0.15965649	0.044480007	0.008919809	0.12962942	0.0061392724	0.27996826	0.35012203
1	order_4_rank_1	GM12878	GM12878	chr14	12	15204	583	15787	78935000	scan	345,360,363,583	15549,15564,15567,15787	0.4022024	238	262	-131	0.10878861	0.0079511097	0.17198972	0.052899044	0.045735776	0.080888018	0.010566061	0.017030848	0.14741929	0.050513539	0.0086066611	0.087416396	0.007838333	0.18696073	0.22041003
1	order_4_rank_1	GM12878	GM12878	chr14	12	15204	584	15788	78940000	scan	345,360,363,584	15549,15564,15567,15788	0.4007909	239	263	-130	0.11905057	0.0068911528	0.22612849	0.065979242	0.060527515	0.098783456	0.010500732	0.032109719	0.12053235	0.072278515	0.0076145823	0.098822646	0.009136837	0.15658019	0.24736574
1	order_4_rank_1	GM12878	GM12878	chr14	12	15204	585	15789	78945000	scan	345,360,363,585	15549,15564,15567,15789	0.39942223	240	264	-129	0.11641145	0.0025447689	0.20379353	0.049567711	0.067041598	0.053620871	0.0072697722	0.022007449	0.15065691	0.037882566	0.0052338005	0.08380647	0.010561279	0.14184044	0.235093
1	order_4_rank_1	GM12878	GM12878	chr14	12	15204	586	15790	78950000	scan	345,360,363,586	15549,15564,15567,15790	0.39800757	241	265	-128	0.12482659	0.003339947	0.16992092	0.02723976	0.042070586	0.05261543	0.016449314	0.014919514	0.1297985	0.045444105	0.0051736436	0.10674366	0.0057034087	0.084816679	0.18972804
1	order_4_rank_1	GM12878	GM12878	chr14	12	15204	587	15791	78955000	scan	345,360,363,587	15549,15564,15567,15791	0.39661872	242	266	-127	0.10979944	0.0052328184	0.093203515	0.029164635	0.030918028	0.056476232	0.0084980736	0.012531193	0.15155259	0.05790069	0.0059970813	0.20577346	0.0078331437	0.17738512	0.38067412
1	order_4_rank_1	GM12878	GM12878	chr14	12	15204	588	15792	78960000	scan	345,360,363,588	15549,15564,15567,15792	0.39513677	243	267	-126	0.12137567	0.0054483213	0.1253811	0.031466309	0.041845549	0.080679126	0.0093393838	0.01832903	0.17692859	0.071239062	0.0047241682	0.19849387	0.0044009299	0.14709933	0.25916055
1	order_4_rank_1	GM12878	GM12878	chr14	12	15204	589	15793	78965000	scan	345,360,363,589	15549,15564,15567,15793	0.39368865	244	268	-125	0.088152818	0.0076351194	0.16593309	0.05046346	0.042517234	0.083399005	0.010545632	0.018051133	0.19516157	0.068757713	0.010587981	0.16227794	0.0074823177	0.15184164	0.4481661
1	order_4_rank_1	GM12878	GM12878	chr14	12	15204	590	15794	78970000	scan	345,360,363,590	15549,15564,15567,15794	0.392259	245	269	-124	0.093316667	0.008882246	0.11938042	0.059052985	0.052259162	0.079061151	0.012609636	0.021996928	0.21116775	0.062001422	0.0095469374	0.090001844	0.0065443572	0.17966151	0.2597425
1	order_4_rank_1	GM12878	GM12878	chr14	12	15204	591	15795	78975000	scan	345,360,363,591	15549,15564,15567,15795	0.39075431	246	270	-123	0.099135078	0.0054762657	0.092592031	0.044657953	0.049888544	0.17521369	0.012222356	0.02919111	0.18798341	0.04686363	0.010579502	0.087206744	0.0065679969	0.1787509	0.21625677
1	order_4_rank_1	GM12878	GM12878	chr14	12	15204	592	15796	78980000	scan	345,360,363,592	15549,15564,15567,15796	0.3893573	247	271	-122	0.10528629	0.0036052084	0.096743196	0.033514988	0.030799018	0.095445178	0.0063179615	0.018046085	0.15622567	0.046101682	0.0053955121	0.095692128	0.009185289	0.11371486	0.11520857
1	order_4_rank_1	GM12878	GM12878	chr14	12	15204	593	15797	78985000	scan	345,360,363,593	15549,15564,15567,15797	0.38810608	248	272	-121	0.12120227	0.004172564	0.15636839	0.033997174	0.055208132	0.066004306	0.0098489793	0.019242087	0.13325825	0.057372846	0.0083541349	0.12571676	0.0058511249	0.11914238	0.24620675
1	order_4_rank_1	GM12878	GM12878	chr14	12	15204	594	15798	78990000	scan	345,360,363,594	15549,15564,15567,15798	0.38662302	249	273	-120	0.11839012	0.0066674752	0.13204335	0.049454734	0.054239396	0.053656124	0.010767753	0.0078487722	0.15004322	0.056937799	0.0069706361	0.084331013	0.0038610464	0.12544461	0.21209762
1	order_4_rank_1	GM12878	GM12878	chr14	12	15204	595	15799	78995000	scan	345,360,363,595	15549,15564,15567,15799	0.38517794	250	274	-119	0.12322655	0.0013091067	0.13178329	0.02742522	0.029416036	0.059942689	0.0065002637	0.015980192	0.1242803	0.050709315	0.0042610834	0.13924386	0.0085342573	0.15348847	0.1942419
1	order_4_rank_1	GM12878	GM12878	chr14	12	15204	596	15800	79000000	scan	345,360,363,596	15549,15564,15567,15800	0.38364106	251	275	-118	0.11426038	0.0056862142	0.11089266	0.030235045	0.033368897	0.088960014	0.0097842356	0.016957013	0.13971852	0.065295577	0.0039922278	0.072571978	0.0060000066	0.16153771	0.19047362
1	order_4_rank_1	GM12878	GM12878	chr14	12	15204	597	15801	79005000	scan	345,360,363,597	15549,15564,15567,15801	0.38224584	252	276	-117	0.095593616	0.0038274918	0.12753288	0.024196524	0.039576609	0.059775677	0.0095726941	0.011020201	0.12764451	0.054347899	0.004049025	0.12387743	0.0053252629	0.13677594	0.16636813
1	order_4_rank_1	GM12878	GM12878	chr14	12	15204	598	15802	79010000	scan	345,360,363,598	15549,15564,15567,15802	0.38086402	253	277	-116	0.10173973	0.0035190613	0.085784763	0.034752253	0.03643113	0.065295622	0.0088574691	0.015217559	0.13350104	0.058503948	0.0068313433	0.38449156	0.0063262661	0.19343285	0.28119263
1	order_4_rank_1	GM12878	GM12878	chr14	12	15204	599	15803	79015000	scan	345,360,363,599	15549,15564,15567,15803	0.37921229	254	278	-115	0.11294299	0.0037167973	0.087507188	0.058542859	0.035331175	0.069450103	0.0074017192	0.018500522	0.13983719	0.049341276	0.0054319608	0.092221327	0.0080648763	0.12140577	0.27073035
1	order_4_rank_1	GM12878	GM12878	chr14	12	15204	600	15804	79020000	scan	345,360,363,600	15549,15564,15567,15804	0.37770298	255	279	-114	0.10233563	0.0039095185	0.13099819	0.037496991	0.045093775	0.11721654	0.0078151627	0.0079686129	0.16665027	0.036132965	0.0058790371	0.061063707	0.0068732165	0.13544612	0.13396281
1	order_4_rank_1	GM12878	GM12878	chr14	12	15204	601	15805	79025000	scan	345,360,363,601	15549,15564,15567,15805	0.37619269	256	280	-113	0.099378809	0.0031092321	0.074975923	0.035549171	0.027725562	0.11252613	0.0089325272	0.026120627	0.16612853	0.068610549	0.0046340241	0.073663943	0.0065173483	0.19501635	0.18214644
1	order_4_rank_1	GM12878	GM12878	chr14	12	15204	602	15806	79030000	scan	345,360,363,602	15549,15564,15567,15806	0.37482637	257	281	-112	0.13660264	0.0041134972	0.080520414	0.039193757	0.031245191	0.068919137	0.0055262409	0.010226794	0.12149939	0.05842407	0.008405583	0.11130512	0.007563638	0.17408824	0.14865868
1	order_4_rank_1	GM12878	GM12878	chr14	12	15204	603	15807	79035000	scan	345,360,363,603	15549,15564,15567,15807	0.37318909	258	282	-111	0.13865529	0.0065750936	0.072480522	0.038717799	0.031502645	0.21321571	0.0095593929	0.020879531	0.092324592	0.074210063	0.0065668351	0.092875138	0.005140685	0.1321304	0.13497755
1	order_4_rank_1	GM12878	GM12878	chr14	12	15204	604	15808	79040000	scan	345,360,363,604	15549,15564,15567,15808	0.37177363	259	283	-110	0.12659474	0.0061210408	0.10270626	0.037182875	0.060695488	0.23078923	0.0094195055	0.01812304	0.17850082	0.068643153	0.0054732556	0.078589439	0.0060342331	0.15363546	0.1815825
1	order_4_rank_1	GM12878	GM12878	chr14	12	15204	605	15809	79045000	scan	345,360,363,605	15549,15564,15567,15809	0.3704049	260	284	-109	0.095872588	0.0055403383	0.14594136	0.033174559	0.046414893	0.10744356	0.010568673	0.01764914	0.088681631	0.059684347	0.010046126	0.08837872	0.005466911	0.18501768	0.19081981
1	order_4_rank_1	GM12878	GM12878	chr14	12	15204	606	15810	79050000	scan	345,360,363,606	15549,15564,15567,15810	0.36902764	261	285	-108	0.13247082	0.0048369095	0.096334025	0.065553047	0.045230206	0.11282227	0.011408011	0.038225889	0.16138159	0.094113514	0.0047804923	0.1216985	0.0082710478	0.19200362	0.48422208
1	order_4_rank_1	GM12878	GM12878	chr14	12	15204	607	15811	79055000	scan	345,360,363,607	15549,15564,15567,15811	0.36747533	262	286	-107	0.10785648	0.0061626774	0.13990228	0.037125442	0.052763794	0.18302129	0.012352644	0.014232353	0.17697445	0.057288516	0.010329261	0.074674383	0.0077670594	0.14801925	0.24412514
1	order_4_rank_1	GM12878	GM12878	chr14	12	15204	608	15812	79060000	scan	345,360,363,608	15549,15564,15567,15812	0.36606297	263	287	-106	0.14040332	0.0097613325	0.10251283	0.095351875	0.033458777	0.12583372	0.0072626062	0.035016276	0.076913826	0.076668605	0.0089222956	0.080249608	0.0078622866	0.16687791	0.39373493
1	order_4_rank_1	GM12878	GM12878	chr14	12	15204	609	15813	79065000	scan	345,360,363,609	15549,15564,15567,15813	0.36463317	264	288	-105	0.11833765	0.0021461719	0.046315204	0.025863515	0.024472192	0.11870036	0.0050503761	0.011762274	0.11682346	0.032223992	0.012807998	0.06739746	0.0042385235	0.15862729	0.1396945
1	order_4_rank_1	GM12878	GM12878	chr14	12	15204	610	15814	79070000	scan	345,360,363,610	15549,15564,15567,15814	0.36323798	265	289	-104	0.10621506	0.0049498458	0.081254274	0.030835005	0.032790277	0.070436165	0.0081004826	0.013451574	0.099852905	0.049593896	0.0095296018	0.082599506	0.0071265334	0.15576686	0.16359806
1	order_4_rank_1	GM12878	GM12878	chr14	12	15204	611	15815	79075000	scan	345,360,363,611	15549,15564,15567,15815	0.36173362	266	290	-103	0.10121872	0.0056090457	0.084341325	0.03610044	0.026040353	0.076136358	0.0079684127	0.01394533	0.10826621	0.060650349	0.0066311038	0.060868099	0.0085507296	0.17054179	0.16446157
1	order_4_rank_1	GM12878	GM12878	chr14	12	15204	612	15816	79080000	scan	345,360,363,612	15549,15564,15567,15816	0.36048606	267	291	-102	0.097451799	0.0028949187	0.082026251	0.020999726	0.040812574	0.061351568	0.0050952574	0.0069270977	0.10193461	0.040530499	0.0053909747	0.15996993	0.010174239	0.14709534	0.16584107
1	order_4_rank_1	GM12878	GM12878	chr14	12	15204	613	15817	79085000	scan	345,360,363,613	15549,15564,15567,15817	0.3589294	268	292	-101	0.11518145	0.0048986878	0.13816534	0.032562453	0.040985473	0.082771868	0.0056268154	0.011945599	0.11923096	0.035868019	0.0059750015	0.1043419	0.0093663549	0.16711476	0.13323784
1	order_4_rank_1	GM12878	GM12878	chr14	12	15204	614	15818	79090000	scan	345,360,363,614	15549,15564,15567,15818	0.35748109	269	293	-100	0.10056832	0.012149095	0.16345049	0.067230016	0.04231872	0.087982446	0.014818138	0.024489041	0.15410939	0.090421915	0.0059197843	0.15850312	0.0066413903	0.20101759	0.361624
1	order_4_rank_1	GM12878	GM12878	chr14	12	15204	615	15819	79095000	scan	345,360,363,615	15549,15564,15567,15819	0.3560456	270	294	-99	0.10123132	0.0045818468	0.11152518	0.04063268	0.048674278	0.10499204	0.007859177	0.012905747	0.16529784	0.046715897	0.0077117248	0.11685956	0.0079374285	0.17600861	0.15922074
1	order_4_rank_1	GM12878	GM12878	chr14	12	15204	616	15820	79100000	scan	345,360,363,616	15549,15564,15567,15820	0.3546569	271	295	-98	0.10672331	0.0062157088	0.082520649	0.059668209	0.061830722	0.1415848	0.0077642826	0.022175426	0.18451406	0.070611402	0.01016228	0.10641926	0.0043811169	0.15398094	0.35131904
1	order_4_rank_1	GM12878	GM12878	chr14	12	15204	617	15821	79105000	scan	345,360,363,617	15549,15564,15567,15821	0.35314673	272	296	-97	0.097348198	0.0059098802	0.092034943	0.030592699	0.022411522	0.12423374	0.011730018	0.015001661	0.10817596	0.066511318	0.0070663216	0.13210624	0.0067967782	0.1311892	0.11776535
1	order_4_rank_1	GM12878	GM12878	chr14	12	15204	618	15822	79110000	scan	345,360,363,618	15549,15564,15567,15822	0.35185188	273	297	-96	0.10696046	0.0042167958	0.049345911	0.03449744	0.042506173	0.086825997	0.0061438153	0.01258605	0.08369641	0.038085405	0.0068741264	0.06524279	0.0064047668	0.13935661	0.16029038
1	order_4_rank_1	GM12878	GM12878	chr14	12	15204	619	15823	79115000	scan	345,360,363,619	15549,15564,15567,15823	0.3502658	274	298	-95	0.10575338	0.0042167823	0.097069986	0.023914689	0.021755481	0.10797666	0.010339828	0.016669678	0.16037537	0.091800325	0.0077868802	0.077266574	0.0061297445	0.15876363	0.16974908
1	order_4_rank_1	GM12878	GM12878	chr14	12	15204	620	15824	79120000	scan	345,360,363,620	15549,15564,15567,15824	0.34891316	275	299	-94	0.1288092	0.0058383346	0.090380475	0.035650808	0.044120479	0.10538618	0.011704385	0.013961469	0.16670017	0.074165531	0.010393801	0.087497965	0.0074521764	0.11659068	0.18177299
1	order_4_rank_1	GM12878	GM12878	chr14	12	15204	621	15825	79125000	scan	345,360,363,621	15549,15564,15567,15825	0.34759155	276	300	-93	0.031746086	0.00096249959	0.011507383	0.01397746	0.017241545	0.067273743	0.0025279529	0.002937794	0.023269814	0.019417925	0.0014824998	0.027814809	0.0011084134	0.035340793	0.088808849
1	order_4_rank_1	GM12878	GM12878	chr14	12	15204	622	15826	79130000	scan	345,360,363,622	15549,15564,15567,15826	0.34603444	277	301	-92	0.070174865	0.0023691936	0.045926943	0.023074713	0.026467543	0.11531363	0.0095058056	0.01238114	0.061093416	0.048024341	0.0085929669	0.038267434	0.0059522479	0.070050716	0.10963071
1	order_4_rank_1	GM12878	GM12878	chr14	12	15204	623	15827	79135000	scan	345,360,363,623	15549,15564,15567,15827	0.34458584	278	302	-91	0.11035937	0.0048363162	0.10270499	0.032567836	0.031312589	0.098854207	0.012467161	0.02500877	0.12373051	0.056268897	0.0074489913	0.089432709	0.0095238388	0.11309364	0.13464904
1	order_4_rank_1	GM12878	GM12878	chr14	12	15204	624	15828	79140000	scan	345,360,363,624	15549,15564,15567,15828	0.34321925	279	303	-90	0.13382865	0.0037556691	0.079918168	0.037798475	0.044197075	0.12377322	0.007537602	0.019160487	0.098710895	0.042969503	0.0078847017	0.094459943	0.0067727319	0.13045266	0.1208903
1	order_4_rank_1	GM12878	GM12878	chr14	12	15204	625	15829	79145000	scan	345,360,363,625	15549,15564,15567,15829	0.34178704	280	304	-89	0.14298452	0.0036379748	0.085897259	0.029631779	0.036019646	0.11374844	0.0093961991	0.014136256	0.1486495	0.048648559	0.013167679	0.044984318	0.0057245726	0.10703348	0.14279097
1	order_4_rank_1	GM12878	GM12878	chr14	12	15204	626	15830	79150000	scan	345,360,363,626	15549,15564,15567,15830	0.34034306	281	305	-88	0.13981152	0.0050490578	0.085220233	0.043591917	0.043528143	0.13041987	0.0098560099	0.010789488	0.131825	0.07717672	0.0065597459	0.094915122	0.0056454358	0.10155039	0.12536746
1	order_4_rank_1	GM12878	GM12878	chr14	12	15204	627	15831	79155000	scan	345,360,363,627	15549,15564,15567,15831	0.33899525	282	306	-87	0.11635716	0.0068393229	0.070382386	0.046538018	0.041363813	0.10204269	0.0059712068	0.022426851	0.052297156	0.036695819	0.0071900343	0.12026482	0.0083370116	0.12574205	0.14515765
1	order_4_rank_1	GM12878	GM12878	chr14	12	15204	628	15832	79160000	scan	345,360,363,628	15549,15564,15567,15832	0.33752695	283	307	-86	0.094212845	0.0033649495	0.089370579	0.029429005	0.02716941	0.14702752	0.0044643776	0.013273803	0.045931567	0.031136919	0.0068545686	0.066624887	0.007675081	0.10752051	0.10738293
1	order_4_rank_1	GM12878	GM12878	chr14	12	15204	629	15833	79165000	scan	345,360,363,629	15549,15564,15567,15833	0.33617717	284	308	-85	0.12621072	0.0035235614	0.075653441	0.028819086	0.033277951	0.084714033	0.0078221457	0.017625589	0.1648012	0.034526885	0.0063291541	0.122173	0.0076865829	0.14778194	0.15377674
1	order_4_rank_1	GM12878	GM12878	chr14	12	15204	630	15834	79170000	scan	345,360,363,630	15549,15564,15567,15834	0.33486101	285	309	-84	0.10131261	0.0028084214	0.054672472	0.028976597	0.039044697	0.071757294	0.0082450453	0.0074982843	0.082500696	0.039220773	0.0064427527	0.084650926	0.0070119509	0.13384777	0.13943557
1	order_4_rank_1	GM12878	GM12878	chr14	12	15204	631	15835	79175000	scan	345,360,363,631	15549,15564,15567,15835	0.33345461	286	310	-83	0.10746161	0.0060234647	0.1175478	0.034121621	0.058540959	0.091987863	0.0098982835	0.022594748	0.14453098	0.054068312	0.0055429847	0.12791298	0.0060201911	0.16895673	0.18111184
1	order_4_rank_1	GM12878	GM12878	chr14	12	15204	632	15836	79180000	scan	345,360,363,632	15549,15564,15567,15836	0.33208135	287	311	-82	0.092102014	0.0039366367	0.078155503	0.04473494	0.045449097	0.10828651	0.0099131251	0.018841123	0.057034034	0.049420152	0.0086415801	0.094546176	0.0060805972	0.11009295	0.18038599
1	order_4_rank_1	GM12878	GM12878	chr14	12	15204	633	15837	79185000	scan	345,360,363,633	15549,15564,15567,15837	0.33064973	288	312	-81	0.088272683	0.0042073149	0.059950389	0.028938139	0.026429217	0.1655806	0.0060267341	0.014208516	0.069592945	0.030430958	0.007090583	0.068795763	0.0057738731	0.12770279	0.10906582
1	order_4_rank_1	GM12878	GM12878	chr14	12	15204	634	15838	79190000	scan	345,360,363,634	15549,15564,15567,15838	0.32931483	289	313	-80	0.11132203	0.0049033072	0.075623207	0.03865217	0.028338209	0.10640845	0.012174498	0.01792272	0.082161561	0.077386037	0.0076830271	0.072429739	0.0060403529	0.14746659	0.1760869
1	order_4_rank_1	GM12878	GM12878	chr14	12	15204	635	15839	79195000	scan	345,360,363,635	15549,15564,15567,15839	0.32802859	290	314	-79	0.12123726	0.0040150299	0.053216048	0.037236601	0.050886981	0.13684715	0.0067809131	0.0083694179	0.11675873	0.047343634	0.0076936767	0.086626589	0.0046925736	0.12976374	0.10784644
1	order_4_rank_1	GM12878	GM12878	chr14	12	15204	636	15840	79200000	scan	345,360,363,636	15549,15564,15567,15840	0.32660449	291	315	-78	0.11444545	0.0045243399	0.079835318	0.032127663	0.030931199	0.11799663	0.0071000541	0.018616071	0.16089241	0.035632931	0.0107058	0.0662672	0.009650019	0.11357013	0.15552655
1	order_4_rank_1	GM12878	GM12878	chr14	12	15204	637	15841	79205000	scan	345,360,363,637	15549,15564,15567,15841	0.3252745	292	316	-77	0.096190438	0.0037593076	0.091838568	0.032291081	0.048321977	0.11153866	0.0089952657	0.016760487	0.15166715	0.062665991	0.0057649575	0.088257305	0.0077842227	0.13580541	0.13793807
1	order_4_rank_1	GM12878	GM12878	chr14	12	15204	638	15842	79210000	scan	345,360,363,638	15549,15564,15567,15842	0.32388178	293	317	-76	0.11374041	0.0081439288	0.096593469	0.036563057	0.036751661	0.16055423	0.0090820706	0.022905473	0.13187608	0.066472441	0.0065468107	0.090264305	0.0074051358	0.10188482	0.13095076
1	order_4_rank_1	GM12878	GM12878	chr14	12	15204	639	15843	79215000	scan	345,360,363,639	15549,15564,15567,15843	0.32258272	294	318	-75	0.11139212	0.0040189791	0.076053366	0.02449104	0.043491933	0.21271101	0.0098541621	0.012743615	0.067954101	0.032443143	0.0039434084	0.090122312	0.0070476774	0.14156584	0.087686352
1	order_4_rank_1	GM12878	GM12878	chr14	12	15204	640	15844	79220000	scan	345,360,363,640	15549,15564,15567,15844	0.32124916	295	319	-74	0.11742458	0.0074969712	0.04375701	0.035586469	0.028168345	0.16816825	0.005227848	0.014315532	0.025263786	0.042215873	0.005117727	0.064078137	0.0070018191	0.090189867	0.07673154
1	order_4_rank_1	GM12878	GM12878	chr14	12	15204	641	15845	79225000	scan	345,360,363,641	15549,15564,15567,15845	0.31993023	296	320	-73	0.1161538	0.0024962691	0.077394642	0.028174961	0.033089783	0.10067607	0.0058103539	0.026889762	0.14623812	0.053171929	0.0092189405	0.097710244	0.0065054297	0.12256381	0.14489989
1	order_4_rank_1	GM12878	GM12878	chr14	12	15204	642	15846	79230000	scan	345,360,363,642	15549,15564,15567,15846	0.31869048	297	321	-72	0.097594805	0.0022788744	0.10929235	0.033670004	0.045651648	0.096608192	0.0048495643	0.013158138	0.10320805	0.038589686	0.0039707669	0.064259097	0.0065234937	0.14120962	0.1092265
1	order_4_rank_1	GM12878	GM12878	chr14	12	15204	643	15847	79235000	scan	345,360,363,643	15549,15564,15567,15847	0.31736308	298	322	-71	0.11001654	0.0040796511	0.10159906	0.019746536	0.025153024	0.11328408	0.0078230156	0.007443754	0.12093172	0.050794322	0.0067280247	0.071905211	0.0068677859	0.094134502	0.11465962
1	order_4_rank_1	GM12878	GM12878	chr14	12	15204	644	15848	79240000	scan	345,360,363,644	15549,15564,15567,15848	0.31605187	299	323	-70	0.14292775	0.0047040358	0.088104934	0.031647701	0.037789583	0.13810268	0.01180829	0.016570386	0.152307	0.059455961	0.007011483	0.049558911	0.0064956644	0.12769692	0.13551289
1	order_4_rank_1	GM12878	GM12878	chr14	12	15204	645	15849	79245000	scan	345,360,363,645	15549,15564,15567,15849	0.31476942	300	324	-69	0.090479024	0.0050038062	0.078749269	0.038232088	0.036374893	0.12386663	0.013473466	0.015698213	0.18811874	0.04584711	0.009579462	0.13852388	0.0069743437	0.099303558	0.15139836
1	order_4_rank_1	GM12878	GM12878	chr14	12	15204	646	15850	79250000	scan	345,360,363,646	15549,15564,15567,15850	0.31357694	301	325	-68	0.11666422	0.0027098618	0.14846259	0.026915906	0.057076622	0.11118323	0.010128601	0.0098200543	0.16544716	0.030315129	0.0024344195	0.074832812	0.008161149	0.12369513	0.10962263
1	order_4_rank_1	GM12878	GM12878	chr14	12	15204	647	15851	79255000	scan	345,360,363,647	15549,15564,15567,15851	0.31232709	302	326	-67	0.080098607	0.0056103999	0.070147924	0.025412038	0.045524396	0.10901403	0.0097276494	0.01391302	0.11643891	0.034191482	0.0067468942	0.13412249	0.0071956972	0.16928825	0.12221374
1	order_4_rank_1	GM12878	GM12878	chr14	12	15204	648	15852	79260000	scan	345,360,363,648	15549,15564,15567,15852	0.31102949	303	327	-66	0.086110264	0.0050875652	0.076751478	0.02993547	0.046812631	0.093981899	0.012260819	0.013442511	0.11596899	0.04354956	0.0034787115	0.096799836	0.0083494065	0.12361139	0.12934174
1	order_4_rank_1	GM12878	GM12878	chr14	12	15204	649	15853	79265000	scan	345,360,363,649	15549,15564,15567,15853	0.30975267	304	328	-65	0.091074333	0.0018824632	0.078273162	0.022506543	0.021868939	0.082670785	0.0051298058	0.0061752629	0.12300467	0.035564825	0.004640867	0.10560857	0.0058032204	0.12975422	0.12895603
1	order_4_rank_1	GM12878	GM12878	chr14	12	15204	650	15854	79270000	scan	345,360,363,650	15549,15564,15567,15854	0.30850947	305	329	-64	0.096723154	0.0052061011	0.045682043	0.025197124	0.031891331	0.095672958	0.0083178589	0.01805668	0.11177507	0.044414461	0.0042129951	0.092339456	0.0084696338	0.12551275	0.11123887
1	order_4_rank_1	GM12878	GM12878	chr14	12	15204	651	15855	79275000	scan	345,360,363,651	15549,15564,15567,15855	0.30727422	306	330	-63	0.12234419	0.0064945328	0.19067253	0.04462174	0.047929611	0.15196556	0.010451319	0.0277707	0.13295279	0.089497507	0.005211012	0.14774303	0.0088470373	0.17613868	0.32845092
1	order_4_rank_1	GM12878	GM12878	chr14	12	15204	652	15856	79280000	scan	345,360,363,652	15549,15564,15567,15856	0.30599675	307	331	-62	0.10652481	0.0022519587	0.17603073	0.033518545	0.03419425	0.11941466	0.015259553	0.019063774	0.15188608	0.058007665	0.0091506559	0.11634305	0.0049880673	0.14951487	0.19004965
1	order_4_rank_1	GM12878	GM12878	chr14	12	15204	653	15857	79285000	scan	345,360,363,653	15549,15564,15567,15857	0.30475762	308	332	-61	0.11433931	0.0020083664	0.074272275	0.03752036	0.025415987	0.09612719	0.011757134	0.014323371	0.13994549	0.058926661	0.012277673	0.12131349	0.0074706008	0.15001225	0.14583831
1	order_4_rank_1	GM12878	GM12878	chr14	12	15204	654	15858	79290000	scan	345,360,363,654	15549,15564,15567,15858	0.30350265	309	333	-60	0.11473214	0.0057112947	0.087616876	0.03351311	0.02864778	0.10613499	0.011601015	0.017408665	0.16766487	0.060999032	0.0099740047	0.085682772	0.0073637278	0.12469998	0.27309418
1	order_4_rank_1	GM12878	GM12878	chr14	12	15204	655	15859	79295000	scan	345,360,363,655	15549,15564,15567,15859	0.30222332	310	334	-59	0.11141231	0.0092099058	0.088468283	0.07509169	0.042765696	0.12017182	0.0064069815	0.032125637	0.14284286	0.077410609	0.0081071742	0.067371689	0.0059753191	0.1277277	0.22988911
1	order_4_rank_1	GM12878	GM12878	chr14	12	15204	656	15860	79300000	scan	345,360,363,656	15549,15564,15567,15860	0.30095044	311	335	-58	0.12089376	0.0048784018	0.075136364	0.054500222	0.031748429	0.22971766	0.0094529996	0.032313943	0.12605587	0.059597392	0.0074459794	0.11715178	0.0060765189	0.14702885	0.21168868
1	order_4_rank_1	GM12878	GM12878	chr14	12	15204	657	15861	79305000	scan	345,360,363,657	15549,15564,15567,15861	0.29989496	312	336	-57	0.092932887	0.0044254144	0.056520984	0.020698786	0.04098215	0.097013205	0.0061621075	0.011763866	0.063597769	0.031982526	0.0032442254	0.067863926	0.0063575292	0.094529375	0.1231712
1	order_4_rank_1	GM12878	GM12878	chr14	12	15204	658	15862	79310000	scan	345,360,363,658	15549,15564,15567,15862	0.30246255	313	337	-56	0.017254207	0	0.0062531643	0.0038776442	0.0062561459	0.02808821	0.0008112372	0.0021569731	0.010410687	0.0054018656	3.6404464e-05	0.0034375805	0.00072509382	0.019667536	0.018919293
1	order_4_rank_1	GM12878	GM12878	chr14	12	15204	659	15863	79315000	scan	345,360,363,659	15549,15564,15567,15863	0.29733366	314	338	-55	0.1246402	0.0040791519	0.063744359	0.03954991	0.035799943	0.10555451	0.006823434	0.021157419	0.11618961	0.064715102	0.0061852084	0.084685773	0.010229393	0.12444813	0.13367054
1	order_4_rank_1	GM12878	GM12878	chr14	12	15204	660	15864	79320000	scan	345,360,363,660	15549,15564,15567,15864	0.29604656	315	339	-54	0.083637267	0.0079427529	0.051608469	0.046628978	0.022805303	0.12306502	0.0095350314	0.022498401	0.13437882	0.055414468	0.0079664048	0.077472426	0.0083456961	0.14526223	0.12549375
1	order_4_rank_1	GM12878	GM12878	chr14	12	15204	661	15865	79325000	scan	345,360,363,661	15549,15564,15567,15865	0.29492748	316	340	-53	0.12020779	0.007288585	0.1712528	0.039958447	0.057095408	0.10661879	0.0089347903	0.013547564	0.16418405	0.071618624	0.0060456684	0.084857382	0.008109712	0.20357421	0.17875728
1	order_4_rank_1	GM12878	GM12878	chr14	12	15204	662	15866	79330000	scan	345,360,363,662	15549,15564,15567,15866	0.29365826	317	341	-52	0.12012421	0.0033555962	0.064548217	0.039073221	0.038700841	0.093042582	0.011246113	0.032301903	0.14426795	0.059521612	0.0084765255	0.12902042	0.010284637	0.1722741	0.17549111
1	order_4_rank_1	GM12878	GM12878	chr14	12	15204	663	15867	79335000	scan	345,360,363,663	15549,15564,15567,15867	0.29248857	318	342	-51	0.11180831	0.0023074553	0.16391484	0.028555702	0.042207319	0.093624353	0.0096928189	0.0085693132	0.12946047	0.057284828	0.0030750975	0.078739807	0.0060006124	0.12909843	0.1368791
1	order_4_rank_1	GM12878	GM12878	chr14	12	15204	664	15868	79340000	scan	345,360,363,664	15549,15564,15567,15868	0.29129404	319	343	-50	0.11845002	0.0063525825	0.15104686	0.035161428	0.05744734	0.099670969	0.014615628	0.0090392875	0.17732713	0.062133983	0.0045801098	0.08428409	0.0076418747	0.16408695	0.16781278
1	order_4_rank_1	GM12878	GM12878	chr14	12	15204	665	15869	79345000	scan	345,360,363,665	15549,15564,15567,15869	0.29004562	320	344	-49	0.10648456	0.0070239846	0.044540048	0.034687061	0.038164724	0.10878818	0.011216453	0.01872563	0.13070191	0.054711103	0.0084907515	0.1000947	0.0056463382	0.11723194	0.1548765
1	order_4_rank_1	GM12878	GM12878	chr14	12	15204	666	15870	79350000	scan	345,360,363,666	15549,15564,15567,15870	0.28879896	321	345	-48	0.13816783	0.0068729916	0.11542483	0.039614517	0.026293488	0.086617842	0.0067659044	0.021698847	0.15585111	0.062975697	0.0055965804	0.084513694	0.006840338	0.15516238	0.15903248
1	order_4_rank_1	GM12878	GM12878	chr14	12	15204	667	15871	79355000	scan	345,360,363,667	15549,15564,15567,15871	0.28768739	322	346	-47	0.087062865	0.0013850989	0.084734827	0.026086481	0.04378837	0.097319774	0.0076768026	0.010536918	0.093961142	0.044770952	0.0077682184	0.13137011	0.0063670455	0.14248686	0.1773503
1	order_4_rank_1	GM12878	GM12878	chr14	12	15204	668	15872	79360000	scan	345,360,363,668	15549,15564,15567,15872	0.28642845	323	347	-46	0.090217538	0.0030201701	0.090124689	0.034680795	0.023830118	0.09354265	0.0064414814	0.015752645	0.11537512	0.054042496	0.0059452686	0.10818921	0.0065217954	0.11990959	0.19214879
1	order_4_rank_1	GM12878	GM12878	chr14	12	15204	669	15873	79365000	scan	345,360,363,669	15549,15564,15567,15873	0.28525987	324	348	-45	0.10643006	0.0045765829	0.097885005	0.033064887	0.030609261	0.11077088	0.0076249153	0.010040773	0.072115153	0.05314596	0.0075959242	0.12379727	0.0058771712	0.1366621	0.15276265
1	order_4_rank_1	GM12878	GM12878	chr14	12	15204	670	15874	79370000	scan	345,360,363,670	15549,15564,15567,15874	0.28408274	325	349	-44	0.10895665	0.0026543867	0.097021423	0.022806741	0.018760508	0.088893667	0.0076734424	0.010903927	0.070278391	0.034419548	0.0057760184	0.10877743	0.0059402105	0.11159217	0.10711052
1	order_4_rank_1	GM12878	GM12878	chr14	12	15204	671	15875	79375000	scan	345,360,363,671	15549,15564,15567,15875	0.28296602	326	350	-43	0.11157851	0.0036985571	0.085968249	0.022975566	0.047569245	0.083358467	0.0094920518	0.0012449779	0.10805782	0.047360431	0.0045967796	0.070197448	0.0060361037	0.13881561	0.14967099
1	order_4_rank_1	GM12878	GM12878	chr14	12	15204	672	15876	79380000	scan	345,360,363,672	15549,15564,15567,15876	0.28175667	327	351	-42	0.12859945	0.0021942572	0.08238554	0.023707779	0.034226485	0.086324595	0.0051403185	0.0025169654	0.078967921	0.032047983	0.005765785	0.068000413	0.0067904764	0.13300303	0.12248906
1	order_4_rank_1	GM12878	GM12878	chr14	12	15204	673	15877	79385000	scan	345,360,363,673	15549,15564,15567,15877	0.28050441	328	352	-41	0.073914364	0.0015424078	0.045103457	0.010900584	0.042558234	0.14580427	0.0085782167	0.010638286	0.11305255	0.038184103	0.0084536215	0.030263269	0.0036879543	0.1004727	0.080956645
1	order_4_rank_1	GM12878	GM12878	chr14	12	15204	674	15878	79390000	scan	345,360,363,674	15549,15564,15567,15878	0.27936855	329	353	-40	0.11075935	0.0023599751	0.049970079	0.018804502	0.039409965	0.12104974	0.008820517	0.010102158	0.097732484	0.035992235	0.0052341954	0.042421788	0.0058175577	0.1070479	0.17001133
1	order_4_rank_1	GM12878	GM12878	chr14	12	15204	675	15879	79395000	scan	345,360,363,675	15549,15564,15567,15879	0.27817065	330	354	-39	0.12053385	0.0061431099	0.094724178	0.033450529	0.028860789	0.095924921	0.006455767	0.0095924223	0.12960902	0.043062076	0.0030535974	0.081868403	0.0064084418	0.12183669	0.12084611
1	order_4_rank_1	GM12878	GM12878	chr14	12	15204	676	15880	79400000	scan	345,360,363,676	15549,15564,15567,15880	0.27704126	331	355	-38	0.10250498	0.001685749	0.12689003	0.019321296	0.03807883	0.080524564	0.008233903	0.014411168	0.11419766	0.037071265	0.0033612198	0.089496531	0.0062636887	0.14225987	0.17419745
1	order_4_rank_1	GM12878	GM12878	chr14	12	15204	677	15881	79405000	scan	345,360,363,677	15549,15564,15567,15881	0.27585107	332	356	-37	0.11165798	0.0032417404	0.12049231	0.022954663	0.040195018	0.07619939	0.007340081	0.0078856591	0.11628468	0.045029663	0.0030403095	0.076848187	0.0072812508	0.18367741	0.15270621
1	order_4_rank_1	GM12878	GM12878	chr14	12	15204	678	15882	79410000	scan	345,360,363,678	15549,15564,15567,15882	0.27469343	333	357	-36	0.12101082	0.0056728604	0.070384569	0.035546895	0.040508218	0.088300988	0.008025785	0.014148118	0.099291585	0.065051466	0.0048788572	0.082181543	0.0065781893	0.14588748	0.20277353
1	order_4_rank_1	GM12878	GM12878	chr14	12	15204	679	15883	79415000	scan	345,360,363,679	15549,15564,15567,15883	0.27338794	334	358	-35	0.13746795	0.0067131571	0.091687225	0.065781265	0.038246971	0.27886239	0.012012645	0.022982962	0.12782604	0.059152283	0.0034144903	0.092060216	0.0073213256	0.19092073	0.16206163
1	order_4_rank_1	GM12878	GM12878	chr14	12	15204	680	15884	79420000	scan	345,360,363,680	15549,15564,15567,15884	0.27228194	335	359	-34	0.11357279	0.0081179878	0.080070883	0.0658722	0.034315836	0.14267184	0.0061323387	0.016949287	0.13665134	0.044265904	0.0066465414	0.099931397	0.0055454797	0.17849594	0.15492232
1	order_4_rank_1	GM12878	GM12878	chr14	12	15204	681	15885	79425000	scan	345,360,363,681	15549,15564,15567,15885	0.27120537	336	360	-33	0.11843945	0.0043912525	0.088516161	0.038350604	0.039223336	0.1421842	0.0045021554	0.019460794	0.093823604	0.053860959	0.0044076736	0.1174858	0.0056152912	0.12607685	0.18220678
1	order_4_rank_1	GM12878	GM12878	chr14	12	15204	682	15886	79430000	scan	345,360,363,682	15549,15564,15567,15886	0.27003691	337	361	-32	0.1265756	0.0049604629	0.11711159	0.039317165	0.029359803	0.108904	0.0077403137	0.015583318	0.15050185	0.059617952	0.00945473	0.15602762	0.0079690553	0.14436267	0.12575459
1	order_4_rank_1	GM12878	GM12878	chr14	12	15204	683	15887	79435000	scan	345,360,363,683	15549,15564,15567,15887	0.26887345	338	362	-31	0.099484086	0.0045281174	0.096982092	0.03684504	0.03798471	0.10692394	0.011919137	0.024596035	0.19997372	0.058106288	0.0054320297	0.0812383	0.0089931637	0.17713793	0.18818033
1	order_4_rank_1	GM12878	GM12878	chr14	12	15204	684	15888	79440000	scan	345,360,363,684	15549,15564,15567,15888	0.2677027	339	363	-30	0.086435966	0.0046783248	0.061959177	0.033554144	0.024331937	0.11797868	0.0068178126	0.017344836	0.11324336	0.04152086	0.0097928485	0.10509183	0.0058787605	0.1034167	0.12471431
1	order_4_rank_1	GM12878	GM12878	chr14	12	15204	685	15889	79445000	scan	345,360,363,685	15549,15564,15567,15889	0.26663369	340	364	-29	0.10096978	0.0033102108	0.19367275	0.032029301	0.045409497	0.092700712	0.0063530183	0.0096856402	0.093841769	0.058083542	0.0031110279	0.10582517	0.0089570945	0.16324538	0.14157462
1	order_4_rank_1	GM12878	GM12878	chr14	12	15204	686	15890	79450000	scan	345,360,363,686	15549,15564,15567,15890	0.26538044	341	365	-28	0.15642565	0.014358538	0.086250208	0.11976489	0.028218277	0.12895948	0.016064133	0.06800358	0.12706728	0.10453743	0.0059859413	0.13188274	0.010551377	0.13435355	0.26121387
1	order_4_rank_1	GM12878	GM12878	chr14	12	15204	687	15891	79455000	scan	345,360,363,687	15549,15564,15567,15891	0.26433188	342	366	-27	0.13894461	0.0043860697	0.071346112	0.033927131	0.020694423	0.096008085	0.011786237	0.003914224	0.11860537	0.069298051	0.011325825	0.075947076	0.0068216263	0.11758292	0.12663901
1	order_4_rank_1	GM12878	GM12878	chr14	12	15204	688	15892	79460000	scan	345,360,363,688	15549,15564,15567,15892	0.26322338	343	367	-26	0.087146968	0.0041281171	0.079593576	0.033192135	0.03612987	0.090012275	0.010738655	0.007120552	0.10424846	0.057482608	0.0063263359	0.065448023	0.0082038697	0.10825247	0.099016801
1	order_4_rank_1	GM12878	GM12878	chr14	12	15204	689	15893	79465000	scan	345,360,363,689	15549,15564,15567,15893	0.26212353	344	368	-25	0.12787761	0.0063369302	0.10013545	0.036585942	0.041418426	0.1062251	0.010606907	0.013261455	0.14231414	0.03445711	0.0060519408	0.091781586	0.0058429521	0.12926169	0.20631593
1	order_4_rank_1	GM12878	GM12878	chr14	12	15204	690	15894	79470000	scan	345,360,363,690	15549,15564,15567,15894	0.26101252	345	369	-24	0.11882643	0.0045489147	0.13852571	0.024665862	0.049652208	0.11465653	0.0049039996	0.009297017	0.11143713	0.034931492	0.0068057664	0.078923717	0.0059292135	0.12892136	0.17629902
1	order_4_rank_1	GM12878	GM12878	chr14	12	15204	691	15895	79475000	scan	345,360,363,691	15549,15564,15567,15895	0.2598615	346	370	-23	0.095982462	0.004627035	0.077516511	0.024940899	0.025668375	0.080456853	0.0061545586	0.014553491	0.075002253	0.047959067	0.0029416115	0.083309352	0.0048299502	0.13480464	0.12754148
1	order_4_rank_1	GM12878	GM12878	chr14	12	15204	692	15896	79480000	scan	345,360,363,692	15549,15564,15567,15896	0.25871122	347	371	-22	0.14615203	0.0028232168	0.06203099	0.038437165	0.040990632	0.10962942	0.0094702113	0.026890058	0.12930368	0.046993095	0.0090375124	0.05453027	0.0064610103	0.15752199	0.28367358
1	order_4_rank_1	GM12878	GM12878	chr14	12	15204	693	15897	79485000	scan	345,360,363,693	15549,15564,15567,15897	0.25756082	348	372	-21	0.091105409	0.0065026893	0.07331451	0.028632253	0.043463212	0.16437931	0.0041868021	0.013076667	0.1357467	0.052930456	0.0075287842	0.10856049	0.0058167712	0.1247473	0.13716483
1	order_4_rank_1	GM12878	GM12878	chr14	12	15204	694	15898	79490000	scan	345,360,363,694	15549,15564,15567,15898	0.25651985	349	373	-20	0.10353947	0.0049760812	0.063016854	0.026659982	0.035074897	0.11324165	0.0050013158	0.011906318	0.06346368	0.034943081	0.0047312053	0.064658798	0.0060582785	0.10947369	0.12665394
1	order_4_rank_1	GM12878	GM12878	chr14	12	15204	695	15899	79495000	scan	345,360,363,695	15549,15564,15567,15899	0.25540563	350	374	-19	0.10096832	0.0031318401	0.11554523	0.023720158	0.041602869	0.083344512	0.0051789158	0.010842087	0.13560249	0.056297954	0.0030001684	0.095455363	0.006912129	0.13813762	0.17765512
1	order_4_rank_1	GM12878	GM12878	chr14	12	15204	696	15900	79500000	scan	345,360,363,696	15549,15564,15567,15900	0.2542651	351	375	-18	0.13880517	0.0021377238	0.11468872	0.035311013	0.03357593	0.091273151	0.0042399964	0.019935776	0.1602037	0.053484712	0.0048415218	0.092625	0.0085753957	0.15462685	0.17505279
1	order_4_rank_1	GM12878	GM12878	chr14	12	15204	697	15901	79505000	scan	345,360,363,697	15549,15564,15567,15901	0.25319698	352	376	-17	0.095773473	0.0028468373	0.081228107	0.036617562	0.042877678	0.10659909	0.012251071	0.023018871	0.11697934	0.049138896	0.0077733072	0.091864102	0.0056400714	0.12977789	0.13293447
1	order_4_rank_1	GM12878	GM12878	chr14	12	15204	698	15902	79510000	scan	345,360,363,698	15549,15564,15567,15902	0.25211519	353	377	-16	0.097345755	0.0053547979	0.15160121	0.033432972	0.063994549	0.070182681	0.011016268	0.0064528976	0.12980974	0.052016929	0.0068136957	0.089531273	0.0068232059	0.18619747	0.18512246
1	order_4_rank_1	GM12878	GM12878	chr14	12	15204	699	15903	79515000	scan	345,360,363,699	15549,15564,15567,15903	0.25095004	354	378	-15	0.1126468	0.0061879279	0.070873685	0.048871111	0.026988657	0.095512807	0.0084911827	0.024976043	0.13562663	0.091039397	0.0098768361	0.1018953	0.006447895	0.10820777	0.22233422
1	order_4_rank_1	GM12878	GM12878	chr14	12	15204	700	15904	79520000	scan	345,360,363,700	15549,15564,15567,15904	0.2499111	355	379	-14	0.097492345	0.0030170367	0.069842666	0.041072108	0.042213827	0.20257539	0.0099469032	0.010659468	0.051684313	0.061572641	0.0053169667	0.10151941	0.0054555228	0.1178043	0.10093888
1	order_4_rank_1	GM12878	GM12878	chr14	12	15204	701	15905	79525000	scan	345,360,363,701	15549,15564,15567,15905	0.24882378	356	380	-13	0.10050887	0.0030584096	0.071306385	0.043409366	0.025523353	0.10412241	0.0098344879	0.013090356	0.12051564	0.045265861	0.0051393653	0.12622347	0.0027488156	0.11688939	0.21728118
1	order_4_rank_1	GM12878	GM12878	chr14	12	15204	702	15906	79530000	scan	345,360,363,702	15549,15564,15567,15906	0.2477563	357	381	-12	0.12583613	0.003175094	0.082626119	0.043255314	0.049354982	0.1168425	0.0148069	0.015994839	0.14228289	0.064015515	0.010925902	0.098031864	0.0066676438	0.14868584	0.25038457
1	order_4_rank_1	GM12878	GM12878	chr14	12	15204	703	15907	79535000	scan	345,360,363,703	15549,15564,15567,15907	0.24666509	358	382	-11	0.09252432	0.0037009143	0.059400585	0.025645461	0.047294907	0.12029441	0.0068184482	0.0089726066	0.11625542	0.02579071	0.009354284	0.045748308	0.0043194923	0.094749659	0.12275906
1	order_4_rank_1	GM12878	GM12878	chr14	12	15204	704	15908	79540000	scan	345,360,363,704	15549,15564,15567,15908	0.24563016	359	383	-10	0.10929251	0.0046218177	0.10201116	0.029544484	0.057243399	0.11329406	0.0068766796	0.011052005	0.20186721	0.042293254	0.0068334304	0.23337528	0.0055888635	0.19752267	0.17083526
1	order_4_rank_1	GM12878	GM12878	chr14	12	15204	705	15909	79545000	scan	345,360,363,705	15549,15564,15567,15909	0.24449278	360	384	-9	0.10138342	0.0053959694	0.14023161	0.025027923	0.048967112	0.15642326	0.0067987624	0.024857569	0.16030386	0.023687011	0.0056319474	0.10219176	0.0057519716	0.12434896	0.12225489
1	order_4_rank_1	GM12878	GM12878	chr14	12	15204	706	15910	79550000	scan	345,360,363,706	15549,15564,15567,15910	0.24343058	361	385	-8	0.13580994	0.0034016678	0.13281131	0.040716443	0.048509974	0.1256327	0.010658021	0.018719569	0.19943918	0.040296081	0.006094323	0.11118965	0.0092093535	0.15350327	0.16129337
1	order_4_rank_1	GM12878	GM12878	chr14	12	15204	707	15911	79555000	scan	345,360,363,707	15549,15564,15567,15911	0.24238507	362	386	-7	0.10095312	0.0040291101	0.083048038	0.02297215	0.03581835	0.098112538	0.0054338584	0.013706035	0.0712144	0.041485008	0.0044021341	0.071360275	0.0082323477	0.15679537	0.10302696
1	order_4_rank_1	GM12878	GM12878	chr14	12	15204	708	15912	79560000	scan	345,360,363,708	15549,15564,15567,15912	0.24134618	363	387	-6	0.12171464	0.002934183	0.10813145	0.02751117	0.048156325	0.094332762	0.0052336566	0.0087362221	0.085649163	0.028597731	0.0043043592	0.080181159	0.0060168258	0.10544825	0.11677994
1	order_4_rank_1	GM12878	GM12878	chr14	12	15204	709	15913	79565000	scan	345,360,363,709	15549,15564,15567,15913	0.24027066	364	388	-5	0.12215151	0.0033616116	0.11354042	0.024274187	0.043495618	0.11877292	0.0095178941	0.011322866	0.098054014	0.056545213	0.0037248384	0.075469509	0.0067294417	0.098644644	0.13696498
1	order_4_rank_1	GM12878	GM12878	chr14	12	15204	710	15914	79570000	scan	345,360,363,710	15549,15564,15567,15914	0.239171	365	389	-4	0.10892875	0.0038251074	0.10713976	0.045718137	0.058005586	0.12233116	0.0098954467	0.010745334	0.14769796	0.060563978	0.0094302259	0.064760119	0.0085839173	0.12899143	0.1538824
1	order_4_rank_1	GM12878	GM12878	chr14	12	15204	711	15915	79575000	scan	345,360,363,711	15549,15564,15567,15915	0.23811701	366	390	-3	0.12768228	0.0034674043	0.10186259	0.038160786	0.041784622	0.085284062	0.0093379263	0.016739778	0.14466456	0.043575052	0.0077449805	0.10102052	0.004523274	0.18251292	0.16322324
1	order_4_rank_1	GM12878	GM12878	chr14	12	15204	712	15916	79580000	scan	345,360,363,712	15549,15564,15567,15916	0.23710939	367	391	-2	0.1245245	0.0048667402	0.088596508	0.030611113	0.058261305	0.11569575	0.0073407944	0.02240389	0.13312662	0.058417302	0.0065062651	0.13055247	0.0052476889	0.21966821	0.18464799
1	order_4_rank_1	GM12878	GM12878	chr14	12	15204	713	15917	79585000	scan	345,360,363,713	15549,15564,15567,15917	0.23605019	368	392	-1	0.1391608	0.0052502998	0.070546515	0.055008844	0.06011181	0.17338061	0.011025155	0.02255344	0.14101921	0.046944123	0.0031437771	0.098620258	0.0080502424	0.1456427	0.35307595
1	order_4_rank_1	GM12878	GM12878	chr14	12	15204	714	15918	79590000	cns	345,360,363,714	15549,15564,15567,15918	0.23498009	369	393	0	0.1376823	0.0019569367	0.037767105	0.025993958	0.020555139	0.17103325	0.0060437517	0.013331207	0.070030175	0.065711312	0.0069371932	0.11343613	0.0077055553	0.12863773	0.072457664
1	order_4_rank_1	GM12878	GM12878	chr14	12	15204	715	15919	79595000	scan	345,360,363,715	15549,15564,15567,15919	0.23396903	370	394	1	0.10735268	0.0038159566	0.069156907	0.027643396	0.025776321	0.11036106	0.0077637592	0.011475545	0.052851841	0.055755179	0.0041048555	0.095392555	0.0061460636	0.16169383	0.12196068
1	order_4_rank_1	GM12878	GM12878	chr14	12	15204	716	15920	79600000	scan	345,360,363,716	15549,15564,15567,15920	0.23291963	371	395	2	0.12282352	0.0047060102	0.061153959	0.043669019	0.041164696	0.11086446	0.010365915	0.024000578	0.10212047	0.063811906	0.0019766809	0.10471432	0.007184857	0.10969405	0.17103338
1	order_4_rank_1	GM12878	GM12878	chr14	12	15204	717	15921	79605000	scan	345,360,363,717	15549,15564,15567,15921	0.23193371	372	396	3	0.15467763	0.002662875	0.080721602	0.041704699	0.04443052	0.11926211	0.0076403329	0.025832983	0.089092501	0.056281056	0.0064022699	0.11404731	0.0059524877	0.1774051	0.13362491
1	order_4_rank_1	GM12878	GM12878	chr14	12	15204	718	15922	79610000	scan	345,360,363,718	15549,15564,15567,15922	0.23085266	373	397	4	0.13192561	0.0012388318	0.1115465	0.03380229	0.042247362	0.15775888	0.007153857	0.008532769	0.11937011	0.038499437	0.0062642898	0.065592244	0.0084730927	0.14556617	0.14190659
1	order_4_rank_1	GM12878	GM12878	chr14	12	15204	719	15923	79615000	scan	345,360,363,719	15549,15564,15567,15923	0.22981626	374	398	5	0.11323263	0.0038741278	0.033126567	0.034598801	0.043823384	0.19800141	0.008258055	0.020946948	0.13873853	0.060187947	0.0050964402	0.04657222	0.00649171	0.12846097	0.10067034
1	order_4_rank_1	GM12878	GM12878	chr14	12	15204	720	15924	79620000	scan	345,360,363,720	15549,15564,15567,15924	0.22884892	375	399	6	0.099742815	0.0011921566	0.058353528	0.034193829	0.043689668	0.15475819	0.012399454	0.0076843738	0.093418024	0.05837588	0.007564167	0.070305549	0.0059962911	0.12693901	0.11558563
1	order_4_rank_1	GM12878	GM12878	chr14	12	15204	721	15925	79625000	scan	345,360,363,721	15549,15564,15567,15925	0.22783802	376	400	7	0.12491695	0.0067537897	0.067243904	0.03527379	0.040507637	0.16161846	0.0052461638	0.016960137	0.068827488	0.061528597	0.0080171069	0.080951452	0.0066429065	0.1502793	0.12268781
1	order_4_rank_1	GM12878	GM12878	chr14	12	15204	722	15926	79630000	scan	345,360,363,722	15549,15564,15567,15926	0.22682816	377	401	8	0.090986207	0.0041519986	0.057654668	0.036822937	0.067430526	0.28117338	0.0099537857	0.0078007649	0.10689253	0.052411612	0.0038205467	0.071059465	0.0076022386	0.14529444	0.19019783
1	order_4_rank_1	GM12878	GM12878	chr14	12	15204	723	15927	79635000	scan	345,360,363,723	15549,15564,15567,15927	0.22579633	378	402	9	0.12089429	0.0047019608	0.076749682	0.03603277	0.042081654	0.18346865	0.0057729133	0.0094821947	0.1248875	0.05489498	0.0099294791	0.077041365	0.0055453558	0.12468307	0.17046708
1	order_4_rank_1	GM12878	GM12878	chr14	12	15204	724	15928	79640000	scan	345,360,363,724	15549,15564,15567,15928	0.22478321	379	403	10	0.060574129	0.0018017417	0.031121455	0.030604852	0.022219734	0.071590237	0.0055739735	0.021342525	0.10110939	0.035726972	0.0032400759	0.061945707	0.0045941202	0.082300797	0.054930862
1	order_4_rank_1	GM12878	GM12878	chr14	12	15204	725	15929	79645000	scan	345,360,363,725	15549,15564,15567,15929	0.22379309	380	404	11	0.091730654	0.0041518332	0.080668285	0.02338526	0.024845878	0.11922541	0.005647385	0.015109872	0.10800782	0.047889028	0.003519743	0.083818316	0.0054846439	0.10868301	0.075816751
1	order_4_rank_1	GM12878	GM12878	chr14	12	15204	726	15930	79650000	scan	345,360,363,726	15549,15564,15567,15930	0.22279179	381	405	12	0.12233572	0.0053759236	0.055863947	0.042093735	0.047811467	0.29325792	0.011581848	0.012453559	0.12596063	0.062937856	0.0055989223	0.087228753	0.0058612679	0.15896994	0.11702622
1	order_4_rank_1	GM12878	GM12878	chr14	12	15204	727	15931	79655000	scan	345,360,363,727	15549,15564,15567,15931	0.22182254	382	406	13	0.10205346	0.004870147	0.076004654	0.048662581	0.031450432	0.1277466	0.010471279	0.021735627	0.093646459	0.06495589	0.009839342	0.15942112	0.0080545628	0.13588484	0.22357051
1	order_4_rank_1	GM12878	GM12878	chr14	12	15204	728	15932	79660000	scan	345,360,363,728	15549,15564,15567,15932	0.22086462	383	407	14	0.1170935	0.005898647	0.085112713	0.058156922	0.067042798	0.23955435	0.0069688167	0.023106139	0.1250708	0.05164247	0.0064435904	0.11291759	0.0059012449	0.15438133	0.23722042
1	order_4_rank_1	GM12878	GM12878	chr14	12	15204	729	15933	79665000	scan	345,360,363,729	15549,15564,15567,15933	0.21988058	384	408	15	0.10148901	0.0030973712	0.11529175	0.031921856	0.034933388	0.11430046	0.0039846026	0.011833476	0.081234656	0.050940052	0.0042317221	0.10912751	0.0071071964	0.15237516	0.16307764
1	order_4_rank_1	GM12878	GM12878	chr14	12	15204	730	15934	79670000	scan	345,360,363,730	15549,15564,15567,15934	0.21892554	385	409	16	0.12382227	0.0015980101	0.10213485	0.03275907	0.045232274	0.12367383	0.0047868951	0.013527228	0.085138768	0.039579183	0.0032954665	0.081797332	0.0087774219	0.1390349	0.15844224
1	order_4_rank_1	GM12878	GM12878	chr14	12	15204	731	15935	79675000	scan	345,360,363,731	15549,15564,15567,15935	0.2179689	386	410	17	0.10745048	0.0037745843	0.11666517	0.03510889	0.050161783	0.096721478	0.010702355	0.023106953	0.091067106	0.063350886	0.0026935532	0.063980512	0.0066812062	0.1663405	0.13146269
1	order_4_rank_1	GM12878	GM12878	chr14	12	15204	732	15936	79680000	scan	345,360,363,732	15549,15564,15567,15936	0.21698894	387	411	18	0.095557466	0.0034102784	0.14794067	0.035770331	0.052397169	0.094212294	0.0093231797	0.020438729	0.11656205	0.039953262	0.0064933128	0.093381487	0.0070653423	0.13976914	0.19631658
1	order_4_rank_1	GM12878	GM12878	chr14	12	15204	733	15937	79685000	scan	345,360,363,733	15549,15564,15567,15937	0.21604337	388	412	19	0.12412398	0.00203234	0.14376403	0.036493309	0.04861445	0.10612002	0.007404279	0.027341576	0.17585066	0.0670131	0.0045653107	0.11223409	0.0058744238	0.12558167	0.13883127
1	order_4_rank_1	GM12878	GM12878	chr14	12	15204	734	15938	79690000	scan	345,360,363,734	15549,15564,15567,15938	0.21502943	389	413	20	0.098358423	0.0045304899	0.128801	0.02938327	0.037010998	0.11363918	0.0092185689	0.021553865	0.13712198	0.072442427	0.0060093133	0.096424848	0.0067008263	0.16850415	0.11166981
1	order_4_rank_1	GM12878	GM12878	chr14	12	15204	735	15939	79695000	scan	345,360,363,735	15549,15564,15567,15939	0.21410382	390	414	21	0.13378432	0.0039511072	0.13200398	0.029132398	0.031858001	0.14652561	0.0067578601	0.012753482	0.11814982	0.075593807	0.0057798633	0.097490065	0.0043519051	0.13310094	0.098199956
1	order_4_rank_1	GM12878	GM12878	chr14	12	15204	736	15940	79700000	scan	345,360,363,736	15549,15564,15567,15940	0.21313898	391	415	22	0.14013325	0.0052861557	0.11022481	0.067164302	0.065875702	0.12476256	0.0081386268	0.037082221	0.15911993	0.038724128	0.0051801028	0.12077466	0.007944935	0.13968195	0.15765114
1	order_4_rank_1	GM12878	GM12878	chr14	12	15204	737	15941	79705000	scan	345,360,363,737	15549,15564,15567,15941	0.21216428	392	416	23	0.1275647	0.0049219388	0.1135184	0.042054735	0.047694001	0.091118172	0.0075332751	0.018391931	0.22361648	0.059006434	0.0032751299	0.12026808	0.0043390603	0.094521187	0.19328365
1	order_4_rank_1	GM12878	GM12878	chr14	12	15204	738	15942	79710000	scan	345,360,363,738	15549,15564,15567,15942	0.21121806	393	417	24	0.10933839	0.0018726503	0.078300029	0.027503332	0.031552888	0.080451064	0.0090788072	0.014131341	0.15421446	0.052513152	0.0059332498	0.082482405	0.0037445053	0.12036455	0.18393242
1	order_4_rank_1	GM12878	GM12878	chr14	12	15204	739	15943	79715000	scan	345,360,363,739	15549,15564,15567,15943	0.21027027	394	418	25	0.13084459	0.0046663084	0.088490002	0.043772824	0.042248782	0.12212659	0.012028642	0.022814985	0.20416917	0.053731997	0.0095071653	0.1025278	0.0057358425	0.208933	0.17122155
1	order_4_rank_1	GM12878	GM12878	chr14	12	15204	740	15944	79720000	scan	345,360,363,740	15549,15564,15567,15944	0.20930876	395	419	26	0.097781323	0.0031194652	0.07916861	0.041951451	0.027784003	0.16906558	0.013691509	0.02519197	0.12075911	0.084782027	0.0056701368	0.14475314	0.0044841231	0.18066959	0.15591785
1	order_4_rank_1	GM12878	GM12878	chr14	12	15204	741	15945	79725000	scan	345,360,363,741	15549,15564,15567,15945	0.2084074	396	420	27	0.10262295	0.0053062472	0.13412297	0.070506521	0.04914831	0.1258906	0.01068281	0.028545355	0.097157337	0.069273077	0.0073099504	0.11402459	0.0061679403	0.11303321	0.27724704
1	order_4_rank_1	GM12878	GM12878	chr14	12	15204	742	15946	79730000	scan	345,360,363,742	15549,15564,15567,15946	0.20742568	397	421	28	0.12084275	0.0065329513	0.074256398	0.06374108	0.026682179	0.13577309	0.011511745	0.034475453	0.097755343	0.052341044	0.0052724895	0.09408278	0.0061597698	0.14417402	0.19931735
1	order_4_rank_1	GM12878	GM12878	chr14	12	15204	743	15947	79735000	scan	345,360,363,743	15549,15564,15567,15947	0.20650399	398	422	29	0.093143061	0.0024912376	0.065006509	0.02791661	0.027696377	0.28972667	0.0049803723	0.0063247294	0.11788755	0.034644339	0.0082189003	0.079759538	0.0069819842	0.10868978	0.11882843
1	order_4_rank_1	GM12878	GM12878	chr14	12	15204	744	15948	79740000	scan	345,360,363,744	15549,15564,15567,15948	0.20557456	399	423	30	0.10716706	0.0050923573	0.090334006	0.045516565	0.039109636	0.14668983	0.0097257122	0.021969292	0.14721273	0.031352945	0.0063486374	0.065239161	0.0068059014	0.15061842	0.11355627
1	order_4_rank_1	GM12878	GM12878	chr14	12	15204	745	15949	79745000	scan	345,360,363,745	15549,15564,15567,15949	0.20467348	400	424	31	0.12305751	0.0020133485	0.10955342	0.035956375	0.039986107	0.13888273	0.01211471	0.0081985258	0.25720963	0.045794774	0.0025978889	0.075115912	0.0070858612	0.14305584	0.13901834
1	order_4_rank_1	GM12878	GM12878	chr14	12	15204	746	15950	79750000	scan	345,360,363,746	15549,15564,15567,15950	0.20385256	401	425	32	0.065049037	0.003925168	0.023171976	0.014712251	0.022409311	0.074161045	0.0035453551	0.004710068	0.047673009	0.010567408	0.0015106568	0.036002912	0.0029505286	0.062355343	0.058971923
1	order_4_rank_1	GM12878	GM12878	chr14	12	15204	747	15951	79755000	scan	345,360,363,747	15549,15564,15567,15951	0.20293252	402	426	33	0.13636312	0.0046702647	0.095966063	0.032393996	0.067414872	0.17036115	0.0070780632	0.010979006	0.13743414	0.037939038	0.0054531842	0.10856872	0.0057997629	0.12039459	0.15596423
1	order_4_rank_1	GM12878	GM12878	chr14	12	15204	748	15952	79760000	scan	345,360,363,748	15549,15564,15567,15952	0.20194434	403	427	34	0.12005521	0.002423431	0.054597974	0.033021778	0.028748957	0.11931384	0.0016910409	0.0050116167	0.13927045	0.021518037	0.0057522394	0.080608636	0.0072175818	0.13554227	0.10576187
1	order_4_rank_1	GM12878	GM12878	chr14	12	15204	749	15953	79765000	scan	345,360,363,749	15549,15564,15567,15953	0.20105939	404	428	35	0.078131489	0.0027322487	0.046839729	0.020079263	0.026303282	0.12927875	0.0041314466	0.016514795	0.095290661	0.028225834	0.00312195	0.08360368	0.0025408859	0.1001038	0.062383261
1	order_4_rank_1	GM12878	GM12878	chr14	12	15204	750	15954	79770000	scan	345,360,363,750	15549,15564,15567,15954	0.20026991	405	429	36	0.04110178	0.0020983906	0.0088669602	0.0084774913	0.014059268	0.050370779	0.0027185981	0.0090095038	0.033587676	0.016930521	0.0024610083	0.042775251	0.0018408304	0.063734375	0.067126967
1	order_4_rank_1	GM12878	GM12878	chr14	12	15204	751	15955	79775000	scan	345,360,363,751	15549,15564,15567,15955	0.19926973	406	430	37	0.10543041	0.0045087119	0.057048909	0.030207947	0.043624803	0.14717084	0.011924719	0.017098142	0.13574129	0.0522075	0.0050224974	0.073821314	0.0050894744	0.13897105	0.17566195
1	order_4_rank_1	GM12878	GM12878	chr14	12	15204	752	15956	79780000	scan	345,360,363,752	15549,15564,15567,15956	0.19840208	407	431	38	0.11593187	0.0060575628	0.085339464	0.032830857	0.034999687	0.13277565	0.012734031	0.013187815	0.14655931	0.040969256	0.0078835944	0.12050164	0.0052758339	0.16731952	0.22392212
1	order_4_rank_1	GM12878	GM12878	chr14	12	15204	753	15957	79785000	scan	345,360,363,753	15549,15564,15567,15957	0.1974774	408	432	39	0.10504708	0.0037226619	0.10993946	0.036307529	0.035980869	0.20882207	0.011762948	0.022184711	0.16980845	0.045385722	0.006183113	0.10470553	0.0055443943	0.11317293	0.11845953
1	order_4_rank_1	GM12878	GM12878	chr14	12	15204	754	15958	79790000	scan	345,360,363,754	15549,15564,15567,15958	0.19661428	409	433	40	0.10589465	0.004809686	0.12757121	0.039727174	0.038178504	0.16474506	0.0069677965	0.011748091	0.1384156	0.066327214	0.005043142	0.064335257	0.008488955	0.15488216	0.21694979
1	order_4_rank_1	GM12878	GM12878	chr14	12	15204	755	15959	79795000	scan	345,360,363,755	15549,15564,15567,15959	0.19584118	410	434	41	0.12451363	0.0021582046	0.1236102	0.030602943	0.064748064	0.085722461	0.010254207	0.016420817	0.10064783	0.054845739	0.0076223379	0.11431015	0.0072065494	0.099290729	0.13509127
1	order_4_rank_1	GM12878	GM12878	chr14	12	15204	756	15960	79800000	scan	345,360,363,756	15549,15564,15567,15960	0.19486387	411	435	42	0.11112785	0.0060649142	0.084302522	0.037216321	0.049387459	0.17003852	0.007601127	0.024313226	0.133192	0.053609919	0.0061096498	0.099278226	0.0066928458	0.18159136	0.17120016
1	order_4_rank_1	GM12878	GM12878	chr14	12	15204	757	15961	79805000	scan	345,360,363,757	15549,15564,15567,15961	0.19401401	412	436	43	0.10810308	0.0021113739	0.074649341	0.022797726	0.030473065	0.10420702	0.0078463871	0.023429412	0.09065862	0.063012488	0.0033674757	0.11044111	0.0049669268	0.16858286	0.11829904
1	order_4_rank_1	GM12878	GM12878	chr14	12	15204	758	15962	79810000	scan	345,360,363,758	15549,15564,15567,15962	0.19321805	413	437	44	0.127416	0.0029719954	0.061584331	0.044724848	0.026415056	0.082416929	0.010710056	0.015103029	0.080854304	0.062631652	0.0060752919	0.16217338	0.0039657014	0.12293675	0.16739208
1	order_4_rank_1	GM12878	GM12878	chr14	12	15204	759	15963	79815000	scan	345,360,363,759	15549,15564,15567,15963	0.19227546	414	438	45	0.11391459	0.0020913063	0.085061982	0.03448277	0.035070188	0.11128997	0.0054839361	0.0084194392	0.14999665	0.06540937	0.0047022467	0.080507115	0.0062162308	0.13794166	0.17642812
1	order_4_rank_1	GM12878	GM12878	chr14	12	15204	760	15964	79820000	scan	345,360,363,760	15549,15564,15567,15964	0.19147712	415	439	46	0.11636774	0.0034556419	0.1327368	0.035758179	0.047926258	0.094248064	0.013054889	0.012446898	0.082041927	0.049407482	0.0043597566	0.092301771	0.0066909837	0.11836337	0.14176738
1	order_4_rank_1	GM12878	GM12878	chr14	12	15204	761	15965	79825000	scan	345,360,363,761	15549,15564,15567,15965	0.19060253	416	440	47	0.12852462	0.002552747	0.074970879	0.031850953	0.037594583	0.12638727	0.0045065866	0.014049207	0.088413887	0.049502734	0.0066747498	0.11206059	0.0045193722	0.12814572	0.16598083
1	order_4_rank_1	GM12878	GM12878	chr14	12	15204	762	15966	79830000	scan	345,360,363,762	15549,15564,15567,15966	0.18974803	417	441	48	0.10482041	0.0048136595	0.079309098	0.025501328	0.032344248	0.083452553	0.0060955002	0.0091905277	0.13390124	0.047919802	0.0030562384	0.12122581	0.0063478937	0.13572922	0.14472614
1	order_4_rank_1	GM12878	GM12878	chr14	12	15204	763	15967	79835000	scan	345,360,363,763	15549,15564,15567,15967	0.18882143	418	442	49	0.10175438	0.0038665128	0.09119463	0.036526363	0.030582625	0.11750614	0.0065783435	0.0083467932	0.14641415	0.060602836	0.011065391	0.078972653	0.0085346643	0.11594936	0.19753826
1	order_4_rank_1	GM12878	GM12878	chr14	12	15204	764	15968	79840000	scan	345,360,363,764	15549,15564,15567,15968	0.18799618	419	443	50	0.10666549	0.0062134038	0.10222144	0.054958638	0.041661777	0.13091242	0.0091926204	0.018249126	0.10888053	0.081036448	0.0072042458	0.088188268	0.0079415115	0.10097178	0.14197683
1	order_4_rank_1	GM12878	GM12878	chr14	12	15204	765	15969	79845000	scan	345,360,363,765	15549,15564,15567,15969	0.18710932	420	444	51	0.11238573	0.004544944	0.1210587	0.040703945	0.023024293	0.13672988	0.0089725023	0.012839546	0.14978352	0.048529919	0.0047213971	0.086967647	0.0046313698	0.12712476	0.10198608
1	order_4_rank_1	GM12878	GM12878	chr14	12	15204	766	15970	79850000	scan	345,360,363,766	15549,15564,15567,15970	0.18628645	421	445	52	0.12220153	0.002119631	0.13152011	0.029276257	0.022933781	0.13936004	0.0111844	0.016812772	0.13925679	0.046897706	0.0074549001	0.10891107	0.0078733237	0.12963778	0.13480023
1	order_4_rank_1	GM12878	GM12878	chr14	12	15204	767	15971	79855000	scan	345,360,363,767	15549,15564,15567,15971	0.18547083	422	446	53	0.12690198	0.0038332222	0.1077773	0.03100509	0.02472938	0.12401614	0.0092077181	0.02275816	0.13145199	0.054264084	0.0038709713	0.09444797	0.0064930511	0.14586259	0.14022939
1	order_4_rank_1	GM12878	GM12878	chr14	12	15204	768	15972	79860000	scan	345,360,363,768	15549,15564,15567,15972	0.18466809	423	447	54	0.1306704	0.0051330929	0.067428485	0.043116853	0.029903583	0.12437996	0.010255543	0.011953641	0.15053813	0.044879951	0.003286035	0.1643559	0.0076869815	0.15229641	0.15968664
1	order_4_rank_1	GM12878	GM12878	chr14	12	15204	769	15973	79865000	scan	345,360,363,769	15549,15564,15567,15973	0.18391281	424	448	55	0.1181365	0.0029032058	0.072108552	0.027358782	0.038993925	0.089482635	0.0061542788	0.014559763	0.08121822	0.050226394	0.0052664238	0.10117865	0.005627498	0.11352562	0.14101018
1	order_4_rank_1	GM12878	GM12878	chr14	12	15204	770	15974	79870000	scan	345,360,363,770	15549,15564,15567,15974	0.1829915	425	449	56	0.11570696	0.0042684712	0.068877853	0.037939206	0.030942865	0.13354598	0.0092494283	0.025145553	0.12123661	0.048077784	0.0014652815	0.067528218	0.0059280992	0.14901972	0.20527907
1	order_4_rank_1	GM12878	GM12878	chr14	12	15204	771	15975	79875000	scan	345,360,363,771	15549,15564,15567,15975	0.18221897	426	450	57	0.12083638	0.0028549086	0.11737815	0.026754189	0.060736131	0.11480494	0.0086562345	0.0047625871	0.141334	0.04335513	0.0023628704	0.083839394	0.0058593182	0.1378691	0.14670409
1	order_4_rank_1	GM12878	GM12878	chr14	12	15204	772	15976	79880000	scan	345,360,363,772	15549,15564,15567,15976	0.18137525	427	451	58	0.14239331	0.0026108094	0.1152522	0.03521065	0.040295336	0.086281814	0.0074963924	0.0084948707	0.14313997	0.062360872	0.0063698911	0.062117625	0.0097690746	0.19921273	0.17565627
1	order_4_rank_1	GM12878	GM12878	chr14	12	15204	773	15977	79885000	scan	345,360,363,773	15549,15564,15567,15977	0.18057992	428	452	59	0.14131357	0.0026112478	0.071995571	0.035799503	0.024510494	0.079033352	0.0096744262	0.010159362	0.1048223	0.070791692	0.0061032614	0.076689228	0.0067887087	0.151574	0.10252869
1	order_4_rank_1	GM12878	GM12878	chr14	12	15204	774	15978	79890000	scan	345,360,363,774	15549,15564,15567,15978	0.17972091	429	453	60	0.11226352	0.0046191099	0.078574039	0.039724052	0.027847834	0.10520937	0.01013507	0.0081224693	0.15054861	0.036847826	0.0029595892	0.07288637	0.0070608645	0.12339867	0.14919789
1	order_4_rank_1	GM12878	GM12878	chr14	12	15204	775	15979	79895000	scan	345,360,363,775	15549,15564,15567,15979	0.17897506	430	454	61	0.10508596	0.0013552428	0.095656216	0.029218199	0.060770057	0.10516222	0.011596012	0.019126594	0.11424863	0.062410399	0.0047118627	0.074954525	0.0071884547	0.13236578	0.1774188
1	order_4_rank_1	GM12878	GM12878	chr14	12	15204	776	15980	79900000	scan	345,360,363,776	15549,15564,15567,15980	0.17813131	431	455	62	0.10172244	0.0051858565	0.10131253	0.029232964	0.035783928	0.11522643	0.006515359	0.0090424493	0.13043903	0.034684014	0.003834208	0.096273914	0.007000898	0.11272503	0.14974949
1	order_4_rank_1	GM12878	GM12878	chr14	12	15204	777	15981	79905000	scan	345,360,363,777	15549,15564,15567,15981	0.1773648	432	456	63	0.091229409	0.0034342916	0.063009463	0.021467024	0.028957387	0.08385922	0.0075244545	0.010098819	0.10317682	0.04844451	0.0037736185	0.074762352	0.0039528711	0.14802793	0.092509627
1	order_4_rank_1	GM12878	GM12878	chr14	12	15204	778	15982	79910000	scan	345,360,363,778	15549,15564,15567,15982	0.1765656	433	457	64	0.12442481	0.0053782458	0.068351716	0.032020513	0.037680306	0.1244238	0.0072135516	0.016848018	0.10622729	0.043156881	0.0062620412	0.11328226	0.0059543392	0.14640659	0.11030568
1	order_4_rank_1	GM12878	GM12878	chr14	12	15204	779	15983	79915000	scan	345,360,363,779	15549,15564,15567,15983	0.17576592	434	458	65	0.11106863	0.0021450303	0.13100033	0.022468779	0.051581755	0.12716922	0.0099128075	0.015493912	0.09013278	0.046187531	0.0032636987	0.094063945	0.0046680379	0.14890386	0.1195014
1	order_4_rank_1	GM12878	GM12878	chr14	12	15204	780	15984	79920000	scan	345,360,363,780	15549,15564,15567,15984	0.17495671	435	459	66	0.13182408	0.0024186894	0.088142656	0.033880826	0.036772728	0.13486549	0.010838126	0.013284696	0.071124054	0.036281127	0.0098207751	0.14819594	0.0064765126	0.14026392	0.11181901
1	order_4_rank_1	GM12878	GM12878	chr14	12	15204	781	15985	79925000	scan	345,360,363,781	15549,15564,15567,15985	0.1742004	436	460	67	0.11110214	0.003748571	0.1188608	0.036166791	0.065310232	0.1575954	0.0099731851	0.013913954	0.062613964	0.029702935	0.0042868825	0.091146387	0.0055234334	0.14347163	0.10329908
1	order_4_rank_1	GM12878	GM12878	chr14	12	15204	782	15986	79930000	scan	345,360,363,782	15549,15564,15567,15986	0.17336094	437	461	68	0.1039264	0.0032764494	0.086371996	0.023898102	0.030098194	0.12323898	0.010373216	0.0098145315	0.12534437	0.031842966	0.0050698104	0.097377852	0.0062383073	0.095450692	0.070422269
1	order_4_rank_1	GM12878	GM12878	chr14	12	15204	783	15987	79935000	scan	345,360,363,783	15549,15564,15567,15987	0.17259635	438	462	69	0.075014643	0.003009842	0.088048048	0.019212855	0.037336417	0.066715159	0.007550532	0.0072736065	0.079855688	0.012251311	0.0048243427	0.068321802	0.0031265204	0.11059911	0.093188368
1	order_4_rank_1	GM12878	GM12878	chr14	12	15204	784	15988	79940000	scan	345,360,363,784	15549,15564,15567,15988	0.17175046	439	463	70	0.1034133	0.0021311655	0.061096732	0.021406023	0.033268478	0.14671183	0.010631322	0.018479278	0.1652213	0.057746686	0.0052432665	0.099312574	0.0068254792	0.10981183	0.089733616
1	order_4_rank_1	GM12878	GM12878	chr14	12	15204	785	15989	79945000	scan	345,360,363,785	15549,15564,15567,15989	0.17099038	440	464	71	0.10479521	0.0071347118	0.06530939	0.027568914	0.03760631	0.12944864	0.0073311199	0.018275408	0.14943893	0.05148726	0.0049739811	0.081674531	0.0067191222	0.13565068	0.12074151
1	order_4_rank_1	GM12878	GM12878	chr14	12	15204	786	15990	79950000	scan	345,360,363,786	15549,15564,15567,15990	0.17024817	441	465	72	0.12221749	0.0047689267	0.068933606	0.035689604	0.041447915	0.17457221	0.0097023491	0.00448209	0.13807447	0.052636269	0.005123606	0.075038575	0.0058032479	0.1739718	0.10015123
1	order_4_rank_1	GM12878	GM12878	chr14	12	15204	787	15991	79955000	scan	345,360,363,787	15549,15564,15567,15991	0.16951768	442	466	73	0.13838996	0.0029453165	0.066338748	0.015767245	0.027044814	0.1289483	0.0055793445	0.010227108	0.081876367	0.021099813	0.0026762406	0.051167108	0.0038630548	0.081912532	0.075049125
1	order_4_rank_1	GM12878	GM12878	chr14	12	15204	788	15992	79960000	scan	345,360,363,788	15549,15564,15567,15992	0.1687118	443	467	74	0.12186905	0.0027773399	0.092035279	0.037096597	0.047733508	0.11631712	0.0093305511	0.021572035	0.12940784	0.051618379	0.0062059858	0.090790704	0.0096024396	0.12017102	0.1108733
1	order_4_rank_1	GM12878	GM12878	chr14	12	15204	789	15993	79965000	scan	345,360,363,789	15549,15564,15567,15993	0.16792753	444	468	75	0.12523997	0.0037674925	0.057266813	0.047406528	0.029354511	0.10983853	0.0077570039	0.0024659133	0.13568985	0.062319711	0.0030020832	0.072472349	0.0029411679	0.13653129	0.13835661
1	order_4_rank_1	GM12878	GM12878	chr14	12	15204	790	15994	79970000	scan	345,360,363,790	15549,15564,15567,15994	0.1672045	445	469	76	0.11027543	0.0022244882	0.062500283	0.020031659	0.033446848	0.11388269	0.0080998642	0.020795304	0.14464881	0.051749669	0.0073447106	0.089045458	0.0050567356	0.19453174	0.12774682
1	order_4_rank_1	GM12878	GM12878	chr14	12	15204	791	15995	79975000	scan	345,360,363,791	15549,15564,15567,15995	0.16645055	446	470	77	0.089085206	0.00088451942	0.074407794	0.030588523	0.044694327	0.15097119	0.0076427949	0.020848928	0.11030554	0.021839382	0.0017288127	0.066733696	0.0056533702	0.16747898	0.097706251
1	order_4_rank_1	GM12878	GM12878	chr14	12	15204	792	15996	79980000	scan	345,360,363,792	15549,15564,15567,15996	0.16566636	447	471	78	0.10982186	0.001394688	0.083195634	0.036990948	0.02460064	0.13172603	0.0052944431	0.012264803	0.12942699	0.054739028	0.0074620205	0.071619011	0.0061265584	0.14563219	0.11786748
1	order_4_rank_1	GM12878	GM12878	chr14	12	15204	793	15997	79985000	scan	345,360,363,793	15549,15564,15567,15997	0.1649687	448	472	79	0.096382052	0.0048300908	0.055344924	0.029246513	0.029361626	0.085098341	0.0048312913	0.0099743502	0.079072475	0.036942881	0.0051441197	0.067992888	0.0057407254	0.16092037	0.11936723
1	order_4_rank_1	GM12878	GM12878	chr14	12	15204	794	15998	79990000	scan	345,360,363,794	15549,15564,15567,15998	0.16424707	449	473	80	0.10859521	0.0028388037	0.099392623	0.018424157	0.044004723	0.063487023	0.010372956	0.012075301	0.13612521	0.043351095	0.0044108825	0.10229731	0.0055890731	0.17352405	0.14547421
1	order_4_rank_1	GM12878	GM12878	chr14	12	15204	795	15999	79995000	scan	345,360,363,795	15549,15564,15567,15999	0.16351019	450	474	81	0.10095758	0.0037133142	0.070036747	0.021881333	0.039086867	0.095285147	0.012014225	0.0043950593	0.11377584	0.056506254	0.0020634297	0.1190946	0.0040427353	0.10019816	0.13370596
1	order_4_rank_1	GM12878	GM12878	chr14	12	15204	796	16000	80000000	scan	345,360,363,796	15549,15564,15567,16000	0.16277741	451	475	82	0.10157838	0.005843434	0.075296849	0.02786064	0.034177389	0.091331892	0.0069783921	0.016483558	0.098763339	0.03483231	0.003771621	0.14155637	0.0064568752	0.1243829	0.13240871
1	order_4_rank_1	GM12878	GM12878	chr14	12	15204	797	16001	80005000	scan	345,360,363,797	15549,15564,15567,16001	0.16206247	452	476	83	0.12842475	0.0046255663	0.056954384	0.037431113	0.027595459	0.083846673	0.0085895285	0.011177138	0.085615136	0.057948511	0.0044911513	0.14896069	0.0068963692	0.13176583	0.1204199
1	order_4_rank_1	GM12878	GM12878	chr14	12	15204	798	16002	80010000	scan	345,360,363,798	15549,15564,15567,16002	0.16130227	453	477	84	0.10334376	0.0039966358	0.059553187	0.021840628	0.029903697	0.0924161	0.0057973075	0.0096854679	0.097604655	0.021900889	0.0031230743	0.065531507	0.0056672376	0.068537943	0.077636145
1	order_4_rank_1	GM12878	GM12878	chr14	12	15204	799	16003	80015000	scan	345,360,363,799	15549,15564,15567,16003	0.16053031	454	478	85	0.097017065	0.0019634997	0.088359036	0.026835678	0.025601076	0.091863327	0.0052744122	0.014292426	0.11695439	0.040895898	0.0018425896	0.083831392	0.0064841737	0.13116646	0.10474227
1	order_4_rank_1	GM12878	GM12878	chr14	12	15204	800	16004	80020000	scan	345,360,363,800	15549,15564,15567,16004	0.15991314	455	479	86	0.16267599	0.0040681185	0.063337058	0.028437203	0.039770123	0.087645605	0.0077286689	0.010829763	0.092163756	0.026008517	0.003827946	0.10127637	0.0038140139	0.11139789	0.10806289
1	order_4_rank_1	GM12878	GM12878	chr14	12	15204	801	16005	80025000	scan	345,360,363,801	15549,15564,15567,16005	0.15911451	456	480	87	0.073642537	0.0037315618	0.037934814	0.023161193	0.030820347	0.098416075	0.008640077	0.0092038792	0.0556315	0.027449198	0.0022702815	0.092148282	0.0030894889	0.090684935	0.077688374
1	order_4_rank_1	GM12878	GM12878	chr14	12	15204	802	16006	80030000	scan	345,360,363,802	15549,15564,15567,16006	0.15850833	457	481	88	0.039739482	0.0007243522	0.010317721	0.0084448885	0.015007673	0.049379881	0.0024732945	0.0024095334	0.010123841	0.014291516	0.00020827845	0.018278159	0.0013397112	0.033605985	0.032474969
1	order_4_rank_1	GM12878	GM12878	chr14	12	15204	803	16007	80035000	scan	345,360,363,803	15549,15564,15567,16007	0.15771261	458	482	89	0.10133891	0.0015392102	0.024203056	0.021087265	0.032761361	0.10365011	0.0074620964	0.013555664	0.068778485	0.026880207	0.0042613219	0.13803321	0.0043548876	0.10743825	0.091025464
1	order_4_rank_1	GM12878	GM12878	chr14	12	15204	804	16008	80040000	scan	345,360,363,804	15549,15564,15567,16008	0.1570186	459	483	90	0.094799154	0.0053176298	0.028324496	0.015896393	0.020798719	0.077017456	0.0051678629	0.010439473	0.041382808	0.010091519	0.00054571696	0.030612189	0.0013164338	0.054861024	0.011550906
1	order_4_rank_1	GM12878	GM12878	chr14	12	15204	805	16009	80045000	scan	345,360,363,805	15549,15564,15567,16009	0.15622035	460	484	91	0.081466295	0.0068438938	0.065893337	0.030771095	0.02833898	0.12524357	0.0037362427	0.0041003255	0.097795188	0.062815361	0.0062575168	0.098115683	0.0044199862	0.1485713	0.14139666
1	order_4_rank_1	GM12878	GM12878	chr14	12	15204	806	16010	80050000	scan	345,360,363,806	15549,15564,15567,16010	0.15552743	461	485	92	0.094117172	0.0039341887	0.073035553	0.019682216	0.022334555	0.099888332	0.0068719718	0.017722245	0.11509668	0.037732471	0.0052027502	0.091803737	0.0027682767	0.079318456	0.091302477
1	order_4_rank_1	GM12878	GM12878	chr14	12	15204	807	16011	80055000	scan	345,360,363,807	15549,15564,15567,16011	0.15482026	462	486	93	0.10866619	0.0011295935	0.071508035	0.030471435	0.023279918	0.077034272	0.0070139323	0.0155693	0.19847617	0.087150343	0.0059879771	0.22170396	0.0061412556	0.30645195	0.23860215
1	order_4_rank_1	GM12878	GM12878	chr14	12	15204	808	16012	80060000	scan	345,360,363,808	15549,15564,15567,16012	0.1541525	463	487	94	0.095112085	0.0018616973	0.084666625	0.029170897	0.044948727	0.082859285	0.0052884114	0.0081696101	0.083675601	0.037652817	0.0028426584	0.048777618	0.0037529878	0.12200888	0.11222616
1	order_4_rank_1	GM12878	GM12878	chr14	12	15204	809	16013	80065000	scan	345,360,363,809	15549,15564,15567,16013	0.15340173	464	488	95	0.10460018	0.0022021923	0.046492267	0.034684572	0.032054611	0.10879454	0.0068706004	0.010010397	0.1141777	0.032307308	0.0052265595	0.095930241	0.0065061417	0.12402942	0.15515085
1	order_4_rank_1	GM12878	GM12878	chr14	12	15204	810	16014	80070000	scan	345,360,363,810	15549,15564,15567,16014	0.15276083	465	489	96	0.12577662	0.0028052372	0.066212021	0.022658098	0.039264753	0.11844803	0.0022705873	0.0040555126	0.080163933	0.033791404	0.0035253286	0.093035832	0.0064916532	0.1354076	0.12410209
1	order_4_rank_1	GM12878	GM12878	chr14	12	15204	811	16015	80075000	scan	345,360,363,811	15549,15564,15567,16015	0.15203874	466	490	97	0.10630392	0.0041038357	0.053520344	0.019388942	0.037998535	0.11985708	0.0073712245	0.016443213	0.080513731	0.051146626	0.0050686188	0.12411946	0.0066224555	0.14749734	0.10505193
1	order_4_rank_1	GM12878	GM12878	chr14	12	15204	812	16016	80080000	scan	345,360,363,812	15549,15564,15567,16016	0.15130875	467	491	98	0.12066498	0.0022080939	0.10475773	0.033768833	0.035998341	0.13620986	0.0070724674	0.016745899	0.12012016	0.053745341	0.0058584786	0.093036808	0.0064714695	0.12336324	0.14951387
1	order_4_rank_1	GM12878	GM12878	chr14	12	15204	813	16017	80085000	scan	345,360,363,813	15549,15564,15567,16017	0.15061097	468	492	99	0.098153591	0.002945764	0.066480421	0.023901489	0.027511537	0.12577416	0.0078205336	0.016185619	0.15297931	0.037953198	0.0040369653	0.062400945	0.0080615589	0.097254828	0.077562064
1	order_4_rank_1	GM12878	GM12878	chr14	12	15204	814	16018	80090000	scan	345,360,363,814	15549,15564,15567,16018	0.15008925	469	493	100	0.019804589	0.0001295675	0.0028293184	0.0047594714	0.0068455702	0.030605072	0	0	0.032250978	0.00057130901	0.0020832387	0.016993204	0.0009894612	0.026371861	0.013332359
1	order_4_rank_1	GM12878	GM12878	chr14	12	15204	815	16019	80095000	scan	345,360,363,815	15549,15564,15567,16019	0.14931114	470	494	101	0.102926	0.0015162143	0.049598411	0.018658768	0.054860424	0.10123166	0.0094766794	0.0120074	0.1062969	0.037247106	0.0042945216	0.071385659	0.0056993538	0.11273817	0.16006683
1	order_4_rank_1	GM12878	GM12878	chr14	12	15204	816	16020	80100000	scan	345,360,363,816	15549,15564,15567,16020	0.14859286	471	495	102	0.076823816	0.0027208952	0.10838239	0.018487016	0.040109772	0.064724647	0.0094822906	0.012856863	0.12872566	0.034373838	0.0038337503	0.1078463	0.0034388644	0.15591133	0.1751343
1	order_4_rank_1	GM12878	GM12878	chr14	12	15204	817	16021	80105000	scan	345,360,363,817	15549,15564,15567,16021	0.1478925	472	496	103	0.14017777	0.0042135702	0.093685232	0.038354389	0.027059577	0.084170036	0.0075599519	0.015099045	0.12021832	0.036805533	0.0056335884	0.084021404	0.0051280134	0.1649718	0.16973795
1	order_4_rank_1	GM12878	GM12878	chr14	12	15204	818	16022	80110000	scan	345,360,363,818	15549,15564,15567,16022	0.14724216	473	497	104	0.12920687	0.0032145397	0.067698747	0.024795033	0.039664026	0.090885602	0.0088242395	0.0081533734	0.14605579	0.070789762	0.0036283664	0.082814828	0.0052578128	0.13706838	0.10852867
1	order_4_rank_1	GM12878	GM12878	chr14	12	15204	819	16023	80115000	scan	345,360,363,819	15549,15564,15567,16023	0.14657113	474	498	105	0.11085626	0.0041094916	0.06935896	0.022556061	0.030147612	0.079956502	0.01095411	0.014580623	0.14420287	0.025159163	0.0038952569	0.1142736	0.0086881537	0.1392075	0.11676146
1	order_4_rank_1	GM12878	GM12878	chr14	12	15204	820	16024	80120000	scan	345,360,363,820	15549,15564,15567,16024	0.14587879	475	499	106	0.095314473	0.0044251401	0.13929321	0.026564842	0.060163755	0.18133172	0.0098596811	0.013175583	0.20985141	0.03017024	0.0053388081	0.081561059	0.0066183945	0.15969315	0.11392131
1	order_4_rank_1	GM12878	GM12878	chr14	12	15204	821	16025	80125000	scan	345,360,363,821	15549,15564,15567,16025	0.14518124	476	500	107	0.10767209	0.0021838348	0.093311295	0.030659091	0.031537428	0.11511473	0.011350087	0.016161676	0.11161845	0.044808786	0.0033472644	0.1033399	0.0047865268	0.11011238	0.11005186
1	order_4_rank_1	GM12878	GM12878	chr14	12	15204	822	16026	80130000	scan	345,360,363,822	15549,15564,15567,16026	0.1445504	477	501	108	0.094030015	0.0035302923	0.087278597	0.028521696	0.048748106	0.11368322	0.0043143961	0.0089974655	0.12723418	0.048768517	0.0020206713	0.099003546	0.007492905	0.14136051	0.10263792
1	order_4_rank_1	GM12878	GM12878	chr14	12	15204	823	16027	80135000	scan	345,360,363,823	15549,15564,15567,16027	0.14387058	478	502	109	0.10527658	0.0018470588	0.10009436	0.034621671	0.063953072	0.18407607	0.0080751674	0.012361607	0.16955321	0.04116182	0.0036803142	0.12319598	0.0082531199	0.16161503	0.11209501
1	order_4_rank_1	GM12878	GM12878	chr14	12	15204	824	16028	80140000	scan	345,360,363,824	15549,15564,15567,16028	0.14322892	479	503	110	0.12865023	0.0021387688	0.054036099	0.029877523	0.014688756	0.10702029	0.008019113	0.0074116876	0.085613653	0.043845385	0.0039716726	0.13315624	0.007363874	0.15102455	0.098018579
1	order_4_rank_1	GM12878	GM12878	chr14	12	15204	825	16029	80145000	scan	345,360,363,825	15549,15564,15567,16029	0.14253581	480	504	111	0.10682534	0.0040321997	0.044912457	0.033227138	0.025824226	0.080251612	0.0066464283	0.012445562	0.089277528	0.035806485	0.0057146568	0.1018917	0.0070049372	0.16230269	0.11592285
1	order_4_rank_1	GM12878	GM12878	chr14	12	15204	826	16030	80150000	scan	345,360,363,826	15549,15564,15567,16030	0.14193484	481	505	112	0.13883424	0.0035679713	0.084153414	0.022166664	0.049694456	0.074793838	0.0077673201	0.011024063	0.1155088	0.055528164	0.0035508457	0.095720291	0.0069247112	0.12169486	0.12001429
1	order_4_rank_1	GM12878	GM12878	chr14	12	15204	827	16031	80155000	scan	345,360,363,827	15549,15564,15567,16031	0.14124161	482	506	113	0.10921616	0.0033311332	0.11947913	0.025055381	0.062476031	0.088907778	0.0093312804	0.0092288489	0.1652323	0.057989668	0.0036166292	0.073739715	0.0052519622	0.1178477	0.15600847
1	order_4_rank_1	GM12878	GM12878	chr14	12	15204	828	16032	80160000	scan	345,360,363,828	15549,15564,15567,16032	0.14060506	483	507	114	0.11632099	0.0059357523	0.0717199	0.030996758	0.031667583	0.0741276	0.011358965	0.012464661	0.12720016	0.050516654	0.0025901336	0.10456599	0.0070457263	0.11920126	0.17468464
1	order_4_rank_1	GM12878	GM12878	chr14	12	15204	829	16033	80165000	scan	345,360,363,829	15549,15564,15567,16033	0.13993654	484	508	115	0.10217167	0.002846885	0.069860451	0.025235331	0.045999534	0.070124	0.01019616	0.014380757	0.17578578	0.057864543	0.0033148467	0.09267702	0.0044500288	0.14069609	0.18783686
1	order_4_rank_1	GM12878	GM12878	chr14	12	15204	830	16034	80170000	scan	345,360,363,830	15549,15564,15567,16034	0.13930908	485	509	116	0.11473697	0.0019472298	0.11487366	0.020024965	0.042968635	0.059648409	0.0090814475	0.010801391	0.17050181	0.042125054	0.0030365994	0.085702308	0.0078011733	0.11185018	0.16281006
1	order_4_rank_1	GM12878	GM12878	chr14	12	15204	831	16035	80175000	scan	345,360,363,831	15549,15564,15567,16035	0.13863178	486	510	117	0.11356611	0.0030702392	0.090131953	0.025521731	0.025902268	0.057249766	0.0091801323	0.017179174	0.10893123	0.027780389	0.012789437	0.077185802	0.0088740075	0.15652531	0.090999953
1	order_4_rank_1	GM12878	GM12878	chr14	12	15204	832	16036	80180000	scan	345,360,363,832	15549,15564,15567,16036	0.1380005	487	511	118	0.091345318	0.004219674	0.078651816	0.024055295	0.034483183	0.068893023	0.0053770933	0.011790089	0.11289185	0.035934921	0.0025202825	0.067765363	0.0047117732	0.15813808	0.14996447
1	order_4_rank_1	GM12878	GM12878	chr14	12	15204	833	16037	80185000	scan	345,360,363,833	15549,15564,15567,16037	0.13734232	488	512	119	0.10211301	0.002030273	0.12864201	0.033749834	0.054993313	0.085846901	0.0086975778	0.018684322	0.1859421	0.05508858	0.0045002913	0.095465615	0.007443272	0.11310377	0.14460485
1	order_4_rank_1	GM12878	GM12878	chr14	12	15204	834	16038	80190000	scan	345,360,363,834	15549,15564,15567,16038	0.13671055	489	513	120	0.11427538	0.0033131852	0.040408984	0.022822861	0.011191608	0.049494557	0.0040058154	0.0022173768	0.1166297	0.042845372	0.0032142515	0.084792107	0.0034296687	0.12707295	0.11546934
1	order_4_rank_1	GM12878	GM12878	chr14	12	15204	835	16039	80195000	scan	345,360,363,835	15549,15564,15567,16039	0.13612206	490	514	121	0.10795268	0.0014966404	0.12750044	0.029110335	0.028764362	0.064066432	0.014600337	0.0081381043	0.12217427	0.045295019	0.005897766	0.10856333	0.0052543804	0.13517889	0.22582284
1	order_4_rank_1	GM12878	GM12878	chr14	12	15204	836	16040	80200000	scan	345,360,363,836	15549,15564,15567,16040	0.13561362	491	515	122	0.12102465	0.0036513612	0.10383905	0.025059463	0.042026434	0.066129774	0.0078337174	0.0082401596	0.20519419	0.058130298	0.0019521207	0.47906348	0.0074404376	0.24839835	0.27561781
1	order_4_rank_1	GM12878	GM12878	chr14	12	15204	837	16041	80205000	scan	345,360,363,837	15549,15564,15567,16041	0.13489357	492	516	123	0.09730716	0.0021259936	0.10877056	0.023981525	0.055143785	0.051688921	0.0056366478	0.014454338	0.12087582	0.039586503	0.0038178086	0.078713089	0.0086137252	0.1517449	0.20800883
1	order_4_rank_1	GM12878	GM12878	chr14	12	15204	838	16042	80210000	scan	345,360,363,838	15549,15564,15567,16042	0.13442978	493	517	124	0.12911914	0.0040719374	0.25873956	0.041148383	0.061186891	0.056801248	0.0075447261	0.036304861	0.13559112	0.062303305	0.0040221624	0.32827681	0.0061532897	0.22205655	0.81945544
1	order_4_rank_1	GM12878	GM12878	chr14	12	15204	839	16043	80215000	scan	345,360,363,839	15549,15564,15567,16043	0.13363862	494	518	125	0.11878408	0.0048904191	0.13628186	0.026316155	0.052045904	0.07570374	0.014749893	0.013671112	0.11640541	0.046330746	0.0041869502	0.090156421	0.0044703479	0.15716009	0.20501272
1	order_4_rank_1	GM12878	GM12878	chr14	12	15204	840	16044	80220000	scan	345,360,363,840	15549,15564,15567,16044	0.13299072	495	519	126	0.084811196	0.0074424897	0.086567387	0.032569006	0.02678022	0.092457466	0.0072563789	0.015643224	0.057590179	0.039786376	0.0043939194	0.08634948	0.0061030425	0.12477709	0.16881484
1	order_4_rank_1	GM12878	GM12878	chr14	12	15204	841	16045	80225000	scan	345,360,363,841	15549,15564,15567,16045	0.13240696	496	520	127	0.098965548	0.002362492	0.075544901	0.02103103	0.052032106	0.12771666	0.0040098317	0.01142402	0.10273261	0.034275305	0.0049307635	0.077564672	0.004438329	0.087848075	0.034794662
1	order_4_rank_1	GM12878	GM12878	chr14	12	15204	842	16046	80230000	scan	345,360,363,842	15549,15564,15567,16046	0.13180007	497	521	128	0.10649022	0.0024487395	0.12920272	0.019707983	0.045255333	0.11493351	0.0054326528	0.01031136	0.088617787	0.049764957	0.0051111919	0.095165431	0.0057886485	0.15560029	0.088984035
1	order_4_rank_1	GM12878	GM12878	chr14	12	15204	843	16047	80235000	scan	345,360,363,843	15549,15564,15567,16047	0.13116156	498	522	129	0.12196495	0.0020118705	0.069426954	0.017056977	0.041076105	0.2159007	0.0087457644	0.0084093781	0.15141356	0.028874733	0.0051575522	0.073547177	0.0041949959	0.067387968	0.089774199
1	order_4_rank_1	GM12878	GM12878	chr14	12	15204	844	16048	80240000	scan	345,360,363,844	15549,15564,15567,16048	0.13060726	499	523	130	0.10298292	0.0040244032	0.073474556	0.026354533	0.043195654	0.084000759	0.0049462616	0.0055205408	0.10159259	0.034997899	0.003986516	0.11322105	0.0063062506	0.12716545	0.11870664
1	order_4_rank_1	GM12878	GM12878	chr14	12	15204	845	16049	80245000	scan	345,360,363,845	15549,15564,15567,16049	0.13005839	500	524	131	0.052741379	0.0003518021	0.013050413	0.0089561474	0.002566325	0.044591185	0.0037551273	0.0069696419	0.016523898	0.0042896019	0.0010166947	0.012820466	0.0017807808	0.025830775	0.011115499
1	order_4_rank_1	GM12878	GM12878	chr14	12	15204	846	16050	80250000	scan	345,360,363,846	15549,15564,15567,16050	0.12936498	501	525	132	0.11411235	0.0019684609	0.028094014	0.025950436	0.053665318	0.16432586	0.0090318788	0.01791898	0.11241605	0.032675773	0.0030943307	0.067932256	0.0064804116	0.096431643	0.077050813
1	order_4_rank_1	GM12878	GM12878	chr14	12	15204	847	16051	80255000	scan	345,360,363,847	15549,15564,15567,16051	0.12873766	502	526	133	0.10109491	0.0035090046	0.044283487	0.030805606	0.025173293	0.10908661	0.0097645232	0.01811634	0.11262973	0.048638914	0.0065214331	0.078655735	0.0078816451	0.1118691	0.1213826
1	order_4_rank_1	GM12878	GM12878	chr14	12	15204	848	16052	80260000	scan	345,360,363,848	15549,15564,15567,16052	0.12813582	503	527	134	0.12255783	0.0023639651	0.10951176	0.040882878	0.026635116	0.09140458	0.0093900776	0.01979826	0.15062581	0.041298103	0.0057216054	0.077267848	0.0061570643	0.13459644	0.19691938
1	order_4_rank_1	GM12878	GM12878	chr14	12	15204	849	16053	80265000	scan	345,360,363,849	15549,15564,15567,16053	0.12755099	504	528	135	0.096600652	0.0033129589	0.074763834	0.028578892	0.023089588	0.1003837	0.0090349047	0.015777154	0.084025517	0.050325975	0.0040190127	0.087517448	0.0067813094	0.17899548	0.16523193
1	order_4_rank_1	GM12878	GM12878	chr14	12	15204	850	16054	80270000	scan	345,360,363,850	15549,15564,15567,16054	0.12699568	505	529	136	0.095028207	0.0024684691	0.12251401	0.030504422	0.036687121	0.078297064	0.0053838934	0.0088878572	0.063954487	0.040398005	0.0023687731	0.1032897	0.0076437099	0.21774699	0.13605636
1	order_4_rank_1	GM12878	GM12878	chr14	12	15204	851	16055	80275000	scan	345,360,363,851	15549,15564,15567,16055	0.12640929	506	530	137	0.11121726	0.001721587	0.098451555	0.023107691	0.028451938	0.092532136	0.0050471006	0.013350361	0.11764222	0.045436062	0.0040592137	0.10925124	0.005228118	0.12932397	0.23820913
1	order_4_rank_1	GM12878	GM12878	chr14	12	15204	852	16056	80280000	scan	345,360,363,852	15549,15564,15567,16056	0.12585707	507	531	138	0.10706779	0.0014205835	0.040067926	0.026205868	0.057748109	0.075704999	0.0055596763	0.0069934879	0.10820738	0.048839543	0.0054576113	0.095416456	0.0054393169	0.1116593	0.14933717
1	order_4_rank_1	GM12878	GM12878	chr14	12	15204	853	16057	80285000	scan	345,360,363,853	15549,15564,15567,16057	0.12525874	508	532	139	0.067298047	0.0042060344	0.037672736	0.019701822	0.027309956	0.070223905	0.0032344118	0.010467638	0.05784177	0.040200211	0.0039834869	0.069128856	0.0027718104	0.0590722	0.11556303
1	order_4_rank_1	GM12878	GM12878	chr14	12	15204	854	16058	80290000	scan	345,360,363,854	15549,15564,15567,16058	0.12464252	509	533	140	0.1128867	0.0052496032	0.1036969	0.037816856	0.021317936	0.12039702	0.003710449	0.014732861	0.087160699	0.066632934	0.0090381866	0.10454605	0.0053253686	0.10795288	0.18336909
1	order_4_rank_1	GM12878	GM12878	chr14	12	15204	855	16059	80295000	scan	345,360,363,855	15549,15564,15567,16059	0.12407721	510	534	141	0.070813954	0.0033919523	0.058934189	0.024607427	0.029260149	0.085486397	0.0064632497	0.013243169	0.11006762	0.037702311	0.0052020513	0.079404622	0.0052043549	0.079995938	0.13307111
1	order_4_rank_1	GM12878	GM12878	chr14	12	15204	856	16060	80300000	scan	345,360,363,856	15549,15564,15567,16060	0.12348314	511	535	142	0.089867234	0.0056905383	0.13172226	0.038746167	0.02150343	0.093273349	0.0076245526	0.012696057	0.13634686	0.044754352	0.0037663982	0.10053036	0.0058921264	0.12267455	0.13531241
1	order_4_rank_1	GM12878	GM12878	chr14	12	15204	857	16061	80305000	scan	345,360,363,857	15549,15564,15567,16061	0.12294785	512	536	143	0.11228266	0.0045727701	0.16336754	0.033546463	0.029953536	0.067885913	0.0098751122	0.014419072	0.17044906	0.044386402	0.0046786955	0.096500225	0.0046590818	0.11739994	0.1851574
1	order_4_rank_1	GM12878	GM12878	chr14	12	15204	858	16062	80310000	scan	345,360,363,858	15549,15564,15567,16062	0.12242087	513	537	144	0.11292213	0.0016074518	0.20329013	0.035594929	0.040186599	0.086412176	0.010864072	0.016124107	0.16304417	0.044424102	0.0028489395	0.095904246	0.0056441315	0.1356443	0.17469434
1	order_4_rank_1	GM12878	GM12878	chr14	12	15204	859	16063	80315000	scan	345,360,363,859	15549,15564,15567,16063	0.12184703	514	538	145	0.1146854	0.0016991107	0.06774132	0.020205565	0.051192146	0.098706663	0.0082679233	0.01214393	0.17373535	0.052294999	0.0011940842	0.079966597	0.0086285742	0.11680087	0.13948672
1	order_4_rank_1	GM12878	GM12878	chr14	12	15204	860	16064	80320000	scan	345,360,363,860	15549,15564,15567,16064	0.1212678	515	539	146	0.096777059	0.0044174176	0.11633494	0.029738704	0.039637137	0.085688718	0.011112299	0.012287759	0.15118542	0.048954349	0.0062728496	0.097486988	0.0051772976	0.16846131	0.17923506
1	order_4_rank_1	GM12878	GM12878	chr14	12	15204	861	16065	80325000	scan	345,360,363,861	15549,15564,15567,16065	0.12077606	516	540	147	0.098265439	0.004762637	0.054453898	0.021808961	0.043157049	0.059540663	0.0095791258	0.011399036	0.11026104	0.028572675	0.004780408	0.071285509	0.0048361188	0.1183352	0.1279384
1	order_4_rank_1	GM12878	GM12878	chr14	12	15204	862	16066	80330000	scan	345,360,363,862	15549,15564,15567,16066	0.1202274	517	541	148	0.1046505	0.0026779009	0.077476904	0.014796481	0.027213953	0.10182059	0.0054664714	0.008967191	0.085523285	0.037153672	0.0031250045	0.081115566	0.0054242532	0.10729863	0.11409011
1	order_4_rank_1	GM12878	GM12878	chr14	12	15204	863	16067	80335000	scan	345,360,363,863	15549,15564,15567,16067	0.11966341	518	542	149	0.11161713	0.0035052558	0.12914832	0.025267901	0.041155186	0.11764025	0.011691081	0.013534295	0.12180053	0.049382154	0.0034803478	0.096822426	0.0037137847	0.14274539	0.14971267
1	order_4_rank_1	GM12878	GM12878	chr14	12	15204	864	16068	80340000	scan	345,360,363,864	15549,15564,15567,16068	0.11909807	519	543	150	0.10759497	0.0031301279	0.14765716	0.033877507	0.051515732	0.073717281	0.0071514985	0.0089489529	0.15705791	0.030461142	0.002896253	0.11163153	0.0039112954	0.15369704	0.14176434
1	order_4_rank_1	GM12878	GM12878	chr14	12	15204	865	16069	80345000	scan	345,360,363,865	15549,15564,15567,16069	0.11857509	520	544	151	0.099548683	0.0052660792	0.15844747	0.028799033	0.047817864	0.10712256	0.0089815231	0.0080593945	0.071520455	0.052778471	0.0027788738	0.099194102	0.0043850997	0.19132233	0.16912107
1	order_4_rank_1	GM12878	GM12878	chr14	12	15204	866	16070	80350000	scan	345,360,363,866	15549,15564,15567,16070	0.1180075	521	545	152	0.10514916	0.0035023186	0.091959819	0.025849586	0.019646335	0.051320814	0.0094445702	0.012929685	0.13541265	0.057874769	0.0046683676	0.10564595	0.0065078079	0.14649484	0.15252809
1	order_4_rank_1	GM12878	GM12878	chr14	12	15204	867	16071	80355000	scan	345,360,363,867	15549,15564,15567,16071	0.11756325	522	546	153	0.10493315	0.0030842025	0.13147759	0.028227858	0.037752938	0.045905624	0.0082347933	0.0049393927	0.15443501	0.069994457	0.0051485994	0.19109748	0.0053105648	0.21448129	0.25876236
1	order_4_rank_1	GM12878	GM12878	chr14	12	15204	868	16072	80360000	scan	345,360,363,868	15549,15564,15567,16072	0.11697771	523	547	154	0.078798398	0.00070881541	0.094154455	0.028571192	0.033612162	0.082157858	0.0083941184	0.010163299	0.18305907	0.062785856	0.0065948362	0.15926945	0.0069988729	0.20129645	0.29069054
1	order_4_rank_1	GM12878	GM12878	chr14	12	15204	869	16073	80365000	scan	345,360,363,869	15549,15564,15567,16073	0.11646628	524	548	155	0.085111909	0.0017799167	0.0936004	0.021490214	0.019010587	0.032278981	0.0041134218	0.013550475	0.096764393	0.047058262	0.0066358643	0.058861148	0.0020060206	0.10870122	0.14296648
1	order_4_rank_1	GM12878	GM12878	chr14	12	15204	870	16074	80370000	scan	345,360,363,870	15549,15564,15567,16074	0.11595136	525	549	156	0.1032529	0.00540719	0.069668874	0.018730773	0.035925545	0.093274094	0.0094680656	0.0040016565	0.15188906	0.056817748	0.0018101326	0.086683244	0.0061953492	0.093649097	0.12957853
1	order_4_rank_1	GM12878	GM12878	chr14	12	15204	871	16075	80375000	scan	345,360,363,871	15549,15564,15567,16075	0.1154137	526	550	157	0.10964288	0.0024436708	0.15202497	0.028718185	0.050996225	0.13020279	0.013129756	0.01445133	0.2045418	0.047283579	0.0053944313	0.1166148	0.0056193676	0.17257883	0.18693914
1	order_4_rank_1	GM12878	GM12878	chr14	12	15204	872	16076	80380000	scan	345,360,363,872	15549,15564,15567,16076	0.1149177	527	551	158	0.11071426	0.005187375	0.15672858	0.029573295	0.057887681	0.077229053	0.011675579	0.0067361989	0.22680441	0.074663997	0.0094366325	0.084141791	0.0083053811	0.20201944	0.21837197
1	order_4_rank_1	GM12878	GM12878	chr14	12	15204	873	16077	80385000	scan	345,360,363,873	15549,15564,15567,16077	0.11439896	528	552	159	0.11175026	0.0040480411	0.19984265	0.031048305	0.044018678	0.075291164	0.010345049	0.012364012	0.2056451	0.061108399	0.005456605	0.12150251	0.0058728941	0.16045566	0.22996263
1	order_4_rank_1	GM12878	GM12878	chr14	12	15204	874	16078	80390000	scan	345,360,363,874	15549,15564,15567,16078	0.11391394	529	553	160	0.10028911	0.0059401486	0.090815753	0.030828884	0.024803283	0.089101285	0.010907216	0.0068139224	0.11578716	0.057570178	0.0068322336	0.072390765	0.010499476	0.097948782	0.15001874
1	order_4_rank_1	GM12878	GM12878	chr14	12	15204	875	16079	80395000	scan	345,360,363,875	15549,15564,15567,16079	0.11341731	530	554	161	0.13728493	0.0037061607	0.15057804	0.024900595	0.057189319	0.15169802	0.0058166026	0.01855546	0.15973693	0.061362136	0.007473838	0.068044342	0.0085060317	0.0870502	0.14652933
1	order_4_rank_1	GM12878	GM12878	chr14	12	15204	876	16080	80400000	scan	345,360,363,876	15549,15564,15567,16080	0.11295111	531	555	162	0.080653496	0.0033163514	0.17517278	0.029196305	0.077626452	0.083313234	0.007025897	0.013886561	0.14066832	0.047663275	0.0024072365	0.098760024	0.0096758725	0.10262933	0.18829273
1	order_4_rank_1	GM12878	GM12878	chr14	12	15204	877	16081	80405000	scan	345,360,363,877	15549,15564,15567,16081	0.1124028	532	556	163	0.093197502	0.0050134375	0.11372636	0.032469191	0.035945941	0.09392529	0.014584824	0.0079256408	0.23149189	0.048085261	0.0065123159	0.065359846	0.010310544	0.11491621	0.16457698
1	order_4_rank_1	GM12878	GM12878	chr14	12	15204	878	16082	80410000	scan	345,360,363,878	15549,15564,15567,16082	0.1119709	533	557	164	0.088927127	0.0063664154	0.12023109	0.026743978	0.026686089	0.062884279	0.0080868928	0.0052303299	0.17491567	0.061408456	0.005462396	0.11102953	0.0055031353	0.11567379	0.21138757
1	order_4_rank_1	GM12878	GM12878	chr14	12	15204	879	16083	80415000	scan	345,360,363,879	15549,15564,15567,16083	0.11155251	534	558	165	0.10724214	0.0020589281	0.12835275	0.024117194	0.025889823	0.04652831	0.007650495	0.0026254533	0.082359672	0.045156464	0.0037528814	0.09088935	0.0070713568	0.1329802	0.17390473
1	order_4_rank_1	GM12878	GM12878	chr14	12	15204	880	16084	80420000	scan	345,360,363,880	15549,15564,15567,16084	0.11102985	535	559	166	0.091748886	0.005881337	0.14910598	0.026501989	0.039799314	0.076298386	0.0089565022	0.015947163	0.17171578	0.029912246	0.0056534451	0.0467491	0.0020277353	0.10160931	0.14378136
1	order_4_rank_1	GM12878	GM12878	chr14	12	15204	881	16085	80425000	scan	345,360,363,881	15549,15564,15567,16085	0.11055765	536	560	167	0.097821236	0.0056474968	0.11121564	0.044159032	0.037724964	0.091866754	0.0087480284	0.020979371	0.23001495	0.055876479	0.0040276526	0.099270768	0.0074889413	0.14444391	0.19162956
1	order_4_rank_1	GM12878	GM12878	chr14	12	15204	882	16086	80430000	scan	345,360,363,882	15549,15564,15567,16086	0.11018852	537	561	168	0.12424023	0.0051612556	0.11186991	0.041286886	0.052529365	0.091745771	0.012434361	0.037000995	0.12366298	0.09604039	0.004856931	0.064250581	0.0054096919	0.11139359	0.29508409
1	order_4_rank_1	GM12878	GM12878	chr14	12	15204	883	16087	80435000	scan	345,360,363,883	15549,15564,15567,16087	0.10970905	538	562	169	0.13214277	0.0055501498	0.077412777	0.022174481	0.020862035	0.11406593	0.0078915237	0.015834013	0.12210214	0.067103811	0.0056481059	0.078813314	0.0045154239	0.13649024	0.14797062
1	order_4_rank_1	GM12878	GM12878	chr14	12	15204	884	16088	80440000	scan	345,360,363,884	15549,15564,15567,16088	0.10927284	539	563	170	0.10838912	0.003288649	0.060572829	0.025197513	0.026615525	0.10174486	0.0071719992	0.02664775	0.070253648	0.029851204	0.0023717594	0.070841074	0.0058762324	0.11402711	0.15442953
1	order_4_rank_1	GM12878	GM12878	chr14	12	15204	885	16089	80445000	scan	345,360,363,885	15549,15564,15567,16089	0.10882895	540	564	171	0.13248973	0.0030375898	0.085049719	0.03796025	0.04914597	0.13211386	0.0076160226	0.014747106	0.13409135	0.032102015	0.0037910601	0.081621878	0.0074466602	0.14044958	0.16634546
1	order_4_rank_1	GM12878	GM12878	chr14	12	15204	886	16090	80450000	scan	345,360,363,886	15549,15564,15567,16090	0.10837832	541	565	172	0.14737803	0.0037672196	0.086214155	0.022655262	0.045581516	0.17828009	0.0040756478	0.010360835	0.14145939	0.03928398	0.0036931131	0.11245287	0.0061443765	0.12649314	0.12674935
1	order_4_rank_1	GM12878	GM12878	chr14	12	15204	887	16091	80455000	scan	345,360,363,887	15549,15564,15567,16091	0.10796409	542	566	173	0.12928972	0.0095205596	0.12376459	0.031931676	0.033300217	0.088256516	0.010606626	0.0071154917	0.1900406	0.06270358	0.0038154065	0.10380443	0.0050602411	0.16694096	0.21442334
1	order_4_rank_1	GM12878	GM12878	chr14	12	15204	888	16092	80460000	scan	345,360,363,888	15549,15564,15567,16092	0.10754642	543	567	174	0.11880282	0.0023320871	0.11083323	0.029944614	0.040487006	0.10259508	0.0078610266	0.0035426081	0.15542533	0.039830647	0.0046891198	0.060034201	0.0066888565	0.13346358	0.1998629
1	order_4_rank_1	GM12878	GM12878	chr14	12	15204	889	16093	80465000	scan	345,360,363,889	15549,15564,15567,16093	0.10711095	544	568	175	0.098566033	0.0015652495	0.11272937	0.029354054	0.038549218	0.10886294	0.0080897389	0.0042849658	0.13235174	0.021840703	0.0067683584	0.072112054	0.005400918	0.099242583	0.16622245
1	order_4_rank_1	GM12878	GM12878	chr14	12	15204	890	16094	80470000	scan	345,360,363,890	15549,15564,15567,16094	0.10665302	545	569	176	0.11756214	0.0034101531	0.085693628	0.028731195	0.037793405	0.25168073	0.0057684202	0.0068708598	0.069758318	0.01800652	0.0046487604	0.053426959	0.004792158	0.15513256	0.13074242
1	order_4_rank_1	GM12878	GM12878	chr14	12	15204	891	16095	80475000	scan	345,360,363,891	15549,15564,15567,16095	0.10629925	546	570	177	0.14416479	0.0045188554	0.073655546	0.029351119	0.034411933	0.12414757	0.01192082	0.017555803	0.093268514	0.037932016	0.0032230928	0.097548574	0.0059244498	0.15872681	0.19656925
1	order_4_rank_1	GM12878	GM12878	chr14	12	15204	892	16096	80480000	scan	345,360,363,892	15549,15564,15567,16096	0.10583504	547	571	178	0.11198758	0.0064673154	0.10729103	0.035515651	0.044678248	0.12517573	0.0073651401	0.012918262	0.16714495	0.028880149	0.0042857616	0.085139506	0.0055677579	0.11653806	0.1518158
1	order_4_rank_1	GM12878	GM12878	chr14	12	15204	893	16097	80485000	scan	345,360,363,893	15549,15564,15567,16097	0.10551978	548	572	179	0.059418321	0.0031847528	0.020738771	0.010974481	0.015003015	0.065318897	0.0053152116	0.0069097583	0.032796387	0.02098578	0.0043819835	0.068610616	0.0042148717	0.057569951	0.068783842
1	order_4_rank_1	GM12878	GM12878	chr14	12	15204	894	16098	80490000	scan	345,360,363,894	15549,15564,15567,16098	0.10511551	549	573	180	0.12660882	0.0045223418	0.053968422	0.046847429	0.03529688	0.06108309	0.0078691207	0.023736753	0.1354339	0.055716544	0.0058712899	0.12896886	0.0062525449	0.1704725	0.43889895
1	order_4_rank_1	GM12878	GM12878	chr14	12	15204	895	16099	80495000	scan	345,360,363,895	15549,15564,15567,16099	0.10473418	550	574	181	0.11693049	0.0021836197	0.045739796	0.022900146	0.028100831	0.052851897	0.006870342	0.0081544761	0.082720473	0.02336482	0.0037648971	0.1104205	0.0068348013	0.11438218	0.23312429
1	order_4_rank_1	GM12878	GM12878	chr14	12	15204	896	16100	80500000	scan	345,360,363,896	15549,15564,15567,16100	0.10434998	551	575	182	0.095973715	0.0017360059	0.039942194	0.025203478	0.044197638	0.051559202	0.011201506	0.013823437	0.071252972	0.030787265	0.0043758284	0.091930382	0.0064062076	0.1369447	0.24001211
1	order_4_rank_1	GM12878	GM12878	chr14	12	15204	897	16101	80505000	scan	345,360,363,897	15549,15564,15567,16101	0.10396138	552	576	183	0.10464298	0.0038551698	0.059763674	0.031830136	0.023953352	0.074426919	0.0099472431	0.016904157	0.12472741	0.046155166	0.0045124744	0.088656083	0.0076012188	0.13379449	0.21577597
1	order_4_rank_1	GM12878	GM12878	chr14	12	15204	898	16102	80510000	scan	345,360,363,898	15549,15564,15567,16102	0.10359264	553	577	184	0.11445404	0.002374778	0.051129509	0.025244933	0.033653814	0.10775899	0.0056417892	0.0052899676	0.091243096	0.041972168	0.0039911713	0.10784618	0.0068977545	0.19406685	0.12853238
1	order_4_rank_1	GM12878	GM12878	chr14	12	15204	899	16103	80515000	scan	345,360,363,899	15549,15564,15567,16103	0.10327733	554	578	185	0.097040638	0.0067817154	0.089874052	0.023941031	0.087893002	0.079214424	0.0048759193	0.0082862535	0.10533259	0.032205895	0.0027424507	0.10317173	0.011026209	0.13768996	0.16720603
1	order_4_rank_1	GM12878	GM12878	chr14	12	15204	900	16104	80520000	scan	345,360,363,900	15549,15564,15567,16104	0.10295728	555	579	186	0.1105267	0.0069825221	0.048277929	0.027788496	0.075968407	0.069144294	0.0065978216	0.013203982	0.093852386	0.052558087	0.0028210448	0.081577055	0.0060563632	0.12076712	0.21007504
1	order_4_rank_1	GM12878	GM12878	chr14	12	15204	901	16105	80525000	scan	345,360,363,901	15549,15564,15567,16105	0.10260613	556	580	187	0.098544665	0.0023472849	0.066760205	0.021769844	0.054058343	0.048599884	0.0085558034	0.0058201523	0.11386536	0.063617155	0.0024800124	0.093493842	0.0065185409	0.1429155	0.22682813
1	order_4_rank_1	GM12878	GM12878	chr14	12	15204	902	16106	80530000	scan	345,360,363,902	15549,15564,15567,16106	0.10226307	557	581	188	0.092366643	0.0034845525	0.074966677	0.030452592	0.042847846	0.04205855	0.0098585403	0.0060854126	0.13248511	0.03706539	0.0032214031	0.1113181	0.0041874498	0.10656521	0.20335458
1	order_4_rank_1	GM12878	GM12878	chr14	12	15204	903	16107	80535000	scan	345,360,363,903	15549,15564,15567,16107	0.10190327	558	582	189	0.10926931	0.003570826	0.097703747	0.02888523	0.050351147	0.090381965	0.0087573854	0.012794759	0.10256313	0.034605168	0.0047888379	0.10828567	0.0076243468	0.13768518	0.20675755
1	order_4_rank_1	GM12878	GM12878	chr14	12	15204	904	16108	80540000	scan	345,360,363,904	15549,15564,15567,16108	0.10155778	559	583	190	0.11283781	0.0020945233	0.079141125	0.032550767	0.049493525	0.093443409	0.0068660118	0.010287119	0.10724156	0.030537268	0.0033282684	0.068736747	0.0066501684	0.1228949	0.17609259
1	order_4_rank_1	GM12878	GM12878	chr14	12	15204	905	16109	80545000	scan	345,360,363,905	15549,15564,15567,16109	0.10119247	560	584	191	0.10537539	0.0025573508	0.070244797	0.033358566	0.04880695	0.093964964	0.0094271107	0.011722896	0.17293553	0.031196857	0.0065976223	0.080843084	0.0064114975	0.12995726	0.25325406
1	order_4_rank_1	GM12878	GM12878	chr14	12	15204	906	16110	80550000	scan	345,360,363,906	15549,15564,15567,16110	0.10084705	561	585	192	0.097694047	0.0039969464	0.07150124	0.031518381	0.0207243	0.079361685	0.011128035	0.023570109	0.15738274	0.04197605	0.0041145566	0.1005253	0.0057366272	0.12616643	0.14938334
1	order_4_rank_1	GM12878	GM12878	chr14	12	15204	907	16111	80555000	scan	345,360,363,907	15549,15564,15567,16111	0.10061929	562	586	193	0.1264956	0.0030103559	0.046842061	0.032271497	0.027373441	0.087628663	0.005585914	0.011552753	0.051093966	0.053988084	0.0029192748	0.10267937	0.0069409409	0.081863038	0.13971666
1	order_4_rank_1	GM12878	GM12878	chr14	12	15204	908	16112	80560000	scan	345,360,363,908	15549,15564,15567,16112	0.10025832	563	587	194	0.08383356	0.0024071813	0.043264106	0.056536149	0.056131184	0.069618285	0.010753956	0.013208286	0.11565733	0.037809219	0.006192313	0.073236339	0.0079668658	0.14412645	0.4417057
1	order_4_rank_1	GM12878	GM12878	chr14	12	15204	909	16113	80565000	scan	345,360,363,909	15549,15564,15567,16113	0.099920563	564	588	195	0.12449495	0.0036496681	0.047957502	0.029607855	0.048129525	0.065965958	0.0095951352	0.0098425774	0.10286288	0.037537668	0.0045151608	0.088586956	0.0083199944	0.12580755	0.20646511
1	order_4_rank_1	GM12878	GM12878	chr14	12	15204	910	16114	80570000	scan	345,360,363,910	15549,15564,15567,16114	0.099576555	565	589	196	0.097877361	0.0043039257	0.042812284	0.031287577	0.047067977	0.061123561	0.011639045	0.0039829384	0.17431335	0.032613002	0.0049202275	0.091333695	0.0077479393	0.10102124	0.22852537
1	order_4_rank_1	GM12878	GM12878	chr14	12	15204	911	16115	80575000	scan	345,360,363,911	15549,15564,15567,16115	0.099203601	566	590	197	0.12357272	0.0034531828	0.052029416	0.046314687	0.044468518	0.087323658	0.0092111072	0.031227978	0.22356878	0.058560845	0.0046445015	0.090238295	0.0090355091	0.14589956	0.19507411
1	order_4_rank_1	GM12878	GM12878	chr14	12	15204	912	16116	80580000	scan	345,360,363,912	15549,15564,15567,16116	0.098848678	567	591	198	0.11027741	0.0052146483	0.14453664	0.03527258	0.067783363	0.10938717	0.0094842054	0.025643352	0.24807119	0.03396105	0.0097481413	0.085745938	0.0084441723	0.19888088	0.15250963
1	order_4_rank_1	GM12878	GM12878	chr14	12	15204	913	16117	80585000	scan	345,360,363,913	15549,15564,15567,16117	0.098633721	568	592	199	0.12566389	0.007363806	0.097199522	0.16699028	0.049866386	0.16001953	0.010003027	0.071082167	0.23878135	0.053968608	0.013677287	0.21040508	0.0055469978	0.26012498	0.97719419
1	order_4_rank_1	GM12878	GM12878	chr14	12	15204	914	16118	80590000	scan	345,360,363,914	15549,15564,15567,16118	0.098279312	569	593	200	0.11914312	0.00069993234	0.026453709	0.020136485	0.042095453	0.1759889	0.003784619	0.0063308561	0.065866455	0.016219031	0.0046134219	0.035133373	0.0026852177	0.048938226	0.032359447
1	order_4_rank_1	GM12878	GM12878	chr14	12	15204	915	16119	80595000	scan	345,360,363,915	15549,15564,15567,16119	0.097872488	570	594	201	0.10758121	0.0029740713	0.034827456	0.036203466	0.049189948	0.17367025	0.0074795093	0.011743017	0.12928124	0.020593256	0.0066985162	0.051171545	0.0047941874	0.14635943	0.1393349
1	order_4_rank_1	GM12878	GM12878	chr14	12	15204	916	16120	80600000	scan	345,360,363,916	15549,15564,15567,16120	0.09760531	571	595	202	0.10816983	0.0033107251	0.056832716	0.03142374	0.044059224	0.077451035	0.0085943677	0.012234486	0.081935048	0.032306526	0.0045234943	0.071207821	0.0079705352	0.13586943	0.18805614
1	order_4_rank_1	GM12878	GM12878	chr14	12	15204	917	16121	80605000	scan	345,360,363,917	15549,15564,15567,16121	0.09732078	572	596	203	0.099942446	0.0027770838	0.050101683	0.024090009	0.076629266	0.060201939	0.01176258	0.013607902	0.10588618	0.034980003	0.0031411755	0.12340053	0.0086451611	0.14107588	0.20210181
1	order_4_rank_1	GM12878	GM12878	chr14	12	15204	918	16122	80610000	scan	345,360,363,918	15549,15564,15567,16122	0.096920595	573	597	204	0.079697944	0.0026824963	0.039704882	0.036212444	0.033630788	0.089009024	0.010462912	0.010940818	0.079731949	0.041144881	0.0062328293	0.068555251	0.010038186	0.096415929	0.14384609
1	order_4_rank_1	GM12878	GM12878	chr14	12	15204	919	16123	80615000	scan	345,360,363,919	15549,15564,15567,16123	0.096670292	574	598	205	0.11502766	0.0067693428	0.063829429	0.066512845	0.034770302	0.095945224	0.0058210525	0.047165047	0.071238033	0.050029598	0.0048269005	0.081735462	0.0067723594	0.12975448	0.64747947
1	order_4_rank_1	GM12878	GM12878	chr14	12	15204	920	16124	80620000	scan	345,360,363,920	15549,15564,15567,16124	0.09627568	575	599	206	0.092104271	0.0058866288	0.028683485	0.037429698	0.044938337	0.12581229	0.008903617	0.023309678	0.11617106	0.042544827	0.0026561681	0.067030527	0.0045079789	0.1200045	0.33604708
1	order_4_rank_1	GM12878	GM12878	chr14	12	15204	921	16125	80625000	scan	345,360,363,921	15549,15564,15567,16125	0.095909387	576	600	207	0.096393146	0.0038235679	0.043077379	0.036524333	0.026259627	0.12346602	0.01061554	0.032464173	0.16154467	0.046454456	0.0084830169	0.097500153	0.0077254176	0.10685318	0.14918236
1	order_4_rank_1	GM12878	GM12878	chr14	12	15204	922	16126	80630000	scan	345,360,363,922	15549,15564,15567,16126	0.09571825	577	601	208	0.10211961	0.0095583424	0.044712428	0.029379247	0.049996313	0.049051195	0.0083694849	0.015154149	0.10319056	0.034181513	0.0058693262	0.16134231	0.0084833289	0.15792856	0.12464451
1	order_4_rank_1	GM12878	GM12878	chr14	12	15204	923	16127	80635000	scan	345,360,363,923	15549,15564,15567,16127	0.09537822	578	602	209	0.13015342	0.00077304884	0.068207279	0.067122146	0.047806978	0.085680112	0.0079635	0.010255349	0.096300796	0.043669157	0.0045679538	0.22695367	0.0072914129	0.15987559	0.25300589
1	order_4_rank_1	GM12878	GM12878	chr14	12	15204	924	16128	80640000	scan	345,360,363,924	15549,15564,15567,16128	0.095001221	579	603	210	0.077118576	0.0076871999	0.049816582	0.03955587	0.086907111	0.082506932	0.0091585014	0.012782618	0.21491088	0.03055598	0.0057713659	0.075635396	0.0058773668	0.099882491	0.17640971
1	order_4_rank_1	GM12878	GM12878	chr14	12	15204	925	16129	80645000	scan	345,360,363,925	15549,15564,15567,16129	0.09472803	580	604	211	0.11146228	0.0030668748	0.068857066	0.032614172	0.049941219	0.071097851	0.0060447971	0.020544646	0.12908961	0.020201141	0.0083543789	0.10869728	0.005401968	0.15024598	0.12407191
1	order_4_rank_1	GM12878	GM12878	chr14	12	15204	926	16130	80650000	scan	345,360,363,926	15549,15564,15567,16130	0.094429068	581	605	212	0.095351182	0.0024337037	0.027645411	0.021322282	0.043068167	0.10067829	0.0066812108	0.0090666246	0.060198255	0.020556413	0.0032218655	0.072184846	0.0043415707	0.08992929	0.067370757
1	order_4_rank_1	GM12878	GM12878	chr14	12	15204	927	16131	80655000	scan	345,360,363,927	15549,15564,15567,16131	0.094058841	582	606	213	0.11702237	0.0032979466	0.10016438	0.034250662	0.077187523	0.095475256	0.0058366582	0.012257852	0.16265079	0.03779554	0.0046538394	0.071007073	0.0024727893	0.1084238	0.15653116
1	order_4_rank_1	GM12878	GM12878	chr14	12	15204	928	16132	80660000	scan	345,360,363,928	15549,15564,15567,16132	0.093737535	583	607	214	0.099633053	0.0036815798	0.050489243	0.041352831	0.043426599	0.068889938	0.013945779	0.0077363509	0.14185885	0.049365092	0.0084861498	0.086721197	0.0066208411	0.16862872	0.18544967
1	order_4_rank_1	GM12878	GM12878	chr14	12	15204	929	16133	80665000	scan	345,360,363,929	15549,15564,15567,16133	0.093477815	584	608	215	0.11914992	0.002634055	0.057854354	0.022190958	0.044977132	0.095747478	0.0084733963	0.0070761973	0.10033546	0.029358447	0.0034930648	0.12151584	0.0050334651	0.17543498	0.17406027
1	order_4_rank_1	GM12878	GM12878	chr14	12	15204	930	16134	80670000	scan	345,360,363,930	15549,15564,15567,16134	0.093146659	585	609	216	0.1006499	0.0017099129	0.032746773	0.021798741	0.040372133	0.12679613	0.0071831755	0.0040932079	0.043189336	0.047164794	0.0073639359	0.055755924	0.0083570182	0.1566039	0.18079546
1	order_4_rank_1	GM12878	GM12878	chr14	12	15204	931	16135	80675000	scan	345,360,363,931	15549,15564,15567,16135	0.092803955	586	610	217	0.11402828	0.0014400651	0.042098854	0.016183749	0.049571499	0.22942725	0.0044943038	0.012779174	0.061754689	0.025256073	0.0036614719	0.059437089	0.0064614122	0.091803424	0.096179739
1	order_4_rank_1	GM12878	GM12878	chr14	12	15204	932	16136	80680000	scan	345,360,363,932	15549,15564,15567,16136	0.092468657	587	611	218	0.1128138	0.00040110902	0.045050304	0.016265653	0.07606665	0.3063007	0.0098630795	0.011975012	0.083591022	0.03519053	0.0054666996	0.10076908	0.0053205448	0.12947108	0.11057077
1	order_4_rank_1	GM12878	GM12878	chr14	12	15204	933	16137	80685000	scan	345,360,363,933	15549,15564,15567,16137	0.092214026	588	612	219	0.10401862	0.001558054	0.047844134	0.01974063	0.044415087	0.10423401	0.0062632132	0.016417427	0.1351418	0.024105618	0.0054776003	0.098848358	0.005333011	0.11791459	0.10524806
1	order_4_rank_1	GM12878	GM12878	chr14	12	15204	934	16138	80690000	scan	345,360,363,934	15549,15564,15567,16138	0.091883048	589	613	220	0.11057807	0.0048699956	0.055692825	0.026200933	0.025811039	0.075132541	0.0098525463	0.0097532142	0.14613624	0.033326011	0.0059613818	0.079330586	0.0056694783	0.10339434	0.13564074
