gene,rho,p,n,rho_adj_purity,p_adj_purity,n_purity,rho_adj_fibro,p_adj_fibro,log2FC_axis1,log2FC_axis2,direction_axis1,fdr,fdr_adj_purity,fdr_adj_fibro
CLIC5,0.7055036504787038,5.073667171230007e-29,184,0.6805980211390602,4.1711617435713684e-23,161,0.7437015120698125,1.7536832981972976e-33,3.864933870967744,1.1315801075268812,up_in_TGM2high,3.1761156491899845e-26,2.6111472514756765e-20,1.0978057446715082e-30
C2,0.6507715127814914,1.5389204233439023e-23,184,0.6359674546432049,1.6325045498714273e-19,161,0.6391387013051932,2.1161829706293549e-22,2.3348629032258064,0.8028632392473121,up_in_TGM2high,4.816820925066414e-21,5.1097392410975674e-17,2.20788423268996e-20
TMEM176B,0.625349155285007,2.3321788427831986e-21,184,0.6301878891023509,4.3222571062246134e-19,161,0.6155268173757641,1.8291786645763875e-20,2.109064516129033,0.8737146505376359,up_in_TGM2high,3.852625058228644e-19,6.76433237124152e-17,6.735681435440109e-19
TMEM176A,0.6250621255610564,2.461741251264309e-21,184,0.63087609445523,3.85322393881902e-19,161,0.6204034699172191,7.510540546304637e-21,2.375751612903226,1.1554113575268818,up_in_TGM2high,3.852625058228644e-19,6.76433237124152e-17,3.3582845585619306e-19
SERPINA1,0.6148985764096242,1.611604471871366e-20,184,0.6119499030409916,8.197724172806273e-18,161,0.6505458430078164,2.1289090799853194e-23,3.707017741935488,1.3939766801075262,up_in_TGM2high,2.0177287987829503e-18,1.0263550664353455e-15,3.3317427101770248e-21
NTN4,0.5849126389397238,2.8246847317443695e-18,184,0.49172583636380285,4.0294255734146243e-11,161,0.5528589703113941,4.867748280121912e-16,1.7382774193548371,0.6621676747311795,up_in_TGM2high,2.9470877367866255e-16,6.637948444625144e-10,4.548075258740771e-15
MGAT4A,0.565855021093795,5.766110505403607e-17,184,0.5547451603677289,2.710718997559839e-14,161,0.6462647419184699,5.098623740184239e-23,2.299541935483873,1.0766561827956984,up_in_TGM2high,5.156550251975225e-15,2.1372274907482296e-12,6.383476922710667e-21
RAB37,0.564608929036748,6.976180408173745e-17,184,0.5164826338184514,2.7315667977452935e-12,161,0.6224121212272844,5.181636601207329e-21,2.1359241935483864,1.1038069220430096,up_in_TGM2high,5.3488490574406776e-15,7.890027682203747e-11,2.703087093629823e-19
STAMBPL1,0.563969644169748,7.690038580985e-17,184,0.5755925419299541,1.6959707984758697e-15,161,0.638163432990878,2.563813295337364e-22,1.5582338709677428,0.5857006720430107,up_in_TGM2high,5.3488490574406776e-15,1.769462866409824e-13,2.2927816041159856e-20
CFB,0.561376201575774,1.1393131737648486e-16,184,0.5304669146096753,5.411398295675047e-13,161,0.6696999142434198,3.5790099840959926e-25,2.7634806451612928,1.1050297043010762,up_in_TGM2high,6.5215322072770254e-15,2.4196680950661282e-11,7.468200833480304e-23
NR5A2,0.561337674096049,1.1459561386589023e-16,184,0.5146867286363245,3.345037133442349e-12,161,0.6292022995075924,1.4481088732032029e-21,2.517495161290321,1.250581720430108,up_in_TGM2high,6.5215322072770254e-15,9.104318458847436e-11,1.0072401718057833e-19
ACE,0.547600701200131,8.688650598088201e-16,184,0.5230920289291952,1.282659578477933e-12,161,0.5712929302341746,3.038676194607469e-17,1.7072564516129043,1.049412096774196,up_in_TGM2high,4.532579395336012e-14,4.723205271336389e-11,3.882063873110766e-16
SLC46A3,0.5456589162219952,1.1483966664348742e-15,184,0.5438340995139076,1.0724286825027414e-13,161,0.6011890369501719,2.2954611426264423e-19,1.5907064516129017,1.218175672043012,up_in_TGM2high,5.529971639909471e-14,6.103094138606511e-12,6.247646414278925e-18
LPIN2,0.5354645450867831,4.824225383363733e-15,184,0.5016480654111274,1.4061576802286373e-11,161,0.5996369200846223,2.99578060206214e-19,1.859356451612907,0.8279690188172015,up_in_TGM2high,2.0133100599904644e-13,2.839531315558474e-10,7.212917911118846e-18
RAB20,0.5320413785132245,7.728023884570753e-15,184,0.5546862767732103,2.7312811383363956e-14,161,0.6181407560280368,1.1373139177568011e-20,1.554811290322581,0.7925278225806469,up_in_TGM2high,2.918558837501928e-13,2.1372274907482296e-12,4.555517698092193e-19
STS,0.5318567027493357,7.925798759989262e-15,184,0.48644783215263315,6.958798524237184e-11,161,0.5642384251975148,8.964817959641794e-17,1.6229354838709673,0.7172278897849456,up_in_TGM2high,2.918558837501928e-13,1.0624897258957262e-09,9.845572004799584e-16
CFI,0.5306351255032652,9.364160106595023e-15,184,0.4267340143532647,1.8346735614839465e-08,161,0.534486736950455,6.551388347812023e-15,1.997496774193548,0.7982613575268829,up_in_TGM2high,3.256646792626936e-13,9.570880412407921e-08,4.1011691057303265e-14
GRAMD1B,0.528132765695132,1.3149950025733437e-14,184,0.5112740550040956,4.899937267936362e-12,161,0.5805724224338461,7.034850156726202e-18,2.851748387096774,1.1271485215053758,up_in_TGM2high,4.332562482162701e-13,1.179754126818524e-10,1.1009540495276505e-16
KIF21B,0.5264067346034559,1.6593117046738184e-14,184,0.5225931921829435,1.358743956492938e-12,161,0.5973971688252641,4.388150276706881e-19,1.7266887096774202,0.9554116935483884,up_in_TGM2high,5.193645635629052e-13,4.7254095375809953e-11,9.81065026149467e-18
PRKCG,0.5258709341704393,1.7830584100340116e-14,184,0.5179958556734949,2.3007610507574496e-12,161,0.5662816461941893,6.570605353939042e-17,3.0471032258064508,1.1390967069892466,up_in_TGM2high,5.315212212768054e-13,7.201382088870818e-11,7.617035095492296e-16
ACSL5,0.5249561749918129,2.015439910947328e-14,184,0.508589494603066,6.596600378247529e-12,161,0.6825269782932132,1.9486452129973595e-26,3.110953225806456,1.3773509408602145,up_in_TGM2high,5.734842655695578e-13,1.4748113702796263e-10,6.099259516681735e-24
ALDH3B1,0.5204311224981217,3.674680685499514e-14,184,0.5079821598033626,7.053058429800135e-12,161,0.6241434475372264,3.754761272697941e-21,2.278135483870968,1.1256438172043008,up_in_TGM2high,1.0001522213576938e-12,1.5224877851913397e-10,2.350480556708911e-19
HSH2D,0.5176147637302306,5.316526204828848e-14,184,0.49406807786799345,3.1523541930397773e-11,161,0.6321123251200313,8.304587372056396e-22,2.071069354838708,0.8673532258064514,up_in_TGM2high,1.3867272517595246e-12,5.638210642408287e-10,6.498339618634131e-20
GNA14,0.512695051480021,1.0053397359118712e-13,184,0.44044451688490305,5.600612414571676e-09,161,0.5756289000575863,1.5426574310892022e-17,2.1248645161290325,1.0563245295698929,up_in_TGM2high,2.4205487487724283e-12,3.769874593034268e-08,2.054688408216682e-16
C4BPB,0.5095572160263564,1.5013300539672107e-13,184,0.5089400082506718,6.346350963682522e-12,161,0.6218964469521354,5.7011619345655886e-21,4.378796774193548,2.141245497311828,up_in_TGM2high,3.480861532531385e-12,1.471413223431577e-10,2.7453287469523526e-19
ANKRD58,0.5086554432854143,1.6834468235515664e-13,184,0.47999302905397007,1.3405580480595592e-10,161,0.55446631254203,3.8479691231767346e-16,1.2554161290322576,0.6295642473118281,up_in_TGM2high,3.763706112654574e-12,1.7855092299686894e-09,3.823537573188311e-15
PTPRN2,0.5053052339581207,2.568341318113451e-13,184,0.45464022687237243,1.5489950264357773e-09,161,0.5424980334469373,2.150190286762106e-15,2.7191064516129027,1.1086543010752674,up_in_TGM2high,5.359272217130067e-12,1.2431678032676878e-08,1.6024037137060458e-14
ABCC6P1,0.503487503043216,3.223699585201659e-13,184,0.5214664544223641,1.547088268388357e-12,161,0.6036354333319486,1.504256179954917e-19,2.590624193548388,1.4556358870967738,up_in_TGM2high,6.50979335592335e-12,5.0972487158479553e-11,4.280292584780809e-18
SPATA13,0.5029377203290246,3.4521732196625294e-13,184,0.5396382383514651,1.796233540137898e-13,161,0.5596582888737192,1.7851106075710834e-16,1.8562919354838725,0.8233008736559135,up_in_TGM2high,6.753313860964823e-12,8.649555354817879e-12,1.926688345412928e-15
LRRC2,0.5018281784000261,3.962291299431791e-13,184,0.4659578755577438,5.325322044188598e-10,161,0.5455782190371038,1.3899485912343203e-15,2.041485483870968,1.406546034946237,up_in_TGM2high,7.516346525588791e-12,5.2088306244719724e-09,1.1155228437342109e-14
C6orf123,0.4996071991764701,5.213255595988397e-13,184,0.49724707461883966,2.2523853602176114e-11,161,0.5780851946616551,1.0460397227226118e-17,1.791506451612904,0.9143923387096772,up_in_TGM2high,9.598523538496285e-12,4.272706774230984e-10,1.522839224242686e-16
FAM47E,0.495292180507166,8.834413431085382e-13,184,0.5408320356104355,1.5522022124071117e-13,161,0.567641402006958,5.336896734056504e-17,2.1236887096774195,0.9931098790322586,up_in_TGM2high,1.5800979451026998e-11,8.097321541390433e-12,6.424802606768023e-16
TMEM139,0.4914439934589332,1.4053114505046729e-12,184,0.5255172299544115,9.679599142576394e-13,161,0.6180120967608846,1.1643495713973657e-20,3.36518387096774,1.506401142473118,up_in_TGM2high,2.4016308872341455e-11,4.039619375501882e-11,4.555517698092193e-19
PTPRJ,0.49136021267168806,1.4194942943716195e-12,184,0.4793206013143636,1.434199796064862e-10,161,0.534283546261766,6.736581577805687e-15,1.5223370967741945,0.8457766801075284,up_in_TGM2high,2.4016308872341455e-11,1.832263412931844e-09,4.1753466016894655e-14
SPNS3,0.4870467121533385,2.371762136554881e-12,184,0.4307453421639318,1.3036166250554366e-08,161,0.6048418332164616,1.2196261096435574e-19,2.2014725806451616,1.1670252688172047,up_in_TGM2high,3.90716604600883e-11,7.486825754905534e-08,3.887118850223096e-18
C4BPA,0.48659022702645305,2.503121478920419e-12,184,0.4931262703061331,3.4801577030143106e-11,161,0.598950302518294,3.368732955939779e-19,3.828145161290324,1.958088844086021,up_in_TGM2high,4.0178308866773906e-11,5.888050600235022e-10,7.810469742290005e-18
COBL,0.48611854905511354,2.6462782396482225e-12,184,0.4757898805630937,2.0395839942600688e-10,161,0.6232229449162259,4.45721911695551e-21,2.8140887096774208,1.6204819892473132,up_in_TGM2high,4.141425445049468e-11,2.503489373346673e-09,2.5365628792855903e-19
SLC4A10,0.4847838782989004,3.095859165590948e-12,184,0.374679662366038,1.0543884794930675e-06,161,0.5240918299168515,2.6631117626058818e-14,1.23945,0.8708796370967742,up_in_TGM2high,4.726848384536424e-11,2.836043737444631e-06,1.3777751763564315e-13
ACY3,0.48309244817695884,3.773286251342706e-12,184,0.4587427582343397,1.0566093076149587e-09,161,0.6047379848084604,1.241891006461053e-19,2.4556161290322587,1.2217076612903215,up_in_TGM2high,5.623993317477462e-11,9.316020092492453e-09,3.887118850223096e-18
ZNF702P,0.4823370769201133,4.120471213725306e-12,184,0.4217348926191374,2.7914508386575376e-08,161,0.48909704172841784,2.1380414102304733e-12,2.2120564516129035,1.3577133736559135,up_in_TGM2high,5.998639487888469e-11,1.29440609259231e-07,6.593172033518602e-12
SKAP1,0.48160698117932615,4.485450382894013e-12,184,0.3842503210260836,5.268963787794655e-07,161,0.517774869228621,6.102112749420247e-14,2.1810629032258086,1.1439136424731196,up_in_TGM2high,6.381572590208299e-11,1.5412950145604928e-06,2.7872373960552093e-13
CLMN,0.48059008716370466,5.04660415028535e-12,184,0.5141301976770067,3.5609299253159412e-12,161,0.6007243781374407,2.48630869526441e-19,1.9052112903225835,1.0327564516129026,up_in_TGM2high,7.020387106841398e-11,9.200840516151432e-11,6.4851218468146695e-18
ZNF69,0.47990214020149874,5.464328509299761e-12,184,0.44655223672246935,3.244951936683718e-09,161,0.5349418089130281,6.154466311481239e-15,2.2103258064516136,1.2852061827956982,up_in_TGM2high,7.436238362655762e-11,2.3620231539116367e-08,3.891612031300258e-14
ZNF608,0.47902949278572937,6.0427747634745816e-12,184,0.45797849366524723,1.135091456377572e-09,161,0.4693955513770561,2.0452730557498417e-11,1.7373048387096786,0.8118387768817197,up_in_TGM2high,8.048461706244868e-11,9.868989606838332e-09,4.985702907757932e-11
TNFSF11,0.47875787405366876,6.234664328247093e-12,184,0.4301477222278736,1.3720907874155185e-08,161,0.4315728455101443,1.0636944232865622e-09,1.7550516129032272,1.1883098790322577,up_in_TGM2high,8.131041394755583e-11,7.652740481553178e-08,1.9079447248635758e-09
APOD,0.47732850455587444,7.346196934957991e-12,184,0.4354764074845879,8.661936945178735e-09,161,0.4543836587397913,1.0402623796511104e-10,2.772074193548386,1.4032360887096766,up_in_TGM2high,9.385141390374904e-11,5.422372527681889e-08,2.222540101234113e-10
C10orf81,0.47648952339577805,8.085924684179193e-12,184,0.5050148014060051,9.761715154779547e-12,161,0.5770478722697098,1.2330297480316365e-17,4.306912903225807,2.37859442204301,up_in_TGM2high,1.0082338892121126e-10,2.0369445622973322e-10,1.749178754507591e-16
ST6GAL1,0.4763518329448479,8.214046062271204e-12,184,0.43081977762630863,1.2953218395327365e-08,161,0.5134446124087642,1.0667296961578046e-13,1.873751612903224,1.0121255376344074,up_in_TGM2high,1.0082338892121126e-10,7.486825754905534e-08,4.637311040241568e-13
TTLL6,0.4759325838361876,8.616423674947536e-12,184,0.493181867218868,3.4599219943020624e-11,161,0.5947211964607907,6.896860654615309e-19,3.2294629032258064,1.4143834005376337,up_in_TGM2high,1.0372848500994533e-10,5.888050600235022e-10,1.3927208934803818e-17
INSC,0.47416133844189945,1.0538170709047784e-11,184,0.41555501503256337,4.646183791074471e-08,161,0.5374095898669206,4.378104690852926e-15,2.307024193548388,1.0814022849462366,up_in_TGM2high,1.2446971441252667e-10,1.9785789477636862e-07,3.07943093985835e-14
TRIM10,0.4735492394243118,1.1294455243201847e-11,184,0.47237563536092686,2.856148321977067e-10,161,0.5792570670021026,8.680675689961828e-18,3.181138709677418,1.651799059139785,up_in_TGM2high,1.309320181897103e-10,3.2180622590679003e-09,1.2938340433133583e-16
TXK,0.4706651769374506,1.5627494311605237e-11,184,0.3682253496109445,1.662696209259674e-06,161,0.5352184819577392,5.9247248369148215e-15,1.664843548387097,0.7743545698924721,up_in_TGM2high,1.778692988920887e-10,4.291493913018586e-06,3.8235853071223486e-14
C17orf73,0.47015580994541445,1.654472932094126e-11,184,0.4958977089086717,2.5989300125048088e-11,161,0.5897490364675902,1.5802148688452201e-18,3.037132258064517,2.0448518145161287,up_in_TGM2high,1.8494643848052195e-10,4.785088787729443e-10,2.7478180774919662e-17
MIA2,0.4698467567962121,1.7126510940638965e-11,184,0.48727547453838477,6.391338419780175e-11,161,0.5860272485997561,2.912156321010859e-18,3.0970661290322568,1.4363965053763437,up_in_TGM2high,1.880911552428069e-10,1.0164350396965698e-09,4.797394360402099e-17
GALNT8,0.46963112560981496,1.7544143731219977e-11,184,0.4725108681765126,2.8185064862013185e-10,161,0.5025742088905731,4.1889137912296557e-13,1.5971241935483866,0.7346862231182796,up_in_TGM2high,1.8935575820247768e-10,3.2180622590679003e-09,1.5334853995963536e-12
CLCN4,0.4662210321511818,2.5623340047369836e-11,184,0.43654153779635385,7.893492773932389e-09,161,0.5023407652808815,4.311509156354431e-13,2.3864758064516147,1.478389247311828,up_in_TGM2high,2.71867980841585e-10,5.0421698739608936e-08,1.569188797603415e-12
CCDC68,0.46516345283273297,2.8792914673600916e-11,184,0.4251699465888952,2.0936499280093814e-08,161,0.5474697203755947,1.0609089082867532e-15,2.811837096774192,1.358800672043012,up_in_TGM2high,3.004060764279029e-10,1.031988074751081e-07,8.974715899831182e-15
TMC5,0.46270347325229716,3.7707768789192384e-11,184,0.4504198392671016,2.283910675960176e-09,161,0.6128607113414348,2.956519135553783e-20,4.575791935483871,2.9671944220430104,up_in_TGM2high,3.8072682680700697e-10,1.809782383735532e-08,1.0282116549203713e-18
CDH17,0.46202435326770497,4.0607547290608675e-11,184,0.4655920511055077,5.51569889635542e-10,161,0.6042113463728611,1.3610773906588351e-19,4.851977419354839,3.041270698924732,up_in_TGM2high,4.0349721593525445e-10,5.300846739055152e-09,4.057306888344908e-18
ATP2A3,0.461419767207277,4.337024425508489e-11,184,0.4143239546391892,5.136229114230903e-08,161,0.5263880270766887,1.9617214878120068e-14,1.916587096774196,0.8433369623655942,up_in_TGM2high,4.242152016200491e-10,2.169001241749879e-07,1.0496048302310395e-13
RIPK3,0.459996917801622,5.061093858014984e-11,184,0.41768386706540767,3.902798987082808e-08,161,0.5496128234294443,7.795723895902091e-16,1.5443854838709674,1.108189381720429,up_in_TGM2high,4.800370841086939e-10,1.6966334485512762e-07,6.777948831714874e-15
NOSTRIN,0.4590433626784303,5.610590189660178e-11,184,0.4113168560832051,6.550682144033036e-08,161,0.5999930789530636,2.8185769979451297e-19,2.5575838709677434,1.4325537634408612,up_in_TGM2high,5.242133520488465e-10,2.5953968494713167e-07,7.057716802854605e-18
YPEL2,0.45748299974957135,6.636840770474729e-11,184,0.34109589593480616,1.0155556896392377e-05,161,0.4703960657030174,1.8299529854108628e-11,1.049979032258065,0.6084823924731193,up_in_TGM2high,6.109797532819383e-10,1.9929086574111688e-05,4.510041609713386e-11
SUSD1,0.455281373543894,8.39982981144164e-11,184,0.5241726202738913,1.131771618353928e-12,161,0.48290132148206594,4.417861892513197e-12,0.8074016129032273,0.5915684139784938,up_in_TGM2high,7.620715162264445e-10,4.428056456809743e-11,1.2524088096869752e-11
SHROOM4,0.45263742397446255,1.1121761697215751e-10,184,0.3471711330664795,6.870217121627158e-06,161,0.40905584021764474,8.965381575017832e-09,1.286964516129034,0.6929297043010774,up_in_TGM2high,9.946032603510084e-10,1.4193913921249507e-05,1.4427580632290908e-08
SORBS2,0.45210648995395963,1.1763251193952758e-10,184,0.33370756968085774,1.6158120410967394e-05,161,0.49957507761288783,6.058005841210118e-13,2.089562903225805,1.4048563844086033,up_in_TGM2high,1.0371542601992151e-09,3.0104117194242827e-05,2.1186098640209686e-12
C17orf76,0.4514746392864711,1.257348321080423e-10,184,0.5138505576362645,3.674457075140348e-12,161,0.5471705914900238,1.1073394478112463e-15,1.807309677419356,0.9055743279569884,up_in_TGM2high,1.0931945124949234e-09,9.200840516151432e-11,9.242593257731202e-15
INPP5D,0.45128799834722266,1.2822990546240443e-10,184,0.3989723865384337,1.7347604300643942e-07,161,0.49905089565897875,6.459128715455427e-13,1.6658290322580642,0.98766935483871,up_in_TGM2high,1.0996153536913038e-09,5.776383134150589e-07,2.2463414310417206e-12
ZNF441,0.45103927876557953,1.3162955558585876e-10,184,0.3830456210288924,5.756750063860413e-07,161,0.44872334016257587,1.882347862242847e-10,0.9010709677419372,0.6573950940860236,up_in_TGM2high,1.1135148891452375e-09,1.6468998461410947e-06,3.850816214915105e-10
MT1A,0.4495723269622115,1.535298806371915e-10,184,0.3999403517315834,1.6094934941263595e-07,161,0.477522895732689,8.198688135878964e-12,1.844017741935483,1.3694200268817205,up_in_TGM2high,1.2814627370517584e-09,5.446177985530276e-07,2.1747367682458606e-11
PKDCC,0.44930168942998594,1.5793901059587828e-10,184,0.4822600186432218,1.066482380809208e-10,161,0.5317745249155337,9.489905599028143e-15,2.705151612903226,1.3942698924731198,up_in_TGM2high,1.3009186925397342e-09,1.517313569060373e-09,5.5719199369141415e-14
ENPP4,0.4469921822890572,2.0090221340116652e-10,184,0.4306375544567543,1.315718697858123e-08,161,0.5107049729832723,1.5127298998599665e-13,2.1536612903225825,1.0620533602150548,up_in_TGM2high,1.6123690460144902e-09,7.487635498719862e-08,6.313126115415594e-13
TRIM15,0.4464721988377309,2.120332527783852e-10,184,0.44755598874597513,2.963503687649009e-09,161,0.5732696061397278,2.233596724211563e-17,4.365514516129032,2.416337499999999,up_in_TGM2high,1.6801622308768246e-09,2.2351244680340716e-08,2.9129823944925803e-16
UNC5CL,0.4457417503034039,2.2868390158332787e-10,184,0.44162780923127215,5.0428860738718875e-09,161,0.570461123037005,3.456773306116789e-17,2.7737193548387102,1.413859072580645,up_in_TGM2high,1.7894515298895404e-09,3.5076074247153354e-08,4.3278801792582203e-16
MOGAT3,0.4449157194392722,2.490403588642201e-10,184,0.47940127711034175,1.4226393232058512e-10,161,0.5933455416871622,8.687452418828866e-19,3.1900677419354846,1.7852620295698929,up_in_TGM2high,1.923935800368926e-09,1.832263412931844e-09,1.6479833982384455e-17
KCNJ3,0.44480044378717004,2.5201714956909256e-10,184,0.4473209899512891,3.0272056297692337e-09,161,0.5296063890048158,1.2731431762336274e-14,2.751095161290322,1.382244086021505,up_in_TGM2high,1.923935800368926e-09,2.2559889574232622e-08,7.115960967162953e-14
C6orf222,0.4446761390568316,2.5526571277988464e-10,184,0.44935594317992217,2.5166726931061893e-09,161,0.5502730931446147,7.086542329259092e-16,4.944996774193546,2.8776265456989245,up_in_TGM2high,1.925257062653106e-09,1.9449840813388574e-08,6.337393568737417e-15
LOC100124692,0.4442552903821888,2.665679755420464e-10,184,0.48143001408310804,1.1598614340140156e-10,161,0.5910454617219526,1.2747657995330563e-18,4.840601612903226,2.36278440860215,up_in_TGM2high,1.9865661034442983e-09,1.5784201254190733e-09,2.3470687956108626e-17
TRIM31,0.4430861341267957,3.0056918074659285e-10,184,0.4315585936427053,1.215697858867515e-08,161,0.5943230945738348,7.374107957265033e-19,4.408101612903225,2.7964336693548386,up_in_TGM2high,2.2136036134984368e-09,7.112400557486583e-08,1.4425598691399722e-17
SLC12A7,0.4425092947544836,3.188561362188453e-10,184,0.47429351170835643,2.3650072232134876e-10,161,0.486366450100721,2.9492439334978553e-12,1.283974193548385,0.6682223790322546,up_in_TGM2high,2.3209760613139204e-09,2.847104849483929e-09,8.791555725569798e-12
KBTBD11,0.44115120109418043,3.6626531384014454e-10,184,0.4229105047845613,2.5306505211921347e-08,161,0.48801106160015517,2.4306480896595744e-12,2.165964516129033,0.9142432795698944,up_in_TGM2high,2.6354262811946033e-09,1.1822292733330421e-07,7.362104132654106e-12
CA3,0.4407479755281151,3.8160912157455556e-10,184,0.38893168445917653,3.722528936027979e-07,161,0.535098934467798,6.02294795221552e-15,1.994946774193548,1.2808338709677414,up_in_TGM2high,2.693969224661344e-09,1.1479325684500073e-06,3.847311651109097e-14
SLC17A4,0.44055859543834014,3.8902855058085114e-10,184,0.4973891677407352,2.2186155634099238e-11,161,0.5769241978784303,1.2573968682562554e-17,3.0822129032258068,1.786842943548387,up_in_TGM2high,2.7059096962623647e-09,4.272706774230984e-10,1.749178754507591e-16
SHROOM3,0.4390786341424457,4.5201967984945983e-10,184,0.41609086051228256,4.447198836265839e-08,161,0.5678121423589655,5.198986291152315e-17,2.0653806451612926,1.3054260080645186,up_in_TGM2high,3.1094980174259545e-09,1.9199630837947693e-07,6.381500820120292e-16
PNKD,0.4386603995299647,4.71540726656021e-10,184,0.4857771687447805,7.454138506064133e-11,161,0.5190086235637673,5.196799225265394e-14,1.1568887096774212,0.617510215053759,up_in_TGM2high,3.20852711833336e-09,1.0851838848363134e-09,2.3920561139824534e-13
CPLX1,0.4384484983914777,4.817401453158528e-10,184,0.410086503599659,7.231226758761605e-08,161,0.520516002778747,4.267173220706672e-14,1.455732258064517,0.9185588709677416,up_in_TGM2high,3.2426809781475683e-09,2.847011289927525e-07,2.0083424394141453e-13
SPINK1,0.4374034722563819,5.352447817068841e-10,184,0.4467880716834976,3.1765955428505136e-09,161,0.5166835135284378,7.029758515894305e-14,5.290719354838712,2.6038365591397854,up_in_TGM2high,3.5645024824309516e-09,2.339469188028731e-08,3.099034387992842e-13
C1orf130,0.4357986472983897,6.287701956869873e-10,184,0.44055602179148046,5.545619266414388e-09,161,0.5364128870354211,5.0253676055041605e-15,2.676632258064516,1.375492069892473,up_in_TGM2high,4.143264657895305e-09,3.769874593034268e-08,3.419434914180005e-14
DPEP1,0.43520050912024616,6.675227018463504e-10,184,0.41977525971654456,3.28454810084648e-08,161,0.43863699893887714,5.273422209982307e-10,2.765398387096774,2.747973723118279,up_in_TGM2high,4.352804284956409e-09,1.489947181978186e-07,9.943259950147363e-10
CASP10,0.4343703646625956,7.251558344799013e-10,184,0.3856798792498152,4.7412870170699047e-07,161,0.5958534843548016,5.698809105236253e-19,1.485456451612901,1.1248276881720454,up_in_TGM2high,4.679871674066167e-09,1.3934486726224227e-06,1.2202055398126603e-17
ALPI,0.4335843941701041,7.841397079341398e-10,184,0.4638393245440166,6.522875899596182e-10,161,0.547049540394779,1.1266878688390689e-15,2.9947322580645155,2.0471400537634405,up_in_TGM2high,5.008892420069097e-09,6.0048828134517796e-09,9.280350077542855e-15
MGAT3,0.43337635568569277,8.005129173910092e-10,184,0.43560363279242786,8.566495540968209e-09,161,0.5257382432331288,2.1394664944705287e-14,2.305587096774194,1.1195361559139796,up_in_TGM2high,5.061829154411837e-09,5.416794150147574e-08,1.1350051063886026e-13
METTL7B,0.43303346111614105,8.282238917648644e-10,184,0.43971942297538874,5.971252037448624e-09,161,0.5459408613558142,1.319966553672551e-15,2.6870419354838733,1.3770703629032264,up_in_TGM2high,5.184681562448051e-09,3.976599761109403e-08,1.0731156657130091e-14
SERPINA4,0.43269138589111755,8.567920402262462e-10,184,0.46852136876189004,4.158562786120446e-10,161,0.521991288500068,3.515253534028747e-14,3.30803870967742,1.0188002688172038,up_in_TGM2high,5.310414031501288e-09,4.338767173518999e-09,1.7327155214976341e-13
TRIM40,0.4312819429712647,9.848831681924148e-10,184,0.3830343321880975,5.761518631068686e-07,161,0.5798191115847401,7.935829034125656e-18,2.4671564516129028,1.803063978494624,up_in_TGM2high,5.985794789208269e-09,1.6468998461410947e-06,1.2116656037469905e-16
SUSD2,0.43103773766639053,1.0088824870191034e-09,184,0.34757019231288144,6.694175200639631e-06,161,0.3848172437577947,7.506087719595237e-08,1.2676241935483867,0.8492807795698925,up_in_TGM2high,6.0726965084034495e-09,1.3922105234552856e-05,1.0606796642136836e-07
C1orf127,0.430606593275363,1.0526406229418183e-09,184,0.3872562400295302,4.218022421770493e-07,161,0.44497260529360333,2.7719236253803555e-10,1.1321435483870967,1.2318492607526883,up_in_TGM2high,6.275743142491221e-09,1.2755951864871153e-06,5.50864822059715e-10
CCL15,0.43019289923528786,1.0963494683833631e-09,184,0.448477775225324,2.725885532164265e-09,161,0.5505586674853912,6.799713218727751e-16,3.456122580645162,1.8819664650537635,up_in_TGM2high,6.474667615169673e-09,2.0809809062619873e-08,6.169015181048655e-15
OSBPL7,0.4298395330469457,1.1350694783089348e-09,184,0.4276826805772382,1.69291311224543e-08,161,0.4964871463137709,8.824242223932947e-13,1.4988983870967738,0.7312120967741942,up_in_TGM2high,6.640686854405543e-09,8.905576540047389e-08,3.0185659192251502e-12
HNF1B,0.429233197776581,1.2046095610840288e-09,184,0.4722951636437281,2.8787777397412523e-10,161,0.5568439128572613,2.7114341608162423e-16,4.848129032258065,2.573202486559139,up_in_TGM2high,6.936174374295014e-09,3.2180622590679003e-09,2.7376738462434963e-15
HOXB6,0.4291306274200073,1.2167734954591968e-09,184,0.46887905945275804,4.0168571891486037e-10,161,0.5082663244240804,2.0590396571748898e-13,2.1146790322580644,1.442548185483871,up_in_TGM2high,6.936174374295014e-09,4.261953560011908e-09,8.106659279191705e-13
AXIN2,0.42911349671245014,1.2188165833425742e-09,184,0.4643881293076197,6.189798821203906e-10,161,0.43220881488416707,9.99238588349616e-10,1.6071870967741946,0.995272580645163,up_in_TGM2high,6.936174374295014e-09,5.783304570259172e-09,1.7974809089277574e-09
RAB17,0.4286305958872084,1.2777934502449357e-09,184,0.44119949074377285,5.238288352107941e-09,161,0.5671203244733879,5.780273955046495e-17,2.5601741935483853,1.674094287634409,up_in_TGM2high,7.1387178603847915e-09,3.603481877384144e-08,6.827266973319067e-16
LOC93432,0.42854430774362534,1.2886183997180215e-09,184,0.46921774583890147,3.886990527139581e-10,161,0.5539402046494043,4.1563274124428175e-16,3.6744258064516138,1.525184879032258,up_in_TGM2high,7.1387178603847915e-09,4.195269086188582e-09,4.065407750295631e-15
GOLT1A,0.4276761356090805,1.4025823957195743e-09,184,0.4553140053375131,1.455175740407699e-09,161,0.565685397708527,7.19578710210612e-17,3.205309677419354,1.6896261424731178,up_in_TGM2high,7.701899822109242e-09,1.1986052809147626e-08,8.190114047124421e-16
LOC100240735,0.4270949068828021,1.4842601109469093e-09,184,0.2691944828731026,0.00057713785697225,161,0.4129359361722525,6.27869814791564e-09,1.3257338709677422,0.6869963037634412,up_in_TGM2high,8.07953764741535e-09,0.0007957892036665826,1.0289175498940289e-08
KCNK5,0.42609294084733657,1.6359742099793846e-09,184,0.4086015916075393,8.143094923499081e-08,161,0.5647641713736371,8.277697289745122e-17,2.151590322580644,1.4222440860215038,up_in_TGM2high,8.800814658085454e-09,3.091512931438428e-07,9.253283041750798e-16
CLRN3,0.4260369468362926,1.644880694881786e-09,184,0.460873303224809,8.644999244261166e-10,161,0.5532868834901067,4.57299895227187e-16,4.361096774193548,2.188749126344085,up_in_TGM2high,8.800814658085454e-09,7.731099324153557e-09,4.337420218366955e-15
TMPRSS5,0.423922879506743,2.0176458259674074e-09,184,0.45536697259157327,1.4480375819352257e-09,161,0.49990832209300584,5.815716584846892e-13,1.597662903225806,0.7176608198924734,up_in_TGM2high,1.07037820936915e-08,1.1986052809147626e-08,2.0568579559966974e-12
SGSM1,0.42328930601366754,2.1444303905777266e-09,184,0.36759862836857254,1.7369760185836545e-06,161,0.4764423672943362,9.271084138670902e-12,2.083041935483871,1.633606115591399,up_in_TGM2high,1.1280785079845855e-08,4.4201097058266984e-06,2.4283258036853493e-11
OMP,0.4230230974725754,2.1999675413944532e-09,184,0.4672196573722212,4.716197566805233e-10,161,0.5375290995926202,4.306185845481992e-15,1.203062903225807,0.695904435483871,up_in_TGM2high,1.142703633365727e-08,4.839901109541108e-09,3.06326402189969e-14
ABCC6,0.4229816416559111,2.2087402497963734e-09,184,0.4328898696653219,1.0839586755420089e-08,161,0.5285169264091427,1.4745497430933508e-14,2.150153225806452,1.168879637096774,up_in_TGM2high,1.142703633365727e-08,6.587943018342695e-08,7.957483958417565e-14
TMEM82,0.42254455954287273,2.303314277892779e-09,184,0.42375049430789313,2.3588248502815644e-08,161,0.545398381882463,1.4259845043202255e-15,1.9200306451612903,1.2779374327956987,up_in_TGM2high,1.1818645393121963e-08,1.1271941650963812e-07,1.129957341398052e-14
PLEKHA6,0.42066228737647116,2.757217401825911e-09,184,0.42606048161284676,1.9421779494354844e-08,161,0.5957007664848477,5.847630382488788e-19,2.889759677419355,1.7556732526881706,up_in_TGM2high,1.4032667427179026e-08,9.804866099569462e-08,1.2202055398126603e-17
CASP5,0.42041217980547996,2.8236757249983632e-09,184,0.4461632520220511,3.360808415290453e-09,161,0.4828553999325197,4.44144977237234e-12,2.0264354838709675,1.0676350134408603,up_in_TGM2high,1.4251137391708852e-08,2.418236859737728e-08,1.2524088096869752e-11
RNF186,0.41874269347269477,3.308599766464892e-09,184,0.45611298403877576,1.3510214415003393e-09,161,0.5576474234920046,2.407383876862482e-16,3.856764516129032,1.930425806451612,up_in_TGM2high,1.643796391910335e-08,1.14289111132326e-08,2.4705283719933015e-15
ARHGEF10L,0.4174741384292346,3.729866921375876e-09,184,0.40317326084129024,1.250898473196722e-07,161,0.536493642277267,4.969622698939228e-15,1.0402661290322577,0.7189453629032254,up_in_TGM2high,1.8385013328986604e-08,4.4546591557397365e-07,3.41866352696259e-14
GCNT1,0.4169020053553196,3.936384098784413e-09,184,0.4260981262026278,1.9360128781770508e-08,161,0.4822029413672492,4.790110843566519e-12,1.861766129032258,0.869535819892473,up_in_TGM2high,1.925137848311752e-08,9.804866099569462e-08,1.3327152835878405e-11
RICH2,0.41626437556587237,4.179547419737411e-09,184,0.3645662928439422,2.143230428650747e-06,161,0.449844105529926,1.6752402437731386e-10,1.5638419354838708,0.8302144489247327,up_in_TGM2high,2.0282144843066817e-08,5.261420581707324e-06,3.4956679753399497e-10
CDHR5,0.4153688117012347,4.545689341652958e-09,184,0.4634840350363539,6.747670491720545e-10,161,0.5304697859121358,1.1328366830903539e-14,4.248667741935484,1.979352755376344,up_in_TGM2high,2.1889242522113474e-08,6.121799605531973e-09,6.388790663194248e-14
HABP2,0.413996411119202,5.167511622558669e-09,184,0.41297115411009666,5.731888879642835e-08,161,0.49306891440269696,1.3322834442092995e-12,3.718006451612904,2.0697032930107526,up_in_TGM2high,2.469360515818112e-08,2.3452042082721664e-07,4.299017711726914e-12
CHDH,0.4122132110727976,6.098978212495076e-09,184,0.4774184629982605,1.7346688358751717e-10,161,0.5112272590254874,1.4156128320490566e-13,2.280224193548385,1.3608391801075277,up_in_TGM2high,2.8706468879864046e-08,2.171805382515715e-09,5.987659681504793e-13
SP5,0.4121164487451326,6.153903580843403e-09,184,0.4160052498653314,4.4784314173742525e-08,161,0.4964313339519849,8.884127214167255e-13,2.3110274193548395,2.2026178763440853,up_in_TGM2high,2.8748833146328136e-08,1.9202041556686864e-07,3.022534584819947e-12
GPR44,0.41201980891328827,6.2092354770869136e-09,184,0.3625677943505751,2.4587680777205483e-06,161,0.480707259631054,5.692747371032472e-12,1.509998387096775,0.8752586693548388,up_in_TGM2high,2.8792454878936354e-08,5.897275159590281e-06,1.5698942089278975e-11
CLDN23,0.4114754098360655,6.5300146900106205e-09,184,0.37460367487491825,1.0601185855623702e-06,161,0.5173418788014517,6.454915214239963e-14,1.736738709677419,1.2026332661290304,up_in_TGM2high,3.0057273499607707e-08,2.836043737444631e-06,2.907033758355552e-13
TMEM63A,0.4113039625512897,6.634305614867612e-09,184,0.4351041957829668,8.947076908048279e-09,161,0.5536649985848255,4.3271174099652565e-16,1.2542854838709694,0.7237019489247309,up_in_TGM2high,3.0314418356986314e-08,5.5454159845923e-08,4.1673469209819235e-15
ZNF763,0.41077613607905833,6.965564980774395e-09,184,0.35649971610018927,3.710078062501881e-06,161,0.4670987254632205,2.6367371115168896e-11,1.1163822580645162,0.716136491935484,up_in_TGM2high,3.157136922731643e-08,8.476309734037145e-06,6.158945641080496e-11
IL7,0.4107067866155535,7.0102561063849585e-09,184,0.3536193865606924,4.4968986361290775e-06,161,0.4961828421328279,9.155586643155845e-13,1.289353225806451,0.7648786962365595,up_in_TGM2high,3.157136922731643e-08,9.842862049709099e-06,3.081396364847075e-12
C14orf73,0.40842210706786614,8.647397083426333e-09,184,0.40282344641096934,1.285650560414779e-07,161,0.4916139203383434,1.585456467048214e-12,1.9603919354838708,1.176389650537634,up_in_TGM2high,3.8121623762147075e-08,4.500469377928787e-07,5.038049484122751e-12
SSTR1,0.4080462314759675,8.949859257136132e-09,184,0.42617571207500504,1.923365909980739e-08,161,0.5355599595968253,5.652690203413316e-15,3.4170048387096785,2.70086303763441,up_in_TGM2high,3.917910416060992e-08,9.804866099569462e-08,3.7248253340386694e-14
ZNF816A,0.4076883549192142,9.247299019981124e-09,184,0.4120012747522456,6.19916627088266e-08,161,0.4932011608359736,1.3113281302453188e-12,1.218129032258065,0.8584348118279559,up_in_TGM2high,4.020006379519572e-08,2.487614157418298e-07,4.25332336545891e-12
MS4A8B,0.4074546126389154,9.446688000269363e-09,184,0.4099734094371645,7.29707896273757e-08,161,0.5326137942746142,8.464819475402479e-15,2.6953661290322577,1.937363642473118,up_in_TGM2high,4.0783632332197387e-08,2.8483198115768654e-07,5.0951701842326455e-14
CA13,0.40674423532584614,1.007842331559583e-08,184,0.35798253842097577,3.357852510670085e-06,161,0.532631016743355,8.444958581149088e-15,1.5121451612903245,1.356832258064518,up_in_TGM2high,4.3212965723034176e-08,7.801001620877994e-06,5.0951701842326455e-14
CADPS,0.40660468459666615,1.020722217377661e-08,184,0.3878495296466485,4.035761482923613e-07,161,0.424730170478599,2.0671884473277964e-09,2.2804564516129044,1.4981163306451617,up_in_TGM2high,4.346749034547046e-08,1.2323837503952105e-06,3.6238168844529984e-09
TM4SF5,0.4062051967024017,1.0584762730454877e-08,184,0.4085931880451255,8.148556448679562e-08,161,0.5291724840557324,1.3499181965598842e-14,3.825877419354838,1.8190049731182796,up_in_TGM2high,4.477068560314022e-08,3.091512931438428e-07,7.348250356925978e-14
KIF13B,0.4060911945445088,1.0694947023598128e-08,184,0.3736664343458671,1.1332805709919082e-06,161,0.549798835581306,7.589203290634221e-16,1.3689435483870955,0.8127026881720418,up_in_TGM2high,4.493313313270086e-08,3.018866542301849e-06,6.691325718221158e-15
RFK,0.40590376404226414,1.087850736118325e-08,184,0.4562354402055469,1.3357081477846115e-09,161,0.47385122911969885,1.2427777104528651e-11,0.8841983870967738,0.6042065188172057,up_in_TGM2high,4.53996373873381e-08,1.14289111132326e-08,3.162515637168673e-11
ALPPL2,0.4054346063449218,1.1351387206566517e-08,184,0.4370422339625963,7.555363618805365e-09,161,0.5061123583188383,2.6980755416604864e-13,2.677274193548388,1.936876008064516,up_in_TGM2high,4.705939331993801e-08,4.875935696259957e-08,1.0490653969437668e-12
BTNL8,0.4051304428318233,1.1668482422327225e-08,184,0.4037959043641035,1.1912573746305428e-07,161,0.5204592918028683,4.299007777659672e-14,3.3671532258064505,1.3726610887096775,up_in_TGM2high,4.7741633963247334e-08,4.285788025969654e-07,2.0083424394141453e-13
DGKD,0.4050008668682938,1.1806144779547514e-08,184,0.45018256768222376,2.3339496351840588e-09,161,0.4688898791152032,2.1632613155333284e-11,0.983604838709681,0.6046226478494621,up_in_TGM2high,4.799121189608275e-08,1.826315589531526e-08,5.1687083340605486e-11
CDX2,0.40452335868631945,1.2327089680040225e-08,184,0.4291505844345865,1.494111907019721e-08,161,0.5316490888496781,9.653167860502374e-15,3.221241935483872,2.2033746639784946,up_in_TGM2high,4.978553638519472e-08,8.063052187882287e-08,5.595262111735635e-14
SNAI3,0.4037529654149986,1.3214566422232704e-08,184,0.33803562298292816,1.232732581025547e-05,161,0.38942918951078653,5.0755482803620346e-08,0.9187806451612892,0.6446715053763437,up_in_TGM2high,5.302768320716457e-08,2.338456350672704e-05,7.33785963858345e-08
TTLL2,0.4036683948758834,1.331565832891969e-08,184,0.4134273036187156,5.5239921422237224e-08,161,0.45267345463491304,1.2458325836577366e-10,1.7812048387096775,0.9517798387096776,up_in_TGM2high,5.308017585379566e-08,2.2900788616106294e-07,2.652691147516133e-10
KIF12,0.40360060173747553,1.3397232883226382e-08,184,0.45502112009537826,1.495263878308376e-09,161,0.49117767062463386,1.6700876950986325e-12,2.733603225806452,1.6789304435483876,up_in_TGM2high,5.308017585379566e-08,1.215630114053303e-08,5.253642699154493e-12
RAB19,0.4030254945330616,1.4108889669490975e-08,184,0.41773403021529865,3.886741120733811e-08,161,0.5294991335051169,1.2917147904194147e-14,1.7567548387096772,1.3536120295698923,up_in_TGM2high,5.554820712642359e-08,1.6966334485512762e-07,7.132982961226356e-14
REG1B,0.4010875658538538,1.6785047505914323e-08,184,0.38198416377935296,6.222004390262037e-07,161,0.46392496977422576,3.733853198970486e-11,2.711983870967741,1.8984356182795703,up_in_TGM2high,6.567149836688979e-08,1.770443067410925e-06,8.438238637384564e-11
USH1C,0.40089846696827397,1.7070924901091675e-08,184,0.42473303033323023,2.1720573567282088e-08,161,0.5228874413241025,3.123350372134332e-14,4.8978209677419375,2.324729838709678,up_in_TGM2high,6.637514899430676e-08,1.045929157932199e-07,1.5641738663648734e-13
GPAT2,0.4007551386026083,1.7290724977710924e-08,184,0.242531314794171,0.002001423972405482,161,0.33844296734624385,2.785512188942145e-06,1.6049951612903213,1.227728427419354,up_in_TGM2high,6.66793874103902e-08,0.002490837786731276,3.379322926894928e-06
KRT7,0.4007089056269384,1.7362204709095212e-08,184,0.3972302329001086,1.9841005352545244e-07,161,0.4936013762864299,1.2498463181553156e-12,3.332912903225808,2.013266868279569,up_in_TGM2high,6.66793874103902e-08,6.502863534394409e-07,4.07501976648556e-12
ATP7B,0.4005415039883649,1.762340864166163e-08,184,0.4114043061485301,6.504724925602831e-08,161,0.5102281905043506,1.6070330236745523e-13,1.7430483870967732,1.087182997311828,up_in_TGM2high,6.726984030292793e-08,2.5936036964505554e-07,6.662269356425627e-13
C11orf9,0.4000886132033673,1.834918053604059e-08,184,0.4180417627241933,3.78961188614999e-08,161,0.5428488645973072,2.046411999860719e-15,3.262651612903226,1.8755807795698909,up_in_TGM2high,6.961567888219036e-08,1.682480170730421e-07,1.543438448087723e-14
ZNF321,0.39996339889426125,1.8554865612833932e-08,184,0.40850003984886946,8.209329771425008e-08,161,0.5214306268963693,3.7844033793257864e-14,1.4960806451612898,0.900352822580647,up_in_TGM2high,6.997196309418097e-08,3.092726751977762e-07,1.8370866333025214e-13
GRM8,0.39980350985340296,1.8820738755145572e-08,184,0.3411458419576262,1.0123314376820882e-05,161,0.4149766883443525,5.196505192775317e-09,1.2114306451612906,0.9316354838709672,up_in_TGM2high,7.05495955731804e-08,1.9929086574111688e-05,8.697893718388632e-09
GJB1,0.3995546510125158,1.9241868188400955e-08,184,0.4099248146777919,7.32555095309705e-08,161,0.5505770853161729,6.781608948189909e-16,4.306629032258064,2.449697782258065,up_in_TGM2high,7.169886598773213e-08,2.8483198115768654e-07,6.169015181048655e-15
BCL2L15,0.3990811196085608,2.006838978749257e-08,184,0.4091177732540798,7.814273511211419e-08,161,0.5586812384092351,2.0648166742196975e-16,3.5978806451612915,2.4586379032258057,up_in_TGM2high,7.433616572171804e-08,3.0195896407520667e-07,2.1542920634358842e-15
C12orf27,0.39899188678314085,2.0227921636073342e-08,184,0.4336311408776089,1.0166770650800175e-08,161,0.5354197555160851,5.76287435473584e-15,4.2935451612903215,2.470047379032258,up_in_TGM2high,7.448634673048183e-08,6.23960630137344e-08,3.757874318817329e-14
KRTAP5-5,0.3987519992885239,2.066287264414099e-08,184,0.44587976637345494,3.447744527463084e-09,161,0.5004775825617397,5.423476705678857e-13,1.0863032258064518,0.9560135752688174,up_in_TGM2high,7.564303084931147e-08,2.4526000843089665e-08,1.9290320555425935e-12
CYP2B6,0.3976991607867274,2.2680623579891556e-08,184,0.42938130013140635,1.46498342328077e-08,161,0.525257055373244,2.2811209116641614e-14,3.5381080645161305,1.8208058467741937,up_in_TGM2high,8.206977087290238e-08,7.974605417163148e-08,1.1999846140350966e-13
EVX1,0.3969937278541761,2.4137292340635647e-08,184,0.41879085833850105,3.562822647045137e-08,161,0.5212869452853117,3.8565510366088126e-14,1.2847693548387094,1.0218519489247313,up_in_TGM2high,8.683876439791905e-08,1.5930906978930397e-07,1.8570776530131666e-13
REG3A,0.3968478886387502,2.4449474396043385e-08,184,0.3947179161806645,2.404835218965531e-07,161,0.48406500855740725,3.8591668916141995e-12,3.855535483870968,3.269910349462365,up_in_TGM2high,8.745926269670378e-08,7.840764828502201e-07,1.1132896194241885e-11
DDAH1,0.3959008668205978,2.6573252150406334e-08,184,0.41961796731546713,3.327565355529961e-08,161,0.5066465534773025,2.523583664582887e-13,2.0912241935483884,1.2079479838709697,up_in_TGM2high,9.431826739974141e-08,1.498601375943709e-07,9.873521087680545e-13
ABP1,0.39586022230355794,2.6668264105038705e-08,184,0.3919536836594905,2.966108289837599e-07,161,0.5391842650390257,3.4211671934159957e-15,3.49115,2.980184811827957,up_in_TGM2high,9.431826739974141e-08,9.425298423544857e-07,2.4616674288257622e-14
SIDT1,0.39571959700256204,2.699952307691744e-08,184,0.3131960752955944,5.518177271682393e-05,161,0.5150437526573618,8.687059091218154e-14,1.804498387096776,1.5925731854838716,up_in_TGM2high,9.495337891095685e-08,8.926043855486248e-05,3.802866427344451e-13
EMB,0.39535358594517533,2.7880373028553393e-08,184,0.3521787320401525,4.9475082073061485e-06,161,0.3913856481222769,4.291455271290716e-08,1.5094387096774184,0.9836852822580636,up_in_TGM2high,9.750342746298561e-08,1.0679793578529823e-05,6.291454332149856e-08
REPS2,0.39523607713201436,2.8168989618969636e-08,184,0.4053963459951866,1.0501996794380668e-07,161,0.4858075069055467,3.1488611724421324e-12,1.6696822580645163,1.0088885752688173,up_in_TGM2high,9.796548611930551e-08,3.8222383681873827e-07,9.211154644620443e-12
KLHDC7A,0.3949483774567886,2.8887803299330505e-08,184,0.3599427847324063,2.94074348585266e-06,161,0.5086830076316695,1.953711838746939e-13,2.7261032258064524,2.31247251344086,up_in_TGM2high,9.991030312365137e-08,6.92069707572844e-06,7.789959306086521e-13
KISS1,0.39451315723541525,3.000883969026501e-08,184,0.4264908666881229,1.8728057395613613e-08,161,0.5019778626593017,4.509057871325009e-13,1.5439387096774195,0.6996778897849463,up_in_TGM2high,1.0321721783574668e-07,9.689061098887704e-08,1.631601287543038e-12
SLC37A1,0.39423436265916656,3.074882432590024e-08,184,0.3773645060952298,8.698622183570929e-07,161,0.5810086750922069,6.559697224472164e-18,1.321195161290321,0.7224716397849491,up_in_TGM2high,1.0518450288531993e-07,2.3988270867468726e-06,1.0529155032101474e-16
XBP1,0.3939781549189959,3.1444313497626176e-08,184,0.34007501782431226,1.0836256008904023e-05,161,0.47842138170229714,7.399629358126797e-12,0.8971532258064503,0.6490121639784956,up_in_TGM2high,1.069790230951847e-07,2.0936716856709627e-05,1.97955896503734e-11
MUC2,0.39374295717278707,3.2096073693707535e-08,184,0.4087624850264173,8.039203881781889e-08,161,0.5095115927804738,1.7596309269002142e-13,4.5858080645161285,2.652853494623656,up_in_TGM2high,1.0860617368789685e-07,3.0874488527579523e-07,7.106638453158285e-13
LOC440925,0.393481701461378,3.283527738657786e-08,184,0.4250470240242996,2.1154296873302874e-08,161,0.48365258526025506,4.048828676315695e-12,1.6874258064516137,1.662430846774194,up_in_TGM2high,1.1051012711826741e-07,1.0345773314599687e-07,1.1626452987952409e-11
MLPH,0.39212113039625507,3.695739410861333e-08,184,0.39928041786306734,1.6939180498439926e-07,161,0.48933133320307104,2.0795637546393925e-12,2.8383822580645184,1.6347428763440863,up_in_TGM2high,1.237183353582457e-07,5.701036017216878e-07,6.4766512955435804e-12
PARD6B,0.3908593554352641,4.1221680200324914e-08,184,0.3863187823697862,4.5221392386031605e-07,161,0.5238672301385753,2.7435995372212516e-14,1.2488048387096802,0.7215160618279572,up_in_TGM2high,1.3725942449682657e-07,1.3544780685959704e-06,1.4077814018856587e-13
CAPN5,0.39054920922347863,4.234013841525324e-08,184,0.35352500395795916,4.525185664506976e-06,161,0.5434566176547705,1.8780922400246066e-15,2.2741354838709675,1.591614448924732,up_in_TGM2high,1.4023770713200282e-07,9.870265595753893e-06,1.433763100311468e-14
RSPH1,0.39031363246199063,4.3209121678372424e-08,184,0.4300686557204952,1.3814052306957013e-08,161,0.5209101522306133,4.052181783451747e-14,2.26212741935484,1.26804314516129,up_in_TGM2high,1.4185425435207627e-07,7.652740481553178e-08,1.9217165124551466e-13
SI,0.39029424123704715,4.3281409874195795e-08,184,0.38826390811948625,3.9129532345523716e-07,161,0.5111067369621255,1.4374693806358439e-13,3.2909725806451604,1.0907567204301074,up_in_TGM2high,1.4185425435207627e-07,1.2007395709949924e-06,6.039300887772069e-13
C20orf46,0.38982893309174693,4.5051307197220405e-08,184,0.4003990840003753,1.5531987203123405e-07,161,0.45261424316850296,1.2536128612853216e-10,1.316556451612905,0.8757752688172031,up_in_TGM2high,1.4688603284093737e-07,5.284252168019158e-07,2.6602089869986823e-10
TDGF1,0.38962013325440226,4.586794928154629e-08,184,0.4131347570412152,5.6564753580263006e-08,161,0.4615043790370634,4.856833111590512e-11,1.642904838709678,1.3161157258064518,up_in_TGM2high,1.4877376295465273e-07,2.3295747198187263e-07,1.0596048482988085e-10
SEMA4G,0.3888135462618713,4.915832674715902e-08,184,0.43201030602297863,1.1693588561715768e-08,161,0.5448691833103313,1.5374006131355393e-15,2.570243548387098,1.234532056451612,up_in_TGM2high,1.5839387853347119e-07,6.97160613298483e-08,1.2030159797785596e-14
ARHGEF38,0.38877055072252936,4.933994618854134e-08,184,0.444458127945725,3.917450375045708e-09,161,0.5312929015526292,1.013185064466084e-14,2.6673822580645155,1.8000870967741944,up_in_TGM2high,1.5839387853347119e-07,2.755420151436644e-08,5.81884266381439e-14
MUC6,0.3884328724802963,5.078894498986021e-08,184,0.3818626537081014,6.277498123051725e-07,161,0.475617892491486,1.0179823308772267e-11,4.044108064516129,2.276888642473116,up_in_TGM2high,1.6221367124312498e-07,1.7781510520499458e-06,2.642469521847678e-11
MUC13,0.388299091723929,5.137424508045908e-08,184,0.42064939274571517,3.0550501588026084e-08,161,0.5361844336483194,5.186393988833365e-15,5.714190322580643,3.755936357526884,up_in_TGM2high,1.6238299465489873e-07,1.3959572258470314e-07,3.491056598935147e-14
NR1I2,0.3881963681233477,5.182806255423233e-08,184,0.39278945383879427,2.7843879755561944e-07,161,0.49369403550931595,1.2360168345376475e-12,3.178214516129031,1.364017540322581,up_in_TGM2high,1.6238299465489873e-07,8.938599347170143e-07,4.051028996966321e-12
SLC39A5,0.38817515552688087,5.192225541035467e-08,184,0.42955284136363847,1.4436807878490848e-08,161,0.5235011853586595,2.8798862069965756e-14,3.56003064516129,2.0806536290322577,up_in_TGM2high,1.6238299465489873e-07,7.927580466609887e-08,1.4656981833982572e-13
CNR2,0.38816223679716727,5.197970059728005e-08,184,0.26961385755639966,0.00056536710756018,161,0.40162910951200714,1.7507524223251624e-08,1.509274193548387,0.6875073924731183,up_in_TGM2high,1.6238299465489873e-07,0.0007812799323017057,2.71953105800385e-08
WBSCR26,0.38812649542210387,5.213894876299463e-08,184,0.4013498546284563,1.4424666369051966e-07,161,0.5317482427217405,9.523888710060913e-15,1.8909112903225809,1.3758158602150536,up_in_TGM2high,1.6238299465489873e-07,4.934339424604662e-07,5.5719199369141415e-14
TM4SF4,0.3878283954892091,5.348554296929984e-08,184,0.4290088968618641,1.512275637851549e-08,161,0.5088133829986718,1.9218477048268913e-13,3.43615,1.8257879704301077,up_in_TGM2high,1.6487486167849538e-07,8.091320934145895e-08,7.712029892446371e-13
CLDN3,0.38777523068328484,5.372918815081959e-08,184,0.470350013373523,3.4816424303256746e-10,161,0.524478752389936,2.5298220256580823e-14,3.487438709677421,2.448049596774194,up_in_TGM2high,1.6487486167849538e-07,3.823698528743635e-09,1.319723823384966e-13
KCNQ1,0.3874438943576506,5.527185692388403e-08,184,0.4070989957628624,9.177556581557418e-08,161,0.47143323721718,1.6300203890842315e-11,1.6876838709677422,1.3740776209677446,up_in_TGM2high,1.687813777285434e-07,3.3795002470911434e-07,4.049177633201305e-11
PROM1,0.3865839545491551,5.947681803839842e-08,184,0.4084372138537843,8.250564977320866e-08,161,0.4996050790902224,6.035796511566959e-13,3.967280645161288,3.107839180107528,up_in_TGM2high,1.8074023345649227e-07,3.092726751977762e-07,2.1186098640209686e-12
DMBT1,0.3862995622338831,6.093386865384022e-08,184,0.40308656816610283,1.2594260360060048e-07,161,0.5226463355198875,3.2243876284833376e-14,4.98374677419355,3.647666397849462,up_in_TGM2high,1.8427343853770038e-07,4.4546591557397365e-07,1.6019576630401344e-13
MARCH3,0.3860137475746184,6.24327287575465e-08,184,0.3387585714650851,1.1777852541396572e-05,161,0.464541551767644,3.490804343758524e-11,1.2687370967741938,0.8059954301075258,up_in_TGM2high,1.8789850097223132e-07,2.2493924639861845e-05,8.004555015358374e-11
ARL14,0.38584782535856793,6.331903725024493e-08,184,0.36402297377813103,2.2249740452983738e-06,161,0.48839264118862874,2.323652069283715e-12,2.9314693548387103,1.5642069220430104,up_in_TGM2high,1.896541498500159e-07,5.419586585045844e-06,7.1304225263314e-12
NAT2,0.38539762809634887,6.578517875636966e-08,184,0.3859093925483062,4.661420024334107e-07,161,0.502976835553418,3.985399341724002e-13,1.6503629032258065,1.1913691532258064,up_in_TGM2high,1.9610248524517814e-07,1.3768429918174902e-06,1.4850357070947768e-12
CHST4,0.38513328374808,6.727595788657881e-08,184,0.3779318598416294,8.350240168242098e-07,161,0.45566784669563737,9.079231098274283e-11,2.576662903225805,0.7535942876344084,up_in_TGM2high,1.986544794198035e-07,2.3232223756975795e-06,1.946437899835514e-10
LRRC36,0.3841997744755852,7.280453645587469e-08,184,0.40571023563677167,1.024479904240893e-07,161,0.4485284693093882,1.9208040536522466e-10,1.2236112903225802,1.0031301747311825,up_in_TGM2high,2.139701400064674e-07,3.750435204998825e-07,3.9145947077509313e-10
ZNF91,0.3840631080117894,7.364967191323315e-08,184,0.35795255350877614,3.3646492614010517e-06,161,0.4354259236952817,7.269020804468842e-10,1.5899322580645174,1.0110823252688164,up_in_TGM2high,2.1444044008225094e-07,7.801001620877994e-06,1.3459697955022954e-09
GDA,0.38399482959021863,7.407542259655428e-08,184,0.42826100222119734,1.6117273922970654e-08,161,0.4675706525295077,2.5030371500263497e-11,2.931748387096776,1.9515356854838692,up_in_TGM2high,2.146815488214953e-07,8.550350403203075e-08,5.890606225249981e-11
SECTM1,0.3834370364662596,7.764319413588803e-08,184,0.24985972770807147,0.0014404611307256524,161,0.3790139662646406,1.217751551483757e-07,1.0908354838709684,0.8460908602150532,up_in_TGM2high,2.2398451395882905e-07,0.001840262587416854,1.685457464863971e-07
NR3C2,0.3826009901562289,8.330144687387803e-08,184,0.32197099515083855,3.298418696266595e-05,161,0.46570382439283226,3.073718011747598e-11,2.039664516129034,1.3218452956989246,up_in_TGM2high,2.3818990174885378e-07,5.657013983185997e-05,7.126472130940727e-11
FMN1,0.38259713740825646,8.332841610702713e-08,184,0.38598335149536184,4.635958442768315e-07,161,0.47707041551582263,8.632229955665457e-12,1.6333725806451609,0.936787634408602,up_in_TGM2high,2.3818990174885378e-07,1.3768429918174902e-06,2.2800742414542514e-11
CPM,0.3815780855695324,9.076399733585948e-08,184,0.2223134781483581,0.004721194133715662,161,0.37380576546297084,1.865130344090432e-07,1.1460387096774198,0.7604698924731181,up_in_TGM2high,2.582648287829456e-07,0.005640205205545811,2.543728966014402e-07
IGSF22,0.38099806399316977,9.527640490824416e-08,184,0.3139716570151203,5.2762018548863773e-05,161,0.4126581545435479,6.441845705683238e-09,1.1582145161290325,1.05244435483871,up_in_TGM2high,2.6987796141430244e-07,8.601308232184563e-05,1.0528969743492708e-08
CDX1,0.38088188480378754,9.620577714094937e-08,184,0.4247437990378072,2.1700913521207654e-08,161,0.4416506854605627,3.8899826617398304e-10,3.2246677419354826,2.031582930107527,up_in_TGM2high,2.712829571632176e-07,1.045929157932199e-07,7.586072106695121e-10
SLC1A1,0.3807112172757219,9.758682510927772e-08,184,0.35441805741702276,4.264158386642573e-06,161,0.4792874572010197,6.701301605216819e-12,1.7441403225806464,1.004491465053765,up_in_TGM2high,2.7394328483590964e-07,9.465826773185286e-06,1.8239194803764037e-11
PIP5K1B,0.38044730403960625,9.975995637500254e-08,184,0.4073268195128574,9.01298591815538e-08,161,0.5050826779964732,3.068177038418929e-13,3.159788709677418,2.1488252688172027,up_in_TGM2high,2.7879344951228387e-07,3.3385379791510464e-07,1.1783305681289873e-12
SHD,0.3794431666431148,1.0846066844561844e-07,184,0.36819805313472287,1.665867445468876e-06,161,0.4923066179795373,1.459577332917819e-12,1.860259677419356,1.367276478494623,up_in_TGM2high,3.017616819864762e-07,4.291493913018586e-06,4.661711277584463e-12
IYD,0.3792657552491473,1.1007176344285345e-07,184,0.39080315674341165,3.234902754814987e-07,161,0.5169901768553301,6.756047420421841e-14,3.720098387096774,1.997465524193548,up_in_TGM2high,3.037231190452693e-07,1.012524562257091e-06,3.020918346560052e-13
ZG16B,0.3792587312900926,1.1013601920651139e-07,184,0.3516572837459239,5.12091848567478e-06,161,0.5309764705268822,1.0576475579907157e-14,2.9786145161290336,2.658383333333333,up_in_TGM2high,3.037231190452693e-07,1.1016133924510007e-05,6.018976102747164e-14
GIF,0.37900597280894643,1.1247237972070168e-07,184,0.371462287065135,1.3247721312328553e-06,161,0.3985536819190149,2.298890977027579e-08,1.8388500000000003,2.334833534946236,up_in_TGM2high,3.0880574432087386e-07,3.4844846813099472e-06,3.4677247026970227e-08
TOX3,0.37858810371501606,1.1643959661518061e-07,184,0.4020990420650005,1.3605804701097013e-07,161,0.5128993297291948,1.1438197467705826e-13,4.11693064516129,3.012618346774194,up_in_TGM2high,3.175303532732831e-07,4.705654001594879e-07,4.938145941230239e-13
A1CF,0.3785648249633,1.1666450679369825e-07,184,0.42136135068941716,2.8795928122975888e-08,161,0.5098927115199376,1.6767954230590622e-13,2.9431854838709683,1.1553781586021503,up_in_TGM2high,3.175303532732831e-07,1.3254596327193312e-07,6.905749571282716e-13
TM4SF20,0.37849297456852254,1.1736132917559066e-07,184,0.38927986136703385,3.6267882835041123e-07,161,0.5059392641961813,2.757095889347436e-13,3.9251032258064513,2.652164247311828,up_in_TGM2high,3.180441214888301e-07,1.123945279937413e-06,1.0653963127972191e-12
PPP1R3B,0.37831866078480475,1.1906850290831788e-07,184,0.29122950075615195,0.0001868005100699267,161,0.40157007397705174,1.759976255432353e-08,1.0192032258064518,0.746155779569893,up_in_TGM2high,3.212796673302026e-07,0.00028042474653183243,2.7205178675001487e-08
PDE11A,0.3782020042047773,1.2022428230165265e-07,184,0.35616407001236583,3.794538256281871e-06,161,0.4397777402848131,4.701377459582665e-10,2.295174193548387,1.7416515456989243,up_in_TGM2high,3.2300601167740154e-07,8.60645271171178e-06,9.000190488375377e-10
RND1,0.3771532045231261,1.3111017155621893e-07,184,0.32210956468718555,3.2713018369151195e-05,161,0.4822052532650044,4.788829662465044e-12,1.8073080645161264,1.1811723118279565,up_in_TGM2high,3.507477239068079e-07,5.6414185947902616e-05,1.3327152835878405e-11
REG1A,0.3769289061543179,1.335579892399431e-07,184,0.37484570242868653,1.0419702025800825e-06,161,0.46902993571076235,2.1299362332248383e-11,4.93923870967742,4.207346706989248,up_in_TGM2high,3.557757500604442e-07,2.823694142056847e-06,5.128231084610572e-11
PIWIL1,0.3765651083154976,1.3762167237555296e-07,184,0.43780268636928915,7.06835497924085e-09,161,0.4401582679929271,4.5242774986747684e-10,2.3787693548387097,1.1241200940860216,up_in_TGM2high,3.650473174029498e-07,4.657673912636602e-08,8.68772304960247e-10
KCNH6,0.3761736855994168,1.4212631266726535e-07,184,0.4082938935762719,8.345376504824352e-08,161,0.38287977626269837,8.831321501923648e-08,1.374274193548387,0.9372622983870972,up_in_TGM2high,3.7347593650096976e-07,3.1096462452500263e-07,1.242338710158248e-07
TMPRSS2,0.37613415268440215,1.425890556289645e-07,184,0.3355005993925563,1.4451651567898363e-05,161,0.5444778759100212,1.6252085903913982e-15,2.8905419354838724,2.657998051075269,up_in_TGM2high,3.7347593650096976e-07,2.7249198438266188e-05,1.2560254044259449e-14
UGT2B7,0.37468623159344633,1.6056907087594692e-07,184,0.3231629439100189,3.071917887841944e-05,161,0.48714457974741,2.691709874742912e-12,1.912909677419354,1.1330506720430114,up_in_TGM2high,4.188176598680949e-07,5.356603336459768e-05,8.101011449947418e-12
C20orf202,0.3742243331010881,1.6674861192760846e-07,184,0.32556136769050165,2.6597874670240346e-05,161,0.4373823416638442,5.980352321781532e-10,1.006833870967743,0.8808709005376345,up_in_TGM2high,4.3313124923934816e-07,4.7717661530649125e-05,1.1110314424046912e-09
GUCA2A,0.37406146040183763,1.689815041808483e-07,184,0.4871194133124338,6.494792585920574e-11,161,0.47599366184627456,9.755399789244714e-12,1.8707725806451607,0.9567523521505376,up_in_TGM2high,4.371174446992192e-07,1.0164350396965698e-09,2.5445334450279962e-11
VWA5A,0.37362733681446775,1.7507401165217258e-07,184,0.3420951144955243,9.528617712993377e-06,161,0.3989407741873413,2.2217501468756415e-08,1.0847225806451588,0.6556182795698948,up_in_TGM2high,4.5101370902987667e-07,1.903638789256405e-05,3.3594579515559215e-08
TMEM229A,0.3734851308386079,1.7711512646010087e-07,184,0.3859054213036141,4.6627909627045997e-07,161,0.44850227670938314,1.9260306229828863e-10,1.4060870967741936,1.3154359543010754,up_in_TGM2high,4.5440192280337356e-07,1.3768429918174902e-06,3.9145947077509313e-10
RXFP4,0.37284626131169346,1.865698186861443e-07,184,0.4858606827307967,7.390644057295037e-11,161,0.4929730898617513,1.3476706653312082e-12,1.0539193548387096,1.192628629032258,up_in_TGM2high,4.758259584371221e-07,1.0851838848363134e-09,4.3263683922940324e-12
BEND7,0.3728188630540733,1.869859197692205e-07,184,0.36628397643995225,1.9031800866668413e-06,161,0.43959301325913974,4.789751633991779e-10,1.688666129032257,1.04318071236559,up_in_TGM2high,4.758259584371221e-07,4.746576630491803e-06,9.114822789273201e-10
ARMCX3,0.3723307065606501,1.9455044793293631e-07,184,0.34868476009829386,6.224851704509761e-06,161,0.3503370983017336,1.163405664414713e-06,0.8795967741935495,0.8198023521505373,up_in_TGM2high,4.930711757328669e-07,1.3200803042226265e-05,1.4536765387696812e-06
PGC,0.3720523277356993,1.9899466605901842e-07,184,0.3916411530881633,3.036931728234611e-07,161,0.4425910078592839,3.5354993263784334e-10,4.036425806451611,3.3287745295698934,up_in_TGM2high,5.023010522296191e-07,9.601612433711447e-07,6.959819428656916e-10
GNE,0.37166689141029835,2.0530892531050385e-07,184,0.37171372074010495,1.3014630536164817e-06,161,0.46153673688537566,4.839857033744506e-11,1.0886983870967732,0.6824605510752697,up_in_TGM2high,5.16158181704319e-07,3.4521858964572778e-06,1.0596048482988085e-10
PKIB,0.3705052878965922,2.2552096628760464e-07,184,0.3122191256535119,5.8378051640130305e-05,161,0.4011999475136466,1.8188808993320735e-08,1.5836774193548386,0.890189045698925,up_in_TGM2high,5.643243492093155e-07,9.394514222807602e-05,2.777120592638727e-08
CFTR,0.3704641500165158,2.2627062564143483e-07,184,0.3664500497618196,1.8813786633083192e-06,161,0.5127224722856965,1.1699695821971595e-13,3.953940322580645,2.2650991263440856,up_in_TGM2high,5.643243492093155e-07,4.710972172924031e-06,4.982319445274979e-13
HNF4G,0.3702208977312214,2.3075247378531095e-07,184,0.4053162123782584,1.0568642523332706e-07,161,0.5044480081660357,3.3204522075816345e-13,3.0326919354838715,2.149615725806451,up_in_TGM2high,5.732184467841454e-07,3.8242602425469793e-07,1.2597594436036988e-12
HOXB9,0.36949219312490716,2.4469340918313073e-07,184,0.4028112828599691,1.286875429152161e-07,161,0.439591715555348,4.79037811129534e-10,2.06772258064516,2.419244489247312,up_in_TGM2high,6.054469333938333e-07,4.500469377928787e-07,9.114822789273201e-10
FN3K,0.36900078981333434,2.5454621702855274e-07,184,0.4654549044868688,5.588752152997444e-10,161,0.46229737234843027,4.456980756955216e-11,1.079364516129031,1.0128815188172018,up_in_TGM2high,6.273461884247009e-07,5.300846739055152e-09,9.929074568875321e-11
SCML1,0.3685789139103466,2.6330713230741067e-07,184,0.4301040759778063,1.377225043718502e-08,161,0.44204327038181146,3.737989662442155e-10,0.9446370967741942,0.5894209677419369,up_in_TGM2high,6.438682219704651e-07,7.652740481553178e-08,7.312442277152466e-10
GCNT3,0.3680799830479089,2.740411479870088e-07,184,0.3700544316796508,1.462811858464336e-06,161,0.5493930684575971,8.046788508472208e-16,3.335496774193552,2.4629413978494608,up_in_TGM2high,6.675087884819747e-07,3.831465369868931e-06,6.9003967209638386e-15
C1orf93,0.366567779468706,3.091952119735848e-07,184,0.4024366993950948,1.32514809973868e-07,161,0.48799786185479566,2.434433794663578e-12,0.8320629032258058,0.6924436827956999,up_in_TGM2high,7.502178399048994e-07,4.6085706135356314e-07,7.362104132654106e-12
HGD,0.3657734053324149,3.2935221431626575e-07,184,0.4235308111569004,2.4026470237707168e-08,161,0.5167283891630603,6.98904021237689e-14,3.749222580645162,2.36383373655914,up_in_TGM2high,7.96040487111901e-07,1.1394371491518702e-07,3.099034387992842e-13
GYG2,0.3649650363121496,3.5115265822367564e-07,184,0.4255418057441988,2.0290676243024564e-08,161,0.39986267429319955,2.0479338110615038e-08,1.6110758064516135,1.0151822580645158,up_in_TGM2high,8.424851784703666e-07,1.0161570662506702e-07,3.104132120398308e-08
CACNA1D,0.3647704725395388,3.566023401186081e-07,184,0.39912719055976636,1.714118247512702e-07,161,0.4642537789578713,3.602266859937197e-11,2.203825806451614,1.7882898521505384,up_in_TGM2high,8.52034598909346e-07,5.738171245684233e-07,8.200069288438855e-11
NR0B2,0.3644272838287395,3.6641287463271726e-07,184,0.39125554586086364,3.1265452653782663e-07,161,0.47299589179034124,1.3682617664021405e-11,2.9914903225806446,1.6174633064516133,up_in_TGM2high,8.721462339166578e-07,9.835262995612034e-07,3.453757523257016e-11
GAS2,0.36205524003495854,4.4163386981585184e-07,184,0.3690203431366709,1.5728169414031302e-06,161,0.48627984721475415,2.9793464809506757e-12,1.7618274193548389,1.1023003360215051,up_in_TGM2high,1.047207585245164e-06,4.102430855493165e-06,8.839198564337077e-12
IL33,0.3608811234613088,4.841278057145207e-07,184,0.14743464088082808,0.06281831981941399,161,0.3492755072817208,1.2595351763420828e-06,1.682058064516128,1.430773521505377,up_in_TGM2high,1.1436377599143016e-06,0.06642612872796141,1.5706554191038723e-06
CLDN11,0.35962530081552435,5.338977288308977e-07,184,0.2540639855916033,0.0011875714465947038,161,0.2981837669708201,4.135564739713139e-05,1.119248387096774,0.7961147849462362,up_in_TGM2high,1.251760218157835e-06,0.0015391712744684983,4.598336637762744e-05
LOC127841,0.3591456843151062,5.541671430772029e-07,184,0.3776133404563344,8.544152839258809e-07,161,0.5231638234204251,3.011325760608994e-14,1.2824241935483878,0.912669959677419,up_in_TGM2high,1.2944351924116754e-06,2.3666547245026613e-06,1.520233811404218e-13
ASRGL1,0.35902409893856796,5.594212681496434e-07,184,0.35874751249445397,3.1887999324881655e-06,161,0.4507685219959157,1.5211931449627918e-10,1.6193693548387105,1.0531829973118274,up_in_TGM2high,1.3018502374040027e-06,7.448465513946238e-06,3.195526539418482e-10
ZFYVE28,0.3587757694784612,5.703007997474017e-07,184,0.24418350672307487,0.0018599484825756248,161,0.4045298808293149,1.3506533196638745e-08,0.8143677419354844,1.0789171370967718,up_in_TGM2high,1.322252965340272e-06,0.0023333221444736293,2.145961873374582e-08
ALDOB,0.35783300951441943,6.13474535358084e-07,184,0.367255492948412,1.778972087453564e-06,161,0.48287466447699445,4.431539554977729e-12,2.9027161290322585,2.160646706989247,up_in_TGM2high,1.4100982504397849e-06,4.490469865911013e-06,1.2524088096869752e-11
WWC1,0.3578019869594465,6.149470005911522e-07,184,0.3293253595755338,2.11639609047444e-05,161,0.48619304077381514,3.0098195098990957e-12,0.7996338709677371,0.7329690188172044,up_in_TGM2high,1.4100982504397849e-06,3.8794965644008184e-05,8.887485911305821e-12
C2orf50,0.35765493604886717,6.219727535962485e-07,184,0.3839614786673987,5.38218499348198e-07,161,0.43775857292101883,5.759265578054078e-10,1.0783290322580643,0.979908870967742,up_in_TGM2high,1.4210034443476336e-06,1.5598369471850553e-06,1.076577278562326e-09
APOBEC1,0.356950444521341,6.567094621865767e-07,184,0.41224724380191313,6.077315718527848e-08,161,0.5084672634988388,2.0075741867705247e-13,2.4799145161290324,1.4059557795698925,up_in_TGM2high,1.4894932004666559e-06,2.457718334984381e-07,7.954059752647774e-13
VWA3B,0.3564293661911025,6.835872722611881e-07,184,0.3233602639779591,3.035864670951799e-05,161,0.42975010088159843,1.2714925826224308e-09,1.4300080645161293,1.1329395833333324,up_in_TGM2high,1.5428835583799527e-06,5.308523139709011e-05,2.2548282060103163e-09
PIGR,0.356399137754004,6.851783214530781e-07,184,0.3411412190799307,1.0126294591772745e-05,161,0.5096674663985507,1.7252811357902734e-13,4.671241935483869,3.562980779569892,up_in_TGM2high,1.5428835583799527e-06,1.9929086574111688e-05,7.05899340525955e-13
C20orf56,0.35555492236750874,7.310696435774091e-07,184,0.35382169088039367,4.436831017626747e-06,161,0.46116697530010775,5.0373239559388914e-11,3.487079032258065,1.8578818548387093,up_in_TGM2high,1.640321135768667e-06,9.74546041064682e-06,1.0949183320894951e-10
SLC44A3,0.3552792279093063,7.466821157109998e-07,184,0.36835365720057384,1.6478665921285204e-06,161,0.5018684964360793,4.570301131513783e-13,1.5813709677419343,1.4975684139784944,up_in_TGM2high,1.6693678729824496e-06,4.280350567105618e-06,1.6442577634066827e-12
KCNE3,0.3551310681412194,7.552034163006308e-07,184,0.3573034203990104,3.515033156097713e-06,161,0.43922511118908425,4.970571664493444e-10,2.132404838709678,1.2104943548387084,up_in_TGM2high,1.682410457666174e-06,8.119596884565197e-06,9.429023824160291e-10
IL17RB,0.35503667577043463,7.606806869308465e-07,184,0.425348498396915,2.0623972487926762e-08,161,0.4629200116718468,4.1655919018433854e-11,1.7501225806451606,1.1957683467741935,up_in_TGM2high,1.688603227016702e-06,1.024651331543028e-07,9.34645351453032e-11
UGT2B15,0.3548666576897424,7.706421343865048e-07,184,0.37664409408571453,9.160993830205981e-07,161,0.47544858532393175,1.037686332155744e-11,2.065259677419355,1.0698444220430103,up_in_TGM2high,1.7046712937312792e-06,2.5152553235565546e-06,2.6732166416851674e-11
GALNT4,0.35453581829280095,7.903844833898341e-07,184,0.34030321685187526,1.0680454307231611e-05,161,0.4801529311412503,6.0676068518442885e-12,1.2908338709677416,0.5921106182795679,up_in_TGM2high,1.7421855162043528e-06,2.0763864584866426e-05,1.665930653181809e-11
MMEL1,0.3543220714968157,8.033953993200946e-07,184,0.3227081747205494,3.156551278956306e-05,161,0.5028039089749721,4.0716002910444184e-13,1.4875741935483868,2.2790316532258066,up_in_TGM2high,1.7646509472785238e-06,5.4585665763167055e-05,1.5081785693454474e-12
LRRIQ4,0.35394950188654817,8.265644712805797e-07,184,0.367111114500711,1.796929759237531e-06,161,0.4309218836187166,1.1338259806318798e-09,1.3383774193548388,0.8085762096774196,up_in_TGM2high,1.8091935630127373e-06,4.517582446918452e-06,2.0221511791326403e-09
ZNF620,0.3532738725896245,8.702172989466451e-07,184,0.4315730147310564,1.2141915381688946e-08,161,0.43418444648305105,8.221970806574964e-10,1.203549999999999,0.6687342741935485,up_in_TGM2high,1.8981046311519158e-06,7.112400557486583e-08,1.5049572295075813e-09
TEC,0.3531912086028461,8.757070115532848e-07,184,0.28167663978791174,0.0003081322915213892,161,0.4593537044365264,6.124449998923978e-11,1.0496548387096762,0.6449016801075258,up_in_TGM2high,1.9034464903901262e-06,0.0004403899874255471,1.3220364480435896e-10
B3GNT7,0.3530003274835777,8.885100483445717e-07,184,0.41223076901449973,6.085404823044394e-08,161,0.4960039643223378,9.355977113542574e-13,1.761541935483871,1.2300022177419354,up_in_TGM2high,1.924592699874401e-06,2.457718334984381e-07,3.132000894693931e-12
C6orf124,0.3517963437421741,9.73479542871053e-07,184,0.3227588217161136,3.147018331885106e-05,161,0.4913720348360794,1.6318523226477908e-12,1.008659677419356,0.849569422043011,up_in_TGM2high,2.101373082197515e-06,5.457156442548688e-05,5.159290676654126e-12
TFF1,0.35143310832607727,1.0006017097392234e-06,184,0.3529064941069404,4.714777374856457e-06,161,0.4680351631560038,2.3778758130798443e-11,4.095706451612903,2.8204221774193563,up_in_TGM2high,2.1524971487860957e-06,1.0248092488403269e-05,5.638447950712055e-11
RALGAPA2,0.35123882762753184,1.0154028801395575e-06,184,0.35658121634819195,3.6898407743930675e-06,161,0.464717906478716,3.424158922148524e-11,1.2121887096774202,0.7839026881720415,up_in_TGM2high,2.1768568594772706e-06,8.460953570586302e-06,7.880601048768294e-11
GATA4,0.3508657359452584,1.0444147044808488e-06,184,0.3746082609299172,1.0597719178491432e-06,161,0.43459309141511265,7.895682888832817e-10,3.1213096774193536,2.263849865591397,up_in_TGM2high,2.22735192760339e-06,2.836043737444631e-06,1.4537345554145128e-09
MACC1,0.3508447149929687,1.0460726305357774e-06,184,0.3411883793361205,1.0095930860435392e-05,161,0.4982248425011562,7.144259428146173e-13,1.8410951612903224,1.315951545698926,up_in_TGM2high,2.22735192760339e-06,1.9929086574111688e-05,2.4708875149279027e-12
TJP3,0.35039972260214597,1.0817643717007508e-06,184,0.33874768250666437,1.1785954124400456e-05,161,0.5593577628426623,1.8669453977230359e-16,2.5351903225806467,2.622828965053761,up_in_TGM2high,2.295540666727695e-06,2.2493924639861845e-05,1.9808607101264756e-15
ST18,0.3503428800342219,1.0864064168777634e-06,184,0.3244660513954294,2.8410805901853854e-05,161,0.3369457848626822,3.1012350444109094e-06,1.2680048387096774,0.6363086693548392,up_in_TGM2high,2.2976027600185133e-06,5.038290225087964e-05,3.7406033483646037e-06
DUSP4,0.35004141704070424,1.111344852617277e-06,184,0.2868653558638024,0.00023530569893759533,161,0.4488298702482328,1.8616414348371038e-10,1.811209677419357,1.166693951612903,up_in_TGM2high,2.3424305647758095e-06,0.00034823018329771787,3.8209427482230396e-10
NOS2,0.3494789158367205,1.1593454496520492e-06,184,0.303969902024311,9.31879950126447e-05,161,0.474729626854396,1.1255656228452708e-11,2.706201612903226,2.221939784946237,up_in_TGM2high,2.4354035284637007e-06,0.00014620472400480095,2.875935020004651e-11
GADD45G,0.3492382872793683,1.1804778183478821e-06,184,0.28272550120805506,0.00029190901517625855,161,0.317230367381821,1.2112055387288836e-05,0.9749741935483884,0.6725210349462367,up_in_TGM2high,2.471502054467472e-06,0.00042008055977089156,1.3963437702472948e-05
PRR15L,0.3490859355435264,1.1940470543776909e-06,184,0.36744593295144046,1.755546418556724e-06,161,0.5405825067241831,2.8140914332479554e-15,3.0401193548387084,2.4530992607526887,up_in_TGM2high,2.4915781868014485e-06,4.4492795871113735e-06,2.0483967874572325e-14
C4orf19,0.3488624761611219,1.2142190057476624e-06,184,0.3321416136459913,1.7802425995973434e-05,161,0.5037415515340926,3.625035536569459e-13,2.6316500000000023,2.067187768817205,up_in_TGM2high,2.525252815940321e-06,3.2874096381945045e-05,1.3670314734292058e-12
PNPLA7,0.3485619618192676,1.2418599160012583e-06,184,0.33533662501879347,1.4600339504322327e-05,161,0.414392787953678,5.486238011113826e-09,1.2605758064516106,1.0198342069892483,up_in_TGM2high,2.574186448399959e-06,2.744688447359092e-05,9.109774522433037e-09
PDX1,0.34843738693187076,1.2534932590377253e-06,184,0.38129601556181236,6.542580072075075e-07,161,0.48696749954147694,2.748322214757356e-12,3.222095161290324,2.4904345430107524,up_in_TGM2high,2.5897253470548387e-06,1.8366166480354244e-06,8.231816777215813e-12
GIPC2,0.3478915836720541,1.3056995026840047e-06,184,0.3555263572538506,3.9600626137589595e-06,161,0.46164828026435845,4.781777487685967e-11,2.2116000000000016,1.6199773521505412,up_in_TGM2high,2.6887101601321937e-06,8.885301778541608e-06,1.0540115166519068e-10
C2orf72,0.34756602646837853,1.3378198098754302e-06,184,0.39786406597035684,1.8896558677400667e-07,161,0.45976875442621973,5.857135971893954e-11,2.5122064516129035,1.6612077956989246,up_in_TGM2high,2.745820331088588e-06,6.225918806343588e-07,1.268708345469071e-10
TMED6,0.3474542967771763,1.3490160192606796e-06,184,0.365929867197403,1.9504715481865674e-06,161,0.4195603503508531,3.3819299489641446e-09,1.017109677419354,1.1182409946236551,up_in_TGM2high,2.7597517256770766e-06,4.845219004622187e-06,5.752956924053137e-09
LRRC31,0.3465263945193843,1.4455151904815673e-06,184,0.3460969946903618,7.366112880652666e-06,161,0.4849860384946153,3.466266598677738e-12,2.8100758064516134,1.590591129032258,up_in_TGM2high,2.9475326033923816e-06,1.5168377181870292e-05,1.009247856173146e-11
GDF15,0.34560305137639424,1.5480519005854474e-06,184,0.36469077346548856,2.124908446784549e-06,161,0.46222469137602556,4.492256850453609e-11,2.004087096774194,1.62080678763441,up_in_TGM2high,3.146365226514578e-06,5.257678607459003e-06,9.972173008453756e-11
FZD5,0.3448220727890793,1.6401568927761883e-06,184,0.3793331400260106,7.545906349802819e-07,161,0.5032479004083664,3.853842373436074e-13,1.1655741935483874,0.7941992607526913,up_in_TGM2high,3.322777394426841e-06,2.108811328114538e-06,1.4446139675275346e-12
FA2H,0.3445955577815877,1.6678334793230693e-06,184,0.3543239864946269,4.290965467968049e-06,161,0.5203742537595104,4.347178029679101e-14,2.1519758064516115,1.554910080645162,up_in_TGM2high,3.367947606633037e-06,9.491676264833916e-06,2.0158025530215682e-13
GK,0.34431045443162334,1.703301710063257e-06,184,0.2876666903680966,0.00022560304257085328,161,0.4144978918039224,5.432960021049023e-09,1.0739451612903226,0.8187484543010761,up_in_TGM2high,3.4285108376192888e-06,0.0003354572556991785,9.045300460576298e-09
GLOD5,0.3437233599949926,1.778616513157775e-06,184,0.34887481936340375,6.1480008678037234e-06,161,0.4753180863742589,1.0531261666527818e-11,1.441029032258064,0.9845059811827956,up_in_TGM2high,3.5686344142204074e-06,1.3090641303554867e-05,2.7018728701829566e-11
SLC44A4,0.3428395302535662,1.898010034476803e-06,184,0.3459941809118234,7.415316652050947e-06,161,0.5045415844180715,3.282025796729258e-13,4.078988709677418,3.1404424059139773,up_in_TGM2high,3.781758766886316e-06,1.5219633521914405e-05,1.2527732614344607e-12
FAM134B,0.3428040299743792,1.9029616798229864e-06,184,0.3594902624717545,3.0324178986684533e-06,161,0.4065537537707881,1.1253463402681533e-08,1.5498854838709706,1.5656440860215053,up_in_TGM2high,3.781758766886316e-06,7.109713874780718e-06,1.7971092066527144e-08
ZNF540,0.34208854678614803,2.0054218545249514e-06,184,0.21596800936842298,0.006091218061548657,161,0.30565342342587193,2.5808518111971204e-05,1.080698387096774,0.7853569220430101,up_in_TGM2high,3.9727660789006945e-06,0.0071406413979952415,2.9110148356926076e-05
ZNF253,0.3417869045096415,2.0501747419760314e-06,184,0.34185583314628043,9.675325544377566e-06,161,0.3477762281039846,1.40828603682733e-06,1.1094580645161294,0.9185474462365608,up_in_TGM2high,4.048610058287053e-06,1.922778981200113e-05,1.749180672726009e-06
MUC1,0.3415518868833195,2.0857005913750335e-06,184,0.3031963346145928,9.729695790724822e-05,161,0.5008703208009396,5.16800828807521e-13,1.8727096774193548,1.6613027553763438,up_in_TGM2high,4.1058131138389024e-06,0.0001518900140896194,1.848670393334332e-12
MNX1,0.34104082990572665,2.1649877851233408e-06,184,0.41372825615283093,5.39081217987917e-08,161,0.4641019357258138,3.662464082758814e-11,1.8212903225806447,1.3670923387096776,up_in_TGM2high,4.248534023470882e-06,2.249765616402907e-07,8.306893173213832e-11
NBEA,0.3407331779391651,2.21409347249542e-06,184,0.2289986505504786,0.0035828982612841308,161,0.2826335742534426,0.00010595445727897361,1.6655677419354848,1.1278667338709676,up_in_TGM2high,4.331320355569165e-06,0.004321569001086447,0.00011455525087502155
PHGR1,0.3392609923733028,2.464124046158477e-06,184,0.40308537082368423,1.2595442021820022e-07,161,0.4693886253449681,2.046846081938959e-11,3.241925806451612,2.1749393817204306,up_in_TGM2high,4.805425709953915e-06,4.4546591557397365e-07,4.985702907757932e-11
MCOLN2,0.33839648629384905,2.6232413648826137e-06,184,0.2321481562181734,0.003137777348922296,161,0.386852788618849,6.320246428822258e-08,1.175274193548388,1.2920373655913968,up_in_TGM2high,5.099841908125827e-06,0.0038214953704773487,9.053716852271701e-08
FOXA2,0.33769064677433946,2.7603595187727937e-06,184,0.34843393663576283,6.3276669387641945e-06,161,0.44077527864281907,4.250755276499237e-10,3.2133016129032246,2.192054435483871,up_in_TGM2high,5.349798943503929e-06,1.3299278310963194e-05,8.238305891914931e-10
WNT1,0.33749928622984326,2.798692890514272e-06,184,0.2777035771591505,0.0003774712002555204,161,0.363098940610599,4.3780727106291414e-07,0.8143725806451616,0.9762717069892476,up_in_TGM2high,5.405655314867526e-06,0.0005310044300223725,5.782011638932156e-07
C20orf114,0.33746086408818743,2.806450443022278e-06,184,0.2820567995465684,0.0003021579333959496,161,0.41300894679543326,6.2364831728115615e-09,3.8298,2.778919220430107,up_in_TGM2high,5.405655314867526e-06,0.00043383226216941393,1.0246820121207448e-08
C7orf46,0.33690081914281184,2.921874177115673e-06,184,0.338142053445906,1.2244940273705878e-05,161,0.4714714842741158,1.623068648385113e-11,1.6481983870967731,1.0287289650537632,up_in_TGM2high,5.593557293193918e-06,2.329888331714249e-05,4.0479720075262183e-11
KLHL32,0.33678968451099434,2.945309531681367e-06,184,0.35588183977844734,3.866966821273576e-06,161,0.39659447711413964,2.7305688285082395e-08,1.116559677419355,0.8815268817204305,up_in_TGM2high,5.621230996440658e-06,8.7076303241628e-06,4.108980977514802e-08
C17orf28,0.3362755485349926,3.056074090678448e-06,184,0.36280245683502843,2.4195491639578994e-06,161,0.47106622598215486,1.6982146626358088e-11,1.8629435483871009,1.662768615591398,up_in_TGM2high,5.814900853388172e-06,5.825529910144789e-06,4.201906635612713e-11
APOBEC4,0.33514513920493344,3.3137040794093967e-06,184,0.36440852936194007,2.1666671931058925e-06,161,0.4277289736724276,1.5477793459164606e-09,0.974664516129032,0.8688508064516131,up_in_TGM2high,6.2818541020529655e-06,5.2981783706417524e-06,2.737033532609334e-09
TMEM92,0.3351120186473002,3.321555443737271e-06,184,0.3273342257824465,2.389255285949998e-05,161,0.42357391246985815,2.3094468407501954e-09,1.5554629032258038,1.3672002016129028,up_in_TGM2high,6.2818541020529655e-06,4.3478889796648214e-05,4.015871450860062e-09
CACNA1E,0.33473316779389767,3.412631417420522e-06,184,0.27770585608148823,0.0003774275845845546,161,0.2687121088605702,0.00023503078877698695,1.2824209677419356,1.688292271505377,up_in_TGM2high,6.4346604436905014e-06,0.0005310044300223725,0.0002510738460313888
NRG3,0.33447476459038733,3.4761086605561937e-06,184,0.25289021694565705,0.0012537394029238787,161,0.3237080131774632,7.8225434227505e-06,0.9446129032258066,1.0179045698924731,up_in_TGM2high,6.534666731255788e-06,0.001618228590165666,9.153106883442642e-06
PCDH1,0.333045660931174,3.847944734931113e-06,184,0.2858127410081062,0.0002486406262972836,161,0.48198852794227115,4.910391522422732e-12,1.328317741935484,1.142400000000002,up_in_TGM2high,7.212016179840947e-06,0.00036451763948969445,1.3601349969188628e-11
ENTPD8,0.33246321948880553,4.0100818767999284e-06,184,0.39861555478620014,1.7832523201035193e-07,161,0.4634989358102179,3.9113002281454164e-11,2.4731403225806456,2.19789690860215,up_in_TGM2high,7.493466432467925e-06,5.906433610501603e-07,8.807460225967736e-11
C8orf79,0.33225135327772537,4.070654686240434e-06,184,0.24803043930229776,0.0015651216178112122,161,0.30731891843995895,2.319208440985183e-05,1.510735483870969,1.4015605510752698,up_in_TGM2high,7.584017361864617e-06,0.0019833322525299978,2.6301168189433417e-05
WNK4,0.33209146423686686,4.116941829680901e-06,184,0.315066057130473,4.9516536595771755e-05,161,0.44599812807210826,2.4947528624661633e-10,2.119158064516127,1.3015494623655908,up_in_TGM2high,7.624868595799539e-06,8.157197870777136e-05,4.989505724932327e-10
SLC26A3,0.3318605813373943,4.184664844101923e-06,184,0.35221631583452034,4.935227146738561e-06,161,0.42119418730238406,2.8972856640964897e-09,2.093516129032258,0.8578604166666668,up_in_TGM2high,7.727434195893226e-06,1.0679793578529823e-05,4.996421007505241e-09
ANKRD43,0.33165417734198915,4.246102705681141e-06,184,0.3327945223172641,1.709852894795488e-05,161,0.4413046451082156,4.0289023480208215e-10,1.8393645161290328,1.6818948252688175,up_in_TGM2high,7.81782439340116e-06,3.1761659114005206e-05,7.83258655236346e-10
ONECUT2,0.331283669437912,4.35854360960162e-06,184,0.36250832095334845,2.4688033900713877e-06,161,0.4314239928218925,1.0793513975189605e-09,2.2541129032258045,1.7870272177419375,up_in_TGM2high,8.001314661614705e-06,5.898743977804156e-06,1.930497070991055e-09
C10orf118,0.33123037506501507,4.374948145292281e-06,184,0.309618448281084,6.775363724084887e-05,161,0.42470391504532595,2.0724064610769542e-09,0.6413580645161279,0.6182547043010747,up_in_TGM2high,8.007946020330316e-06,0.00010792309647015622,3.6238168844529984e-09
LOC100127888,0.33102504348072814,4.438701314848504e-06,184,0.3542461279637869,4.313273439035381e-06,161,0.4793220641862381,6.6747716533425185e-12,1.8212467741935487,1.3879347446236547,up_in_TGM2high,8.100953420102518e-06,9.507426664916016e-06,1.8239194803764037e-11
SPDEF,0.3308290230453691,4.500386251992806e-06,184,0.3387927077441646,1.1752488636649728e-05,161,0.4494087659641374,1.7529211832324997e-10,2.883827419354838,2.440476075268816,up_in_TGM2high,8.189656377172955e-06,2.2493924639861845e-05,3.633538611601142e-10
IHH,0.33075338041579355,4.524407022321685e-06,184,0.3192061439590412,3.885750073457597e-05,161,0.49633600925892785,8.987323585874773e-13,3.6818451612903234,2.444248454301076,up_in_TGM2high,8.209503756444566e-06,6.556548641467536e-05,3.041115980950058e-12
PPYR1,0.3307064013407563,4.539386771191517e-06,184,0.35122377908667884,5.269455183355745e-06,161,0.36021284840823814,5.481449797130406e-07,1.5722435483870965,1.3178410618279577,up_in_TGM2high,8.21287895597078e-06,1.1296845701303756e-05,7.148724110424238e-07
LMO2,0.3299570418601067,4.784791422542981e-06,184,0.09988750856218642,0.20885249719443727,161,0.32221757498356013,8.658119264938487e-06,0.7316193548387098,0.7947104838709675,up_in_TGM2high,8.631929194558806e-06,0.21397980890952167,1.0111907947484129e-05
SAA2,0.3299108088844368,4.800337604351142e-06,184,0.25444639304614336,0.0011667144644790888,161,0.4106766781796847,7.730108934695279e-09,1.6817064516129037,1.81423944892473,up_in_TGM2high,8.635090058401767e-06,0.0015152764621657875,1.26016880029147e-08
FAM177B,0.3296917517877114,4.8746516345859314e-06,184,0.26532110743822945,0.0006970401336325433,161,0.419845642396427,3.292008878163867e-09,1.7551532258064515,1.6154600134408603,up_in_TGM2high,8.743644479228633e-06,0.000938380911083811,5.615252200900765e-09
TRIM36,0.3284904244674372,5.302014565693259e-06,184,0.34082502925681013,1.0332112731682632e-05,161,0.36320017537995164,4.3435180801615923e-07,1.42682258064516,0.9502047043010746,up_in_TGM2high,9.483031766068514e-06,2.0212195531354148e-05,5.760682877502452e-07
C9orf152,0.32792727538978494,5.514380382503903e-06,184,0.38359701284607267,5.528367008008119e-07,161,0.47853916389536094,7.300663874200205e-12,2.8259854838709684,2.633372849462365,up_in_TGM2high,9.834763873069639e-06,1.5948192382548767e-06,1.9614659164160205e-11
CGN,0.3275240315154784,5.6713800780918205e-06,184,0.34732285708425076,6.8027746747410045e-06,161,0.5095135071967862,1.759205034326594e-13,1.661609677419353,1.5522037634408594,up_in_TGM2high,1.0086033888879204e-05,1.4101115716516121e-05,7.106638453158285e-13
PPP1R9A,0.3274700930438635,5.692699526163878e-06,184,0.2864990737668512,0.0002398686071789679,161,0.36455876036283946,3.904305980279697e-07,1.9966677419354832,2.3924636424731176,up_in_TGM2high,1.0095268848097982e-05,0.00035414563229724976,5.211291137857335e-07
SLC30A2,0.32730894952796047,5.75684635833551e-06,184,0.34486494906754533,7.976622070117637e-06,161,0.3622838638144376,4.6660277788161314e-07,1.0102870967741937,1.7887815860215053,up_in_TGM2high,1.0180185933101778e-05,1.6265033927992317e-05,6.149333451660839e-07
CELF3,0.32725527911381547,5.778362968834977e-06,184,0.36080426827935363,2.773449500260025e-06,161,0.4005626867767839,1.9247744860108683e-08,1.2130548387096771,0.8835036962365589,up_in_TGM2high,1.01894513196921e-05,6.554344673104903e-06,2.9316516502257995e-08
EPS8L3,0.32649466279880807,6.091622560542691e-06,184,0.364607645815943,2.1371271872710436e-06,161,0.47694601441313295,8.755276147466222e-12,5.390227419354838,3.153940389784947,up_in_TGM2high,1.0711673378931811e-05,5.261420581707324e-06,2.3028583480310316e-11
NLRP9,0.32622991796677026,6.20438954085808e-06,184,0.3457421434628734,7.537254780976107e-06,161,0.4232948461664951,2.371901207498115e-09,0.9402451612903228,0.9509729166666664,up_in_TGM2high,1.087940574951585e-05,1.5419351283957658e-05,4.113047523251579e-09
CYP3A5,0.32587312900926585,6.359499074170334e-06,184,0.3068912543109669,7.908939198538416e-05,161,0.5128148591548464,1.1562375764993065e-13,2.38581935483871,2.4478728494623674,up_in_TGM2high,1.1120241397850919e-05,0.00012471022514571912,4.957566595127164e-13
RGL3,0.3252462509132598,6.64097665581488e-06,184,0.31746949368013805,4.303512972240672e-05,161,0.3869569535380823,6.264678593611496e-08,1.9544758064516143,1.8257663978494625,up_in_TGM2high,1.1547920518166986e-05,7.14588626159857e-05,8.994699081653203e-08
GUCY2C,0.32461536312893285,6.936161603589275e-06,184,0.3252179490249439,2.7154219909415864e-05,161,0.4848713097996449,3.5130008258033702e-12,2.8803387096774182,1.8261867607526876,up_in_TGM2high,1.2027803777969215e-05,4.856726189512666e-05,1.0181196837744953e-11
CA4,0.32436206940579143,7.058141045902655e-06,184,0.3186428271075741,4.0168903260797754e-05,161,0.39113981036117096,4.3831680111650386e-08,1.6687370967741946,1.6058168682795697,up_in_TGM2high,1.220551462633995e-05,6.741483496316191e-05,6.410895268666622e-08
LGALS3,0.3238677736895841,7.3020637263174e-06,184,0.31388727228755,5.302038111329409e-05,161,0.43326898146058934,9.000956433614789e-10,0.8986967741935494,0.6126079301075293,up_in_TGM2high,1.2592539649241576e-05,8.620976253746e-05,1.6332170224472054e-09
CD200R1,0.32359230220955093,7.441449442933071e-06,184,0.1459852853618628,0.06547715344977158,161,0.30527289518855233,2.644419587555122e-05,1.0635725806451606,0.917382594086022,up_in_TGM2high,1.279765755845083e-05,0.06888856816732271,2.972004778832148e-05
PRSS33,0.3228766775979307,7.81543426537394e-06,184,0.32555818725040786,2.6602977434818763e-05,161,0.42738405154243037,1.6003918964251776e-09,1.3491499999999996,1.6726092741935483,up_in_TGM2high,1.3404005068833114e-05,4.7717661530649125e-05,2.8220995131328482e-09
GPRC5C,0.3226881804322165,7.916868307035941e-06,184,0.3494613365374747,5.916470932728563e-06,161,0.39536528693328477,3.0401462064866985e-08,1.017704838709678,1.0277207661290326,up_in_TGM2high,1.354087311531284e-05,1.2640651207809147e-05,4.5312655363349364e-08
ERBB3,0.322565544874882,7.98352971429019e-06,184,0.3677988733156733,1.7129060099408573e-06,161,0.5177217150998641,6.144389147853336e-14,0.7958016129032295,0.841698924731185,up_in_TGM2high,1.3617682836909154e-05,4.3766496417264355e-06,2.7872373960552093e-13
PLAC8,0.32252123827319834,8.007744185180584e-06,184,0.23802787238979464,0.002438103486526359,161,0.4501013977313975,1.6309089872170864e-10,1.982395161290322,2.037604233870969,up_in_TGM2high,1.3621869184573495e-05,0.002998531989323184,3.414545237451157e-10
ZNF468,0.3199880564812853,9.514022663908589e-06,184,0.34348865795189926,8.715169610807667e-06,161,0.41823326652580434,3.832327486114825e-09,0.8376774193548382,0.745679166666668,up_in_TGM2high,1.6140320291617282e-05,1.7486205693479486e-05,6.5014553016473725e-09
PALM3,0.3186691041771708,1.0400919820167475e-05,184,0.31623472612075204,4.625827167450918e-05,161,0.34058630931977024,2.3863071042915554e-06,1.8116241935483863,1.6798456317204296,up_in_TGM2high,1.755490374188132e-05,7.660761393715012e-05,2.917633295481472e-06
C1orf126,0.31866479101966233,1.040394454990091e-05,184,0.30981370688948345,6.700343738151447e-05,161,0.4406136943936642,4.3207978212420697e-10,1.4314838709677415,1.1101836021505376,up_in_TGM2high,1.755490374188132e-05,0.00010700038724701035,8.322521341838572e-10
FCAMR,0.31760666842376667,1.1171692068521521e-05,184,0.21886735032549068,0.005426438333071594,161,0.46750433385223766,2.5214202412767166e-11,1.7607903225806456,1.433959879032258,up_in_TGM2high,1.879967536261955e-05,0.006438540534263325,5.911644460821065e-11
SHH,0.3174317489304833,1.1303664874267565e-05,184,0.31830106572366557,4.098468061565635e-05,161,0.4211147034416226,2.9192246025121918e-09,2.186833870967743,2.3264883064516138,up_in_TGM2high,1.8970761960567012e-05,6.860002691283656e-05,5.0204247284962416e-09
TMEM125,0.3161930997283813,1.2281309587401718e-05,184,0.33403114286911467,1.5836731200289934e-05,161,0.48348113068284193,4.1303150687926086e-12,1.6146822580645177,1.5870371639784944,up_in_TGM2high,2.0501599471235936e-05,2.968201715982485e-05,1.1806288735452845e-11
SYNPR,0.31615306750878897,1.2314203583925486e-05,184,0.3486428670534425,6.241913259583027e-06,161,0.3631330321949564,4.366406910722348e-07,0.950803225806452,1.33790625,up_in_TGM2high,2.050183894557807e-05,1.3200803042226265e-05,5.778796461125137e-07
GKAP1,0.31567105237810866,1.2716872161511196e-05,184,0.3193628908437532,3.849981552400669e-05,161,0.3764271043985963,1.506349124884472e-07,0.908951612903226,0.8333705645161285,up_in_TGM2high,2.1116079504259973e-05,6.531405018435822e-05,2.067926649512455e-07
LRG1,0.315388990478447,1.2958248174118307e-05,184,0.23774550054515817,0.002468166960009955,161,0.4616642002195617,4.773543457174126e-11,1.6373080645161302,1.839900268817204,up_in_TGM2high,2.145995597089434e-05,0.0030295539548357486,1.0540115166519068e-10
AZGP1,0.3150869521282139,1.3221522315297961e-05,184,0.3179507256656012,4.1837078815853054e-05,161,0.45257458804231354,1.2588497791715996e-10,2.637454838709677,2.050626142473118,up_in_TGM2high,2.1838187254291622e-05,6.965428547532983e-05,2.6622971681129103e-10
STK39,0.31451248989258807,1.373628249808702e-05,184,0.32063534488481515,3.570861501406297e-05,161,0.4492431961580843,1.7833717208299136e-10,0.7961951612903224,0.6742965053763452,up_in_TGM2high,2.262871801000651e-05,6.107539070711317e-05,3.6844577466651025e-10
SFTA2,0.313780286050522,1.4419899500091569e-05,184,0.27705939317577916,0.0003899888594446426,161,0.49556059045899553,9.871251166386765e-13,2.5224370967741923,1.2439818548387094,up_in_TGM2high,2.369253828623969e-05,0.0005473834663953952,3.269525518602177e-12
LOC400043,0.3133382134807651,1.4848084006088892e-05,184,0.2231038911194198,0.004571508572241122,161,0.31224824096889137,1.6837955290479575e-05,1.159804838709677,1.2076897177419357,up_in_TGM2high,2.4332200491653526e-05,0.005471824792013274,1.9199562863096928e-05
SAA4,0.31301197280265175,1.5171755850770812e-05,184,0.2627681909446362,0.0007881801846052181,161,0.40152801414664646,1.7665762962081076e-08,1.3494919354838704,1.4442844758064513,up_in_TGM2high,2.4797700163400856e-05,0.0010453406685653952,2.7205178675001487e-08
PPP1R1B,0.3119402583010578,1.6282622467405353e-05,184,0.390662756351101,3.269255646734401e-07,161,0.4681814907283003,2.339722194212008e-11,3.828082258064513,2.8621397849462387,up_in_TGM2high,2.6489951528900936e-05,1.018186086992903e-06,5.569072599151015e-11
PRSS3,0.311931748406224,1.6291743352439076e-05,184,0.300447123260109,0.00011331170976086115,161,0.4975226072679517,7.781896139818927e-13,2.658237096774193,2.206187365591398,up_in_TGM2high,2.6489951528900936e-05,0.0001755770552235126,2.6766302107289277e-12
GK3P,0.31183756814547975,1.6393008529299395e-05,184,0.2588011148704992,0.0009517364128923095,161,0.38649400669846967,6.515289519796127e-08,0.9342983870967728,0.6745959677419355,up_in_TGM2high,2.6585552692594355e-05,0.001243814184698509,9.310582015379112e-08
CHST5,0.31142258453057137,1.684633829948231e-05,184,0.33194981695290976,1.8014341395306702e-05,161,0.4014484165197679,1.7791320680981975e-08,2.0388177419354854,1.2052370295698922,up_in_TGM2high,2.7250149290635472e-05,3.3167581510182336e-05,2.7297467515428223e-08
TSPAN13,0.3113204866601306,1.6959672668987726e-05,184,0.3443212163963798,8.261024466627284e-06,161,0.38310777468426904,8.664427153396323e-08,0.8688983870967721,0.6246006048387063,up_in_TGM2high,2.7362770852542053e-05,1.673592658934848e-05,1.2216061707265985e-07
AGR2,0.3101192425497486,1.83483846544826e-05,184,0.3188972610772575,3.957151168053223e-05,161,0.4464456924244496,2.382383482483476e-10,3.07694032258065,2.549263440860217,up_in_TGM2high,2.952722054937303e-05,6.65907696559494e-05,4.780038653957231e-10
TAC3,0.3098895520527796,1.8625871575266453e-05,184,0.3480978264725622,6.467967226334204e-06,161,0.4048184206471089,1.3160625122219548e-08,0.9682741935483874,1.0311138440860217,up_in_TGM2high,2.9896911810555895e-05,1.3496491612284038e-05,2.0963234927504928e-08
ERN2,0.30960490422936104,1.89752535936984e-05,184,0.3324859152451335,1.7427897855778618e-05,161,0.4448281369028062,2.813289963295644e-10,3.800106451612902,2.870908400537635,up_in_TGM2high,3.0332984578425256e-05,3.2277704312773416e-05,5.573163028554028e-10
TREH,0.3095894029392303,1.8994456796713578e-05,184,0.20909136841121848,0.007966679812547367,161,0.3962135950366231,2.8230976836588623e-08,0.9280806451612909,0.9731141801075268,up_in_TGM2high,3.0332984578425256e-05,0.009167539637232816,4.238031534701314e-08
C3orf15,0.30949920193627317,1.910656367727846e-05,184,0.28547122813262105,0.00025311568373492815,161,0.3209935821602105,9.406880246537155e-06,1.6416677419354837,1.4036148521505374,up_in_TGM2high,3.0434373694596227e-05,0.0003702112570515538,1.0945552108424274e-05
PLS1,0.3093486929552503,1.9295017290598936e-05,184,0.3549714318571006,4.109654288529517e-06,161,0.47329125000302297,1.3235995387425725e-11,1.4870870967741947,1.3048383064516127,up_in_TGM2high,3.0611003691643415e-05,9.155315247756147e-06,3.354547818837451e-11
RALGPS1,0.3093326167216637,1.931524993322548e-05,184,0.3635922777355433,2.2918713515535864e-06,161,0.4323458771138624,9.858504610557193e-10,0.9412274193548392,0.8680516801075253,up_in_TGM2high,3.0611003691643415e-05,5.539426509932606e-06,1.778508324555851e-09
TFF2,0.30924448432790036,1.9426524914309332e-05,184,0.2846968534130556,0.0002635413685840687,161,0.3925558729101017,3.879598138907737e-08,3.3441419354838704,1.8012580645161296,up_in_TGM2high,3.07096075665597e-05,0.00038277702258382137,5.714419846955866e-08
GFPT1,0.30833349386449876,2.0612761558818952e-05,184,0.37151537153610714,1.319818078312452e-06,161,0.4331486309034743,9.108527186042499e-10,0.742561290322584,0.6534582661290322,up_in_TGM2high,3.247680237813334e-05,3.4844846813099472e-06,1.647958964873585e-09
GPR160,0.30829896760756,2.0659037689466836e-05,184,0.31375082973071744,5.3440643657304366e-05,161,0.41031260602428515,7.99239978396461e-09,1.201508064516131,0.9093167338709652,up_in_TGM2high,3.247680237813334e-05,8.666798686391848e-05,1.2995434453926875e-08
DMBX1,0.30826841435795993,2.0700070525359748e-05,184,0.3936624165621385,2.6059719177214784e-07,161,0.32996609840103774,5.078361898368206e-06,1.237316129032259,1.712181787634408,up_in_TGM2high,3.247680237813334e-05,8.408960930379616e-07,6.0323615718757055e-06
NAT1,0.30783071025408876,2.1296417380973134e-05,184,0.26661448576119734,0.0006546653280863822,161,0.44245027626173133,3.5864879808886907e-10,0.9263032258064516,0.9049756048387074,up_in_TGM2high,3.3328893201222956e-05,0.0008870573493118513,7.038061053405393e-10
ANXA9,0.30725472443220125,2.210590570486991e-05,184,0.2640736475347565,0.0007402886568090775,161,0.46533387129603515,3.200931656475893e-11,1.5123193548387102,1.1467940860215051,up_in_TGM2high,3.450946875623083e-05,0.0009879604356212532,7.394034010900032e-11
CCDC108,0.3070085607243825,2.2460647280568634e-05,184,0.3445797287473924,8.12463159767428e-06,161,0.43539848516956586,7.288877966058757e-10,1.1308612903225812,0.981205577956989,up_in_TGM2high,3.497603282994021e-05,1.6513049935532793e-05,1.3459697955022954e-09
FXYD4,0.30669773187523286,2.2916254465142516e-05,184,0.32057339323958106,3.5839980681150145e-05,161,0.4091728451086904,8.870182647504612e-09,1.165141935483871,2.220238709677419,up_in_TGM2high,3.559696103022138e-05,6.113304606648499e-05,1.4323537973819811e-08
AMBP,0.3061777667271563,2.369796419235101e-05,184,0.3840801385339341,5.335394023128779e-07,161,0.40817392814159664,9.715305789945315e-09,1.776201612903226,0.992693615591398,up_in_TGM2high,3.666798913342676e-05,1.5534682132458676e-06,1.5554428195666923e-08
PCDHA4,0.30616144788651023,2.372290031795182e-05,184,0.0874057946391636,0.27174987866879224,161,0.31538041163451125,1.369751392315956e-05,0.733024193548387,1.1254776209677415,up_in_TGM2high,3.666798913342676e-05,0.2766104456043316,1.573329122183098e-05
LOC162632,0.30551713509660766,2.472747038361941e-05,184,0.2290811595105798,0.0035705468207763076,161,0.28380349789996484,9.890057801693518e-05,1.3766548387096789,1.3434682795698931,up_in_TGM2high,3.812659226636884e-05,0.004314985154065577,0.00010711377480726891
MECOM,0.3041609678102907,2.697452928277512e-05,184,0.27386073827215,0.0004580328399206836,161,0.4177655172057614,4.0044658673423555e-09,1.314853225806452,1.151692607526881,up_in_TGM2high,4.148907943738876e-05,0.0006400191022105981,6.756861544356643e-09
ZNF844,0.30401870896231564,2.7221088779622904e-05,184,0.1667074770171849,0.035123264881589684,161,0.263913679573511,0.00030630438575560414,1.3480193548387094,1.0996350806451618,up_in_TGM2high,4.171522099938115e-05,0.03817215940256101,0.00032499414488645456
SULT2A1,0.3039993340302545,2.725483288937203e-05,184,0.24297675231657462,0.001962348783776793,161,0.345660524791764,1.6469452410886921e-06,1.2112419354838713,1.2978977822580648,up_in_TGM2high,4.171522099938115e-05,0.002452587125070284,2.0295033876407896e-06
ABCG8,0.30357978153613047,2.7995288651450942e-05,184,0.35532830650155595,4.012848081540924e-06,161,0.39287094163243996,3.7753761349088286e-08,1.736572580645161,1.0071679435483871,up_in_TGM2high,4.274402608733729e-05,8.971581782302209e-06,5.574022312388978e-08
RANBP17,0.3034116083296411,2.8297384182992138e-05,184,0.2778983619014462,0.00037376006596290604,161,0.32214405599409773,8.701450470677794e-06,1.6644193548387092,1.4859721774193555,up_in_TGM2high,4.309813543632683e-05,0.0005281575649949868,1.0143590306600184e-05
ITLN1,0.303374250645672,2.836490702838124e-05,184,0.26536831516739634,0.0006954500982884834,161,0.36753625875983637,3.085519410158355e-07,2.394387096774193,1.6079376344086027,up_in_TGM2high,4.309813543632683e-05,0.0009382581067426522,4.171782183065076e-07
PTPRU,0.3028741499874785,2.9283576482783155e-05,184,0.2986870656078073,0.00012482326023610692,161,0.2856819260005767,8.84875383348525e-05,0.8879725806451617,0.91525067204301,up_in_TGM2high,4.427903110681705e-05,0.00019246148006848014,9.633599825672636e-05
MSRA,0.30209589489703526,3.076917932036361e-05,184,0.2019439696908394,0.010442453259626056,161,0.3759904613725276,1.5611246793703924e-07,0.7494435483870969,0.7161422043010743,up_in_TGM2high,4.6413268083247276e-05,0.011907059636659218,2.138433368240406e-07
PLA2G12B,0.30131758413913073,3.2325715093173674e-05,184,0.3235336893203901,3.0045065767750825e-05,161,0.39316874167898164,3.6793452931945065e-08,1.3221129032258063,0.6629377688172045,up_in_TGM2high,4.864398473155462e-05,5.268406490367511e-05,5.457986145828818e-08
FGB,0.30039792933764303,3.4260517340729426e-05,184,0.32655105407932716,2.505400675082541e-05,161,0.354991957128177,8.18568092045343e-07,2.284693548387096,1.0133115591397854,up_in_TGM2high,5.130881305094885e-05,4.546031369859915e-05,1.0457625012660912e-06
C17orf93,0.3003418760639934,3.43819025455576e-05,184,0.3402532946178858,1.0714356335789827e-05,161,0.3588316680897841,6.099177070194118e-07,1.2244080645161284,0.9472164650537632,up_in_TGM2high,5.136771120171613e-05,2.0765285034688643e-05,7.872339888539212e-07
N4BP2L1,0.30020034289456954,3.469020238811723e-05,184,0.27242417627439747,0.0004920289558389468,161,0.294512595274829,5.189623246313865e-05,0.8508709677419368,0.720894354838709,up_in_TGM2high,5.170492070228902e-05,0.000684466947455957,5.7195495637191544e-05
SPINK4,0.29989874331219796,3.5355879670100125e-05,184,0.33999141033276314,1.0893874669265661e-05,161,0.41793439150291517,3.941474161138492e-09,2.576624193548387,1.175691733870968,up_in_TGM2high,5.257192559022013e-05,2.0983278593724013e-05,6.66854817533161e-09
MSLN,0.29856927928486615,3.843619963387273e-05,184,0.319208791740196,3.8851432833425315e-05,161,0.4138049560334656,5.793634315560146e-09,2.603187096774193,2.1336051747311835,up_in_TGM2high,5.7016732158304095e-05,6.556548641467536e-05,9.569432932824937e-09
C20orf70,0.2984391878212892,3.8750820252045844e-05,184,0.2947637115507802,0.000154525539754207,161,0.3449354262508927,1.7372655391997023e-06,0.8817370967741935,0.7611138440860217,up_in_TGM2high,5.734754959286217e-05,0.00023478880554886792,2.1365976965403017e-06
CCDC129,0.2979496783775163,3.99565331775878e-05,184,0.24725629502094285,0.0016207797387097409,161,0.3850828054773063,7.340057781459731e-08,1.2493096774193544,1.6148906586021503,up_in_TGM2high,5.899242870087256e-05,0.0020497133665298944,1.03956474461398e-07
LOC284551,0.29724567343982394,4.1752604877119105e-05,184,0.300899167676817,0.00011051951824137487,161,0.3903930590832377,4.673452888850173e-08,1.0478403225806452,0.8678857526881718,up_in_TGM2high,6.144478223938525e-05,0.0001716754799481406,6.787892130905356e-08
SLC10A5,0.2971740093621775,4.193963543325182e-05,184,0.30783653687824564,7.4973055441646e-05,161,0.46625089018912363,2.8945505205834875e-11,1.213311290322581,0.7329706989247309,up_in_TGM2high,6.14852734923083e-05,0.00011881805748473519,6.736017196599491e-11
ZNF552,0.297114434857018,4.209571407830933e-05,184,0.29210861126390264,0.00017823251240758819,161,0.3954248128373103,3.024406363922523e-08,0.594896774193546,0.6114760080645159,up_in_TGM2high,6.156989956313468e-05,0.0002682056556902649,4.518564161850834e-08
MTNR1A,0.2954995653145241,4.654065081330779e-05,184,0.28182729690922437,0.00030575167149939054,161,0.3513361363853024,1.0793655658941137e-06,1.2823032258064522,0.9919853494623658,up_in_TGM2high,6.791246482314843e-05,0.00043798752027143816,1.3540738361717739e-06
ZNF630,0.2953720287473271,4.6909880798853024e-05,184,0.26434322358083856,0.0007307387934840398,161,0.33467910920825494,3.644752575679585e-06,0.7576806451612894,0.6909061827956986,up_in_TGM2high,6.829205902344649e-05,0.000978483489848052,4.35422731369355e-06
ProSAPiP1,0.29481805397699906,4.854588810092118e-05,184,0.34842595165426693,6.330966352503246e-06,161,0.41454688554426,5.40829559613356e-09,1.0515112903225798,0.7312710349462357,up_in_TGM2high,7.050980499112915e-05,1.3299278310963194e-05,9.028248115145624e-09
NPC1L1,0.29372579992679776,5.1929913669441385e-05,184,0.32930161547559855,2.119469369049648e-05,161,0.42091186620163773,2.9759406781047e-09,2.356111290322581,1.19357251344086,up_in_TGM2high,7.511113048791841e-05,3.8794965644008184e-05,5.103942094502856e-09
LOC338651,0.2937183104001013,5.195386501800107e-05,184,0.3147442367164726,5.04509097490552e-05,161,0.4168749194976094,4.353075129136438e-09,1.4493177419354837,1.2490795698924724,up_in_TGM2high,7.511113048791841e-05,8.267609817515329e-05,7.325336104407016e-09
ARSD,0.29358517462580186,5.238136687218427e-05,184,0.3482549413136842,6.402020815713278e-06,161,0.40152726466587996,1.766694120802041e-08,0.7022661290322549,0.7024975134408589,up_in_TGM2high,7.555469046540866e-05,1.340356197537295e-05,2.7205178675001487e-08
ZNF600,0.2933580037747656,5.311845920380691e-05,184,0.29247959857702355,0.00017472780359402643,161,0.4020297791564407,1.6893698358765012e-08,0.8026919354838711,0.619986290322581,up_in_TGM2high,7.644173669329454e-05,0.00026356531337315794,2.6405513761413112e-08
C14orf184,0.29308905108847366,5.4003718410705685e-05,184,0.2803143162222771,0.0003304531115886569,161,0.40178744467602867,1.7262430786467932e-08,1.2663709677419357,0.9704512768817204,up_in_TGM2high,7.753744891078386e-05,0.00046907856656349035,2.6881297692360512e-08
CEACAM5,0.2928955327387259,5.4649240426091184e-05,184,0.2673309637591958,0.0006322255588526392,161,0.4701507642679811,1.8806118678666485e-11,3.0504322580645216,2.942286155913978,up_in_TGM2high,7.828472427170042e-05,0.0008656164449105861,4.6167177619000855e-11
CAB39L,0.290379688312689,6.372889070061599e-05,184,0.19815299126485728,0.012012937377096078,161,0.3475605496772667,1.431015878382897e-06,0.6483080645161294,0.9906288978494624,up_in_TGM2high,9.087536578265516e-05,0.01362336738779374,1.7738929502330564e-06
SH3BGRL2,0.2898980948161276,6.562105570656302e-05,184,0.2667590590815193,0.0006500791268115176,161,0.4787610112522849,7.1177394433124184e-12,1.85401129032258,1.497005712365592,up_in_TGM2high,9.318184398205326e-05,0.0008827538685119524,1.92772468783202e-11
BCAS1,0.28989231569416885,6.564407858799598e-05,184,0.24944195213130949,0.0014681045687879068,161,0.4497639601724518,1.6892861323971867e-10,2.645301612903225,2.337781787634408,up_in_TGM2high,9.318184398205326e-05,0.0018717585744627895,3.513266175683186e-10
CEACAM1,0.2892500092707128,6.825067875549581e-05,184,0.20133889505761546,0.010680291309500215,161,0.48941105256066053,2.060023322338848e-12,1.529632258064515,1.5093813172043014,up_in_TGM2high,9.644452573575705e-05,0.012156113381358427,6.447872998920594e-12
NUDT16P1,0.28912190533893345,6.878203210698473e-05,184,0.32641560712342915,2.5260194591393992e-05,161,0.3851640236523484,7.289988239968027e-08,1.293101612903226,1.1478151209677412,up_in_TGM2high,9.697646869137937e-05,4.5701970561308204e-05,1.0348146571927403e-07
GP2,0.2887879605926842,7.018548329499243e-05,184,0.21739726854705255,0.005754933285012713,161,0.37397057653900834,1.8403467963067664e-07,2.356558064516128,1.8275563844086016,up_in_TGM2high,9.873283717452868e-05,0.006777485304799023,2.515408503248986e-07
LLGL2,0.28861320336730173,7.093059092306633e-05,184,0.3242654211557915,2.875524224966446e-05,161,0.478133164571974,7.647330744206221e-12,0.9353080645161232,1.1108128360215055,up_in_TGM2high,9.955728681129937e-05,5.056399339407289e-05,2.037118742924721e-11
PACSIN1,0.28768415020343924,7.501794320883317e-05,184,0.21473388041967084,0.006395579507217731,161,0.2949606291923547,5.048634514147301e-05,1.1671758064516131,1.4380592069892488,up_in_TGM2high,0.00010482417957305706,0.007469464125966977,5.573977435372505e-05
PARP4,0.2875710350407428,7.553040733784987e-05,184,0.31980875522612373,3.7499234767998574e-05,161,0.4020158311602956,1.6914714086783797e-08,0.6356258064516176,0.6426332661290317,up_in_TGM2high,0.00010530520043094435,6.378945914338889e-05,2.6405513761413112e-08
GLP1R,0.28743036800585176,7.617227423432946e-05,184,0.21335139139234358,0.006752562514581774,161,0.2987010503743446,4.00436821076172e-05,0.7824564516129031,0.6092119623655914,up_in_TGM2high,0.00010596409704597831,0.007857070881279165,4.468332441955145e-05
OCLN,0.28679277995029956,7.914626322370447e-05,184,0.29655204104297184,0.00014025182057392872,161,0.4466850069037259,2.3243267383988784e-10,1.1810967741935483,1.0431100134408595,up_in_TGM2high,0.00010985711924177162,0.00021414058458360825,4.678548354462051e-10
TMEM45B,0.2849781356552561,8.821733571158883e-05,184,0.2636982904321841,0.0007537771572343661,161,0.4859771868883814,3.0869137432902214e-12,1.858743548387098,2.037016465053762,up_in_TGM2high,0.0001221771065386164,0.001001835457385803,9.072338043660463e-12
HMGCS2,0.28427477798547596,9.198834390912847e-05,184,0.2571811187307361,0.0010270607966459916,161,0.43006261917224287,1.2332731115819848e-09,3.4137822580645154,1.730762029569893,up_in_TGM2high,0.00012711855030268085,0.001339458455625814,2.1932641132111435e-09
KIAA1244,0.28371250794629266,9.51109569583496e-05,184,0.36167214157910355,2.614085327474402e-06,161,0.3825552028480263,9.074241921635039e-08,1.6612532258064503,1.52104939516129,up_in_TGM2high,0.00013085595396907,6.222119448665307e-06,1.2736492024537073e-07
GPR64,0.2836373793608291,9.553562865424072e-05,184,0.2403673859152794,0.0022015042245561883,161,0.24644468775800005,0.0007709471144237669,1.130012903225805,1.2733551075268823,up_in_TGM2high,0.0001311519814420059,0.002728993355588463,0.0008097531772303324
ACRBP,0.28339479271968415,9.691902792773024e-05,184,0.3760813389160221,9.538387042187622e-07,161,0.3616025685071138,4.92053492290363e-07,0.8962870967741923,0.8003715725806444,up_in_TGM2high,0.00013275998136271145,2.607436807165699e-06,6.471123659112757e-07
MT1M,0.2829405770277004,9.955986107968543e-05,184,0.1773013518671879,0.024901929021969353,161,0.26310096463726373,0.0003202016845133209,1.1573661290322583,1.2656453629032258,up_in_TGM2high,0.00013597328235026297,0.027493135040128423,0.0003385916461238833
MAP1LC3A,0.2829169154899732,9.969925974244523e-05,184,0.17396670712201898,0.027801603941630067,161,0.3203862991556566,9.800760549448057e-06,0.6878354838709662,0.5995864247311822,up_in_TGM2high,0.00013597328235026297,0.030640500118768347,1.138270149156676e-05
TCN1,0.28271784896199115,0.0001008792887195658,184,0.2265131083348677,0.003973502114281644,161,0.35138698905718724,1.0752465997609086e-06,2.2295387096774206,2.811327553763441,up_in_TGM2high,0.0001372835537792352,0.004774303883954528,1.3516152037155197e-06
MUC5B,0.2826554731285188,0.00010125172282423671,184,0.2703826361761419,0.0005443626902616222,161,0.4253718492842112,1.9435354783192896e-09,3.373946774193546,3.857094489247312,up_in_TGM2high,0.0001374914934663171,0.0007555898982345354,3.4175651950221213e-09
RORC,0.28227281527320913,0.00010356481471381457,184,0.27973055567884364,0.0003404687657997888,161,0.41393059241616426,5.7265701504653925e-09,1.9539225806451617,2.571506922043011,up_in_TGM2high,0.00014002499786360242,0.0004822023696621443,9.483684958178137e-09
PKP2,0.28202417696839055,0.00010509419381923796,184,0.38149587969855453,6.447883812927022e-07,161,0.4381016648732048,5.5645620468571e-10,1.1234838709677444,0.8764538978494603,up_in_TGM2high,0.0001417865632130236,1.818187057158701e-06,1.0460708232229864e-09
LINGO4,0.28162812401683573,0.00010757404001545212,184,0.26458618746178464,0.0007222289243611298,161,0.3589618999114549,6.038203818906254e-07,0.7237403225806451,0.979550873655914,up_in_TGM2high,0.00014482010548316779,0.0009702045207082989,7.809742955858088e-07
HCN4,0.2812273979366128,0.0001101387934929166,184,0.26403241468438227,0.0007417594324951902,161,0.29337115008698716,5.565720162861564e-05,0.982466129032258,0.9613131720430113,up_in_TGM2high,0.00014795468825443305,0.0009879604356212532,6.123270337348574e-05
SPNS2,0.2810040261216312,0.00011159315217075523,184,0.17112187387708386,0.03049871604808537,161,0.40856426356300696,9.376216073092561e-09,1.4256983870967748,1.1216467741935483,up_in_TGM2high,0.0001495873945586569,0.03343183179318821,1.5050028876297292e-08
LTF,0.2809261432674245,0.00011210445222581095,184,0.14330371911705617,0.07063852502947787,161,0.30663587535399506,2.4233302691874112e-05,2.343856451612905,2.7423108870967745,up_in_TGM2high,0.0001499516818234138,0.07406987716658818,2.7382757193345113e-05
CATSPERB,0.27994754481112494,0.00011871852542331485,184,0.24923536132077553,0.0014819524563731326,161,0.38805498485947626,5.706761275215813e-08,1.6980290322580651,1.4747340725806448,up_in_TGM2high,0.00015846012135393411,0.001881748960830793,8.231411424620043e-08
CA8,0.27974431225770047,0.00012013710785093773,184,0.29733598696234775,0.00013439094048036803,161,0.3540322663015778,8.8050476664029e-07,1.9003419354838715,1.9075057795698929,up_in_TGM2high,0.00016001240322273833,0.00020619786456056466,1.1203170404813448e-06
ISX,0.2792978514769987,0.00012330928577093396,184,0.32599470609061276,2.5911172055724675e-05,161,0.3528078190920497,9.66043447728405e-07,2.243561290322581,0.8161449596774193,up_in_TGM2high,0.00016367588249196054,4.6744650452114254e-05,1.2241765147327561e-06
C2orf55,0.2792837741519138,0.00012341056954665394,184,0.2470335255553468,0.0016371270594035313,161,0.40356739062181607,1.4724868690397694e-08,1.1384903225806458,1.2013734543010752,up_in_TGM2high,0.00016367588249196054,0.0020662127806181665,2.3218558690652284e-08
FOLR1,0.2778208041870126,0.0001343708597963912,184,0.24988347044347578,0.0014389044811350398,161,0.3505512621598559,1.144880435854808e-06,1.642264516129032,1.9740881048387104,up_in_TGM2high,0.00017713213623253815,0.001840262587416854,1.4333903056902196e-06
CAPN9,0.27781637590957764,0.00013440537493683005,184,0.32295747999773866,3.109887133249259e-05,161,0.3792463211510985,1.1946011461961696e-07,2.075717741935484,1.603294354838709,up_in_TGM2high,0.00017713213623253815,5.407748181705656e-05,1.6581381763166347e-07
HOXB8,0.27767035460063044,0.00013554815378157196,184,0.31494644650299086,4.986190061968175e-05,161,0.3267738859979126,6.337937122892831e-06,1.5437048387096772,1.844047715053764,up_in_TGM2high,0.0001782629081245043,8.192532752735112e-05,7.471843011169326e-06
C3orf52,0.2776174606538113,0.0001359643426552456,184,0.26992771300835566,0.0005567033130343444,161,0.3054050373578427,2.6221795480618983e-05,0.7087951612903236,0.6722173387096761,up_in_TGM2high,0.00017843538470059485,0.0007710094556626098,2.9523100667027846e-05
LIPH,0.27738546617553744,0.00013780390074175257,184,0.217635658754942,0.005700486158589083,161,0.46432288181399783,3.5751904353262144e-11,1.764675806451616,1.749770497311828,up_in_TGM2high,0.00018047121728940817,0.006733027047692011,8.168135812095657e-11
SDHAP3,0.27697019899443276,0.00014115486942647536,184,0.26729578987127506,0.0006333104341358601,161,0.28930752393251397,7.122897499505049e-05,0.7405629032258068,0.8202142473118279,up_in_TGM2high,0.0001844737959519281,0.0008656164449105861,7.781734440995046e-05
ID2,0.2747240469264703,0.0001606381549116745,184,0.26593756777786964,0.0006765377961000724,161,0.30682249750165996,2.394452320393473e-05,0.6836403225806436,0.6770519489247331,up_in_TGM2high,0.00020906337832579674,0.0009147141692411346,2.7105373464128643e-05
WFDC2,0.27416299811261935,0.00016588210359499465,184,0.2402528187241811,0.002212586765589111,161,0.3257147424136815,6.817660686235354e-06,1.7121596774193542,1.8116098790322583,up_in_TGM2high,0.00021544024242835404,0.002737310899720916,8.022284942825811e-06
FAM83E,0.2729286663712893,0.00017798626844211672,184,0.28816432653170826,0.00021976620737632955,161,0.44899155945578906,1.8306346615814161e-10,1.357588709677418,1.6377393817204302,up_in_TGM2high,0.00023068199595189455,0.00032755629956567213,3.769662164966995e-10
ABCG5,0.27261252023589594,0.00018121634317261155,184,0.3280625337018395,2.2858160376023626e-05,161,0.36118254892383117,5.083997535020092e-07,1.3635338709677411,1.1241471774193543,up_in_TGM2high,0.0002343831215414356,4.171780873291775e-05,6.672080622479199e-07
TMOD2,0.26975316876636635,0.00021301574371555777,184,0.15338793918450364,0.05280847900660123,161,0.23472271662225005,0.0013823304337779745,0.5913548387096785,0.597889583333334,up_in_TGM2high,0.00027427876410017336,0.05660634907214448,0.001435056138548942
CEACAM6,0.269711621814259,0.0002135139390341862,184,0.2449944671290521,0.0017938911259263834,161,0.4373810726435734,5.981111758632284e-10,2.213106451612904,2.288367473118281,up_in_TGM2high,0.00027427876410017336,0.002254971575963687,1.1110314424046912e-09
CLDN4,0.2696865789524378,0.0002138147554007741,184,0.2935409233706871,0.00016505275911982484,161,0.4390186901022138,5.074900272804719e-10,0.8829903225806461,0.9059164650537656,up_in_TGM2high,0.00027427876410017336,0.00024957252949036316,9.597847645848199e-10
FGA,0.26915578307015253,0.0002202842910617162,184,0.2603237388328203,0.0008855939279038625,161,0.31397421310896045,1.5031911240247225e-05,1.840453225806452,1.5513135080645164,up_in_TGM2high,0.0002819999308888228,0.0011695818541515145,1.720288196781492e-05
RASEF,0.2688351216505172,0.00022428045748589708,184,0.28637239007057963,0.0002414657933189093,161,0.3575330366032744,6.740259541633372e-07,1.3448161290322584,1.1772616935483873,up_in_TGM2high,0.0002865297273187175,0.0003556649096885582,8.646316543160842e-07
LRRC26,0.268000353191198,0.00023500229538026205,184,0.26432110662634345,0.0007315180083848056,161,0.40947156005065727,8.6315374740113e-09,1.608245161290322,2.522294758064516,up_in_TGM2high,0.0002996159611161793,0.000978483489848052,1.3998296525210034e-08
DOK7,0.26776213134017834,0.0002381484010846667,184,0.3219714010524777,3.298338956890117e-05,161,0.3595751871866721,5.758816804435779e-07,1.1054693548387098,1.377729099462365,up_in_TGM2high,0.00030300995747764505,5.657013983185997e-05,7.479293194142734e-07
SAMD5,0.26739226753481915,0.00024311080176082282,184,0.2677417540603503,0.0006196816183396624,161,0.404081173627823,1.4061915378311589e-08,1.602638709677417,1.8393001344086024,up_in_TGM2high,0.00030857646851827845,0.0008507032742996242,2.222918946167438e-08
HOXA11AS,0.2673628770987936,0.0002435092259553188,184,0.2889545554319262,0.00021078531716411003,161,0.3661500125551027,3.4438593607931125e-07,1.3196177419354838,1.17343434139785,up_in_TGM2high,0.00030857646851827845,0.00031492030678933856,4.6065298287531803e-07
RIMKLA,0.2672922248137626,0.00024446949290504456,184,0.28280434096641804,0.00029072216052836196,161,0.31918500451351717,1.0626382843098906e-05,1.2856096774193535,1.7784504704301085,up_in_TGM2high,0.0003091674799162786,0.00041933657255934236,1.2318732703296139e-05
C15orf48,0.2671033114368823,0.0002470544297914561,184,0.17750490160467727,0.02473365885628189,161,0.4509079204189935,1.4991883453974137e-10,1.3611419354838734,1.360666733870966,up_in_TGM2high,0.00031157092469149156,0.027355601491223434,3.159905401410037e-10
FUT9,0.2670807079605694,0.0002473654146512321,184,0.24610619296326425,0.0017068041278929288,161,0.35286012952700035,9.62232289396642e-07,1.99403870967742,1.538972446236559,up_in_TGM2high,0.00031157092469149156,0.002149817674166949,1.2218203106740323e-06
GALNT12,0.2666113796801334,0.00025390541344051865,184,0.28953272412573117,0.00020443203517153257,161,0.41315135230579547,6.154930209718984e-09,0.8327161290322547,1.095859744623656,up_in_TGM2high,0.00031852663088930794,0.0003061589809028215,1.0139437661273905e-08
MIR17HG,0.26546891095768477,0.0002705036309873211,184,0.30749114481687495,7.645326597924187e-05,161,0.35806731010750137,6.469077736454672e-07,0.6576483870967742,0.5894891801075266,up_in_TGM2high,0.000338670545996126,0.00012085794066415507,8.315488014416067e-07
GAD1,0.2633699986515382,0.000303654187678959,184,0.31019404859329847,6.556443217661472e-05,161,0.27543421550464403,0.00016082387086343642,1.0821483870967723,1.4985047715053763,up_in_TGM2high,0.00037866040136858237,0.00010497016507048802,0.00017298237656445225
HOXB13,0.2629130873937503,0.0003113537882686293,184,0.3093761806756258,6.869539313563851e-05,161,0.34138196536963566,2.252477367993599e-06,1.7033790322580646,2.7058072580645165,up_in_TGM2high,0.00038748926304303877,0.00010914547234241042,2.759394975272002e-06
SPATA6,0.2628768469110593,0.00031197218621995454,184,0.2813141234505289,0.00031393124317133906,161,0.2853735234264124,9.012353931747466e-05,0.8688596774193549,0.7183866935483882,up_in_TGM2high,0.00038748926304303877,0.0004466385414210415,9.7946763216561e-05
LOC148709,0.26022230355801274,0.0003604983908770347,184,0.32464584062975704,2.8105452584808453e-05,161,0.3402442502022827,2.4461387932305287e-06,0.7724064516129028,0.9712295698924724,up_in_TGM2high,0.00044599208041309034,4.998299238093776e-05,2.9849568899850117e-06
RBM47,0.2585559900599102,0.0003944415581960429,184,0.2187680188451028,0.005448094333381366,161,0.4720484297725679,1.5216316894528772e-11,0.7494096774193562,0.8766608870967723,up_in_TGM2high,0.0004865878246829929,0.006447083275419159,3.8101657503900047e-11
APOH,0.2585359704450429,0.0003948667970270933,184,0.2601010106310458,0.0008949981040389533,161,0.3460816377550596,1.5965635504019398e-06,1.174324193548387,0.865498319892473,up_in_TGM2high,0.0004865878246829929,0.0011795132907965993,1.97519522243402e-06
SLCO4A1,0.2581533778967849,0.00040307556267849004,184,0.28522095708355405,0.00025644251759798456,161,0.38611557864694335,6.72727423254872e-08,1.1520983870967747,1.1716808467741942,up_in_TGM2high,0.0004957275093059623,0.00037420283453691914,9.571076521762496e-08
RFX6,0.2576113423775729,0.0004149761738016972,184,0.23834864453099575,0.0024043546034714335,161,0.32956097002571977,5.223909718493975e-06,1.3051967741935482,0.7260228494623655,up_in_TGM2high,0.0005093629113722793,0.002962846420813223,6.1817910846450445e-06
SLC5A1,0.25644517818078094,0.0004416911108682847,184,0.2536004560027081,0.0012133101519421886,161,0.39077512259222674,4.5226982385953527e-08,1.7708306451612907,1.9081367607526856,up_in_TGM2high,0.0005394969114537462,0.0015692813122227482,6.599555005502776e-08
PPM1H,0.2564273468051087,0.0004421116862232777,184,0.2951582797938435,0.00015126449321749424,161,0.3175917250046192,1.1823362967602026e-05,1.2452016129032255,0.987034072580645,up_in_TGM2high,0.0005394969114537462,0.00023039312105632942,1.3655766084352156e-05
CCL28,0.2544258442333995,0.0004917470010846727,184,0.2369818365025956,0.002551162824678225,161,0.3524501361984495,9.924917601949412e-07,1.485853225806454,1.5846489919354827,up_in_TGM2high,0.0005988980985972862,0.003125299272502092,1.2551511957212792e-06
HOXA2,0.2543846722128207,0.000492820112120236,184,0.16800421630329748,0.03370700985406639,161,0.215226595559134,0.003434053041951645,0.7491822580645149,0.7413198924731184,up_in_TGM2high,0.0005990395925966364,0.036824761201824714,0.003535719085956792
DEFA6,0.25251408610578313,0.0005439222397428673,184,0.28735054465786264,0.00022938567382809684,161,0.2950488524630157,5.021299818118064e-05,1.105591935483871,1.505285887096774,up_in_TGM2high,0.0006598746551919281,0.00034027353510992565,5.5535930850563747e-05
TDGF3,0.2499446924346949,0.0006221169691896496,184,0.3037572774621563,9.430091642032775e-05,161,0.28475116451771276,9.351164945247199e-05,0.7661048387096774,0.8924847446236556,up_in_TGM2high,0.0007532789607596144,0.00014758093419781293,0.00010145284671966632
RBP2,0.24968196276785598,0.0006306714871836973,184,0.31063380100335997,6.393677244287067e-05,161,0.3394693147341372,2.5870139495443098e-06,1.5426709677419357,0.8053166666666668,up_in_TGM2high,0.0007621628397239276,0.0001026267167929155,3.1507212692893733e-06
SH2D1B,0.24925846605658056,0.000644689342643033,184,0.09076482881702261,0.25368260762997125,161,0.3484765037743265,1.3368355030972106e-06,0.9910516129032264,1.1125436155913984,up_in_TGM2high,0.0007776021743632729,0.2590624997983067,1.6637356360613397e-06
EPCAM,0.24810541118452734,0.0006843251809842533,184,0.3636832648430883,2.2775814782687097e-06,161,0.37310325580847703,1.9744050580356717e-07,0.8266387096774199,0.9102811155914008,up_in_TGM2high,0.0008238222371079664,5.526224827117102e-06,2.686907752892023e-07
TMEM151A,0.24800957024485973,0.0006877187850564698,184,0.23992850904956287,0.0022442336531535954,161,0.295235668313777,4.963876143226583e-05,0.9012741935483874,1.4785634408602149,up_in_TGM2high,0.0008263185402022075,0.002770986719672881,5.4997990542652054e-05
GRID2IP,0.24731090101855124,0.0007129303831187072,184,0.2849800611206788,0.00025968304512634166,161,0.3590850304405375,5.981091486978632e-07,0.818548387096774,0.6668681451612901,up_in_TGM2high,0.0008533354107692365,0.00037805020057927877,7.751890829914334e-07
GLTPD2,0.2465263559003571,0.0007422542533494423,184,0.20095634511225935,0.01083311109539489,161,0.40418931814535314,1.3926082580466676e-08,1.1728677419354845,0.7728622983870972,up_in_TGM2high,0.0008867388599174635,0.01230767249676443,2.2070196697144655e-08
LTK,0.2457744986611701,0.0007713949455983819,184,0.3242770887255358,2.8735104504232804e-05,161,0.3519733251823031,1.0288252552622946e-06,1.4642999999999984,1.4620161290322593,up_in_TGM2high,0.0009197966398944516,5.056399339407289e-05,1.2958644060245402e-06
SLC6A14,0.24420835661035234,0.0008355071022703722,184,0.16110078272485182,0.041839116446225316,161,0.39606733709158626,2.85942412787021e-08,1.827098387096779,1.5608444892473088,up_in_TGM2high,0.0009924619469093984,0.04531364514764195,4.282295464226678e-08
CLCN1,0.2435691186545943,0.0008630562461781807,184,0.2126679036746388,0.006935518503268462,161,0.3149261033547683,1.411586159671089e-05,0.9515629032258064,0.8214951612903221,up_in_TGM2high,0.0010232447161127674,0.008054980673554838,1.6184119706119077e-05
GLYATL1,0.2425190069270921,0.0009101317139498382,184,0.1467979607567526,0.0639752102550206,161,0.29086758027626947,6.482135106851407e-05,0.9745516129032256,0.7486826612903226,up_in_TGM2high,0.0010770178694378047,0.06753538215791383,7.106508891224134e-05
ATP10B,0.2396332183930188,0.0010519161904199816,184,0.21884827962528433,0.005430590099186958,161,0.4246677049413472,2.079623748357196e-09,1.39221612903226,2.3395372311827964,up_in_TGM2high,0.0012424519532130349,0.006438540534263325,3.6263077060490384e-09
FREM1,0.23882865605800932,0.0010949112901716632,184,0.217100358418962,0.005823395279758113,161,0.1906295050466341,0.00974168862849218,1.4216016129032272,1.4429664650537628,up_in_TGM2high,0.0012907993741006801,0.006839484887670879,0.009883787814321077
HPGD,0.23839648629384907,0.001118665826599134,184,0.13761010461757214,0.08269429738824605,161,0.39306759271651964,3.711696050782557e-08,1.3680919354838703,1.6398215725806438,up_in_TGM2high,0.001316324826035823,0.0862777169417367,5.492959167351963e-08
AQP5,0.2381414181095611,0.0011329066596292305,184,0.2526093716229817,0.0012700631852407159,161,0.3766224619099686,1.4824433541353452e-07,2.376082258064516,2.2955607526881723,up_in_TGM2high,0.0013305808047427735,0.0016359250081495642,2.0395814059092881e-07
MC5R,0.23528276985306462,0.0013042781645659877,184,0.11212814777489705,0.1580511395602027,161,0.20323625453523797,0.005791677791170672,0.5925951612903229,0.8633141129032257,up_in_TGM2high,0.0015289852640792288,0.16273028513928764,0.005885698534533832
LPIN1,0.23523338020843365,0.001307437162311985,184,0.15309948073088572,0.053261030896926666,161,0.32541359354568683,6.960228621458547e-06,0.6058338709677393,0.821461626344087,up_in_TGM2high,0.0015298236702940237,0.05699385528457451,8.173757028760443e-06
LCN2,0.23511394502128644,0.0013151052864107619,184,0.21224847967584365,0.007049961294813164,161,0.40916337947635256,8.877847817639117e-09,1.7007887096774184,2.23413864247312,up_in_TGM2high,0.0015354989974750383,0.008172732908431556,1.4323537973819811e-08
DDX11L2,0.23508153457520298,0.0013171932294634115,184,0.23320147330953936,0.003000452683962311,161,0.26356005674244376,0.00031228098490519165,1.0805822580645144,1.027006115591398,up_in_TGM2high,0.0015354989974750383,0.0036613711114237947,0.00033077478265761416
SIM2,0.23333590183198166,0.0014342354481196554,184,0.21460139022149172,0.006429046759597997,161,0.380069881050732,1.1159001031851491e-07,1.2648306451612896,1.6671971774193557,up_in_TGM2high,0.0016626507231905635,0.007494568475806976,1.5523410324308964e-07
PDZK1IP1,0.23326269962050433,0.0014393451385307013,184,0.18166363784545866,0.02150322085804636,161,0.3916065762109491,4.210611704498453e-08,1.2987451612903218,1.336553225806453,up_in_TGM2high,0.0016654899384846932,0.023867050101306776,6.187424711305239e-08
C1orf210,0.2332164666448344,0.0014425808796561961,184,0.22035105505212585,0.005112000903210882,161,0.4334990387160608,8.798737174620415e-10,0.6829161290322583,1.1879713037634383,up_in_TGM2high,0.001666154300119518,0.0060954525055428805,1.603941436997796e-09
ABLIM2,0.2331105160755909,0.0014500212137938831,184,0.18460384295693946,0.019445042727409087,161,0.2908273365716971,6.497961543362111e-05,0.8136693548387095,0.8689481182795724,up_in_TGM2high,0.0016716634987752686,0.021775665022107493,7.111405465287905e-05
CYP3A4,0.23008818363921246,0.0016776110305188707,184,0.21155053001640817,0.007244128005558374,161,0.34404779875387953,1.8542638828508e-06,1.0569258064516132,0.9373385752688176,up_in_TGM2high,0.0019269440460638772,0.008351578298044678,2.276018020910982e-06
C7orf53,0.22924054113800366,0.0017470504096019606,184,0.24055461272024828,0.002183501450870436,161,0.27308877556882544,0.00018379211722689364,0.6090177419354834,0.7377489919354847,up_in_TGM2high,0.002003028491594922,0.002712047436993835,0.00019701004346581408
TTC39A,0.22839100980094043,0.0018192646558054099,184,0.20759955404295916,0.008435522986160418,161,0.403488294698846,1.482956649321521e-08,0.9705741935483888,0.9849179435483872,up_in_TGM2high,0.0020820103739199024,0.009689242916213618,2.3324896042092265e-08
NCRNA00093,0.22802147525899114,0.0018515175680055677,184,0.22783862935940216,0.0037606734240517915,161,0.3354679684150031,3.446060491443371e-06,0.7539596774193553,0.9814810483870962,up_in_TGM2high,0.0021112021813688257,0.004527272237416196,4.132631930351629e-06
VSIG2,0.22774940344835506,0.0018755960023714847,184,0.155197056410473,0.05004225970609929,161,0.39417444319661016,3.3720972341556804e-08,2.206999999999999,2.484797849462364,up_in_TGM2high,0.0021308949137650622,0.053733198243598894,5.01409232442151e-08
IL17C,0.22745326429570473,0.0019021283492651052,184,0.14914044340404964,0.05980298330679573,161,0.366334164744374,3.394059393061205e-07,1.039335483870968,1.0559098790322583,up_in_TGM2high,0.0021571238163767318,0.06345197889839682,4.549638501191251e-07
AMOT,0.22514506807089169,0.0021209368297180225,184,0.259891817472578,0.0009039141985278207,161,0.30148871976002584,3.3621982712255763e-05,1.294174193548386,1.1474192204301064,up_in_TGM2high,0.0023922638836098775,0.0011887611098286045,3.765180890495904e-05
DEFA5,0.22374201259163534,0.0022648854789581218,184,0.25028461680014336,0.0014128351634832205,161,0.2437527418297243,0.0008837737919775305,0.6983322580645162,1.0495301747311827,up_in_TGM2high,0.0025500329313449355,0.0018160879103500944,0.0009267041771824691
AQP2,0.222998774323395,0.002344684001196585,184,0.2549518810297121,0.0011396589894525511,161,0.33087665554837986,4.7651594263506375e-06,1.5273887096774188,0.9826917338709672,up_in_TGM2high,0.0026351385722604348,0.0014832152336742143,5.671083271664446e-06
RAB11FIP1,0.22162547436959407,0.0024988782787840284,184,0.16770182551713003,0.034032871166059776,161,0.3789949207164666,1.2196681015708927e-07,0.8445661290322555,0.8937284946236534,up_in_TGM2high,0.002803401079782799,0.037051438869484206,1.685457464863971e-07
MUC4,0.2194409662691915,0.0027631888511234913,184,0.18377108145193627,0.020009922555477178,161,0.36104620392142783,5.138167421813832e-07,2.054780645161287,2.848456989247312,up_in_TGM2high,0.003092380810799696,0.022328362780265086,6.729064447814768e-07
S100P,0.2187994837317717,0.0028454773698824436,184,0.191617731188643,0.015210578183571653,161,0.4221659855022576,2.6415968637459037e-09,1.960132258064516,2.239063306451613,up_in_TGM2high,0.0031751672612235467,0.017125579034021322,4.5680652947650155e-09
MFSD6L,0.21785468328103808,0.002970719414518297,184,0.17157725059569087,0.030052577866191782,161,0.303864984379208,2.8926847034746858e-05,1.0395177419354842,1.109907594086021,up_in_TGM2high,0.0033090219812961816,0.03300511183199308,3.245198251568375e-05
TRIM58,0.21661507995180795,0.003142601181926248,184,0.06324511140373122,0.42689410607778233,161,0.15699391068766724,0.03380408970999803,0.5909677419354833,0.7007204301075269,up_in_TGM2high,0.0034942599287492563,0.4296394057953244,0.033858176253534024
ELF3,0.21554198532103022,0.003298600875945202,184,0.22003924019298732,0.0051766954854812405,161,0.4205260332286356,3.0867755344261724e-09,0.6908741935483871,1.546243884408602,up_in_TGM2high,0.0036612130289746386,0.0061608581253065715,5.279566897679738e-09
SCGB3A1,0.2142061865064083,0.003502548615915674,184,0.16041859521816926,0.0427253013150611,161,0.20396133878960115,0.005615884747138104,1.3581580645161289,2.3006429435483877,up_in_TGM2high,0.0038806998824127644,0.04619350366706088,0.005725641452293898
CYP2J2,0.21273140567509777,0.003740875835752518,184,0.18303445402194302,0.02052136174922,161,0.3878668777394706,5.7988243532746776e-08,1.0981677419354838,1.5576332661290315,up_in_TGM2high,0.004137435111627343,0.022858313976889182,8.344974816436662e-08
LOC284233,0.2126144146446183,0.003760393618028994,184,0.07499103708974633,0.34595701857007677,161,0.32974619197678207,5.156881491700486e-06,1.2699435483870969,1.7419858198924727,up_in_TGM2high,0.004151686781104322,0.3504354265774564,6.114029950387318e-06
GPRIN2,0.21234815951735214,0.0038051559175912666,184,0.23568902673058176,0.0026974462849249157,161,0.2970102983211241,4.4483335862978604e-05,0.9389193548387098,1.270537365591398,up_in_TGM2high,0.004193710571148121,0.003298049559302729,4.937334796139115e-05
SORT1,0.21140606037256074,0.003967421064332193,184,0.18871319200342157,0.01685517889182301,161,0.2929964966630146,5.694646176791294e-05,0.6404580645161317,0.7405461693548396,up_in_TGM2high,0.004364860432815382,0.01894316335059462,6.25412018714272e-05
CPA2,0.20801517554901203,0.00460430651583049,184,0.21205556410614243,0.007103161287882849,161,0.2130274242316503,0.003787429028381,1.0851096774193547,1.1564729838709678,up_in_TGM2high,0.005056659436684012,0.008219184780433758,0.00388677142912542
MUC20,0.2078384157500337,0.004639894039243901,184,0.16793831416919355,0.033777800955844546,161,0.3864686224449539,6.529305918133275e-08,1.285093548387097,1.9626960349462357,up_in_TGM2high,0.005086819034267394,0.03683781079853429,9.310582015379112e-08
PRICKLE4,0.2075263431642619,0.004703327897813351,184,0.14044135806248836,0.07650763645947438,161,0.34590031321722986,1.6180743199542713e-06,0.7146290322580624,1.0595610215053766,up_in_TGM2high,0.005147348363690835,0.08008993381878088,1.997859022270954e-06
TAS2R38,0.20693669686746066,0.004825312129609278,184,0.3179509191407273,4.183660351522779e-05,161,0.280422922750763,0.00012058582260170828,0.7353209677419354,1.0456327956989253,up_in_TGM2high,0.005271632448752894,6.965428547532983e-05,0.00012992551626277003
SCIN,0.20573288898306716,0.005083204267100924,184,0.15586632375495238,0.049049894239111526,161,0.2892132003330101,7.163483832474607e-05,1.1672677419354818,1.225951680107528,up_in_TGM2high,0.005543703608371391,0.05275813366612339,7.81244055597405e-05
EPB41L1,0.20318429619926412,0.005670353813037381,184,0.18411514342819996,0.01977484092639302,161,0.33555422033257604,3.424971669311635e-06,0.6382145161290325,0.8097854166666654,up_in_TGM2high,0.006162572025974654,0.022105447178432196,4.115225076754479e-06
PLEKHA7,0.20271618732060642,0.005784565319617674,184,0.12104997306605947,0.12731356748084163,161,0.4034499548262881,1.4880573933922706e-08,0.7168919354838703,1.02432701612903,up_in_TGM2high,0.006275802235841705,0.1319508166274948,2.3346464367507805e-08
ANKRD20A4,0.20240501442065206,0.005861620626919154,184,0.17198389413220372,0.029658891643164546,161,0.22979322775877248,0.0017524180934310161,0.6928758064516134,0.8849495295698928,up_in_TGM2high,0.006348398810469534,0.03262999326646925,0.0018102536740723038
RGS11,0.20215570984750753,0.005924016254546265,184,0.10517900050106382,0.18561468313931304,161,0.16914823480212537,0.022077311960729235,0.7280467741935475,1.3382547043010753,up_in_TGM2high,0.006404894948784045,0.1904832649921475,0.02221928824343489
MYO5B,0.20192444761225942,0.00598242630078773,184,0.1828935156826995,0.020620491330995656,161,0.38146704525827185,9.936335063578559e-08,0.6218645161290333,0.8812360887096773,up_in_TGM2high,0.006455264962420124,0.022927935298762487,1.388425390580397e-07
PELI2,0.201889772880507,0.005991228343715803,184,0.1710719827268043,0.030547935759909994,161,0.2125874374973803,0.0038619438514746465,0.8159354838709669,0.8520674731182805,up_in_TGM2high,0.006455264962420124,0.03343183179318821,0.003956754256993664
IGSF5,0.20158591544123802,0.006068857736877047,184,0.13775860868851433,0.0823601116460105,161,0.2035245693771047,0.005721196457280383,0.6457822580645162,0.8876084677419356,up_in_TGM2high,0.006527671723857442,0.08607250399065537,0.005823526800418731
MT1G,0.20140047388800061,0.006116674630106218,184,0.242659001935103,0.001990151160059336,161,0.26510943815456817,0.00028687254306818247,1.0427080645161275,1.3659548387096754,up_in_TGM2high,0.00656781872803858,0.0024817422832612433,0.00030489339891457085
PGA4,0.20070009544500467,0.00630032005193063,184,0.14975513127955933,0.058745979481093454,161,0.1861451713002856,0.011637132094664377,1.292456451612903,3.435112365591398,up_in_TGM2high,0.006753425261144819,0.06243630416836078,0.011787774581326698
KCNJ4,0.20036405744237612,0.0063901669594024725,184,0.2115500597842984,0.007244260408687316,161,0.24724908539624096,0.0007399014064984761,0.6114241935483872,0.8172542338709675,up_in_TGM2high,0.006838024814676834,0.008351578298044678,0.0007784508915429345
ST6GALNAC1,0.1987228140471191,0.00684562450990119,184,0.15146413279297033,0.055887718423425235,161,0.33096453874396087,4.73592102439429e-06,1.6744548387096785,2.192685887096774,up_in_TGM2high,0.007312902633443932,0.059639584110620224,5.6470220214682394e-06
FAM95B1,0.19286856350291845,0.008714850701958392,184,0.14432095995823768,0.06864296955491739,161,0.24057755012400897,0.0010362747350190513,0.8861096774193551,0.9634323252688164,up_in_TGM2high,0.009262303122964268,0.07209815258620518,0.0010829849484506279
DPCR1,0.1921380331328506,0.008977308315563919,184,0.15144198109221993,0.055924018966348354,161,0.3382142765994651,2.8316747662867152e-06,2.2523225806451603,2.520153293010753,up_in_TGM2high,0.009525076280581378,0.059639584110620224,3.4286816319061582e-06
KIAA1324,0.1915470709483539,0.009194720428554091,184,0.206203562002344,0.008896220527708743,161,0.25482903539927043,0.0004989959168193262,1.4460193548387077,1.47027009408602,up_in_TGM2high,0.0097392470190776,0.010199696062904162,0.0005258778517321518
ZNF433,0.19062048506096974,0.009544994891015362,184,0.090796003518175,0.25351890314058334,161,0.17650796986503156,0.016839586582711254,0.7716354838709671,1.283753158602151,up_in_TGM2high,0.010042297145841372,0.2590624997983067,0.016975171015744354
MANEAL,0.18897737906100084,0.01019523100130129,184,0.20583445376262158,0.009021693347841938,161,0.2738954598307351,0.00017556801746519915,0.6623693548387095,1.056911895161292,up_in_TGM2high,0.010672599676947505,0.010324643575409603,0.00018851728805011092
ATAD3C,0.18801410105757932,0.010594354468413628,184,0.1659899772633442,0.03592829023958387,161,0.21306827398259534,0.0037805770005541932,0.7002725806451613,0.886457392473118,up_in_TGM2high,0.011071896322582523,0.038979392876914216,0.003886110348681322
TMEM38A,0.187388119756971,0.010861052507302382,184,0.1862902355749472,0.018343267307994446,161,0.2997888284049636,3.7411504949716756e-05,0.6889209677419359,0.8716670026881728,up_in_TGM2high,0.011331698115952152,0.020578647553413123,4.182071803307623e-05
LMO7,0.18672448359910643,0.011150239102605451,184,0.15045594965811662,0.05755966278834401,161,0.36680162868537175,3.270720736006248e-07,0.6367870967741887,0.7884391801075239,up_in_TGM2high,0.01161405936477706,0.06127950494133223,4.3937149801285646e-07
FUT6,0.18294782558025738,0.012928642233797026,184,0.11216659652748093,0.15790768472183514,161,0.38992422471752897,4.8650529155466765e-08,1.4964080645161315,2.5400990591397843,up_in_TGM2high,0.013399553043637316,0.16273028513928764,7.049822048917175e-08
BPIL1,0.18113523317970237,0.013867273149743417,184,0.15607285888262737,0.04874697491451617,161,0.17855599648435694,0.015589926926110586,0.9907741935483874,1.2761567204301074,up_in_TGM2high,0.014348616515271702,0.052522558169513116,0.015740797186685848
FAM3D,0.17902939179472027,0.01503222788369642,184,0.08366508238080873,0.29287456180734284,161,0.33884126789274216,2.7068176967540727e-06,1.8939838709677428,3.1599919354838724,up_in_TGM2high,0.015477260946042695,0.29762901897953997,3.2902288896466977e-06
CYorf15B,0.1760620280567672,0.016818513737814494,184,0.12043682805471682,0.12926632585872977,161,0.15743596060344714,0.03329958513062159,1.0222354838709666,1.595975336021505,up_in_TGM2high,0.01725965508175717,0.13375325617779313,0.033406314570142814
CPNE4,0.17452071570291477,0.01781725885694213,184,0.14619769152142167,0.06508184329774766,161,0.22490311785166,0.0022067504571828675,0.6573790322580642,1.022480779569892,up_in_TGM2high,0.01825467110383924,0.06858793586597649,0.002275825018445593
CYP2E1,0.17410961747493756,0.018092197230382016,184,-0.004938789699941551,0.9505772833057956,161,0.23605090105508478,0.0012956543262275433,1.1869774193548377,1.7259427419354836,up_in_TGM2high,0.01847588167409322,0.9505772833057956,0.001349550096869288
CHAC1,0.17300957407871162,0.018846089950631504,184,0.12856486073617288,0.10518685784651165,161,0.3548990445757142,8.243775657066028e-07,0.6500112903225803,0.9509191532258052,up_in_TGM2high,0.019214417441523326,0.10919896021876666,1.0510394218581127e-06
LOC113230,0.16549775842200992,0.02475997729627954,184,0.18061249106529104,0.022283308983376125,161,0.2982167537358155,4.127079143558985e-05,0.6313983870967723,1.016208736559137,up_in_TGM2high,0.02520283867881462,0.02468911756388222,4.597066804035453e-05
SLC35D3,0.1641602709788295,0.02596522057704451,184,0.2619541296537997,0.0008194695385225619,161,0.2299317158687041,0.0017408937705203496,0.9765887096774186,1.343544018817204,up_in_TGM2high,0.02638673389810043,0.001084541080581657,0.0018043038085194352
CEACAM7,0.16059566952921198,0.029425762120459924,184,0.07119892996397677,0.37095931871025023,161,0.3606176277837557,5.312058059852814e-07,1.80924193548387,2.5384416666666665,up_in_TGM2high,0.029806678134964258,0.37454924760099456,6.942272119974659e-07
KRTAP5-2,0.16044391831875512,0.02958142418653203,184,0.22928813940536535,0.0035397309656612585,161,0.2694951546789018,0.0002249828299239732,0.7427870967741932,1.1777264784946238,up_in_TGM2high,0.029915947561823992,0.004286018538692355,0.00024075085732035425
POF1B,0.1598428848620347,0.030204865332328343,184,0.14764394730262154,0.062441758920818734,161,0.35241724754727416,9.949580602824888e-07,0.9956758064516116,1.6240794354838712,up_in_TGM2high,0.030497170480705715,0.06613966342543574,1.255733358340399e-06
RAPGEF3,0.15519061470593903,0.03542004753728105,184,-0.046828551247611684,0.5565202917069503,161,0.20685533902345088,0.004960843038003319,0.6039306451612871,0.7661654569892473,up_in_TGM2high,0.03570523310521407,0.5583040105906264,0.005074326375473983
DUOX2,0.14898294628449757,0.043548623721498265,184,0.07213125863751929,0.36471156795347537,161,0.35873571485225375,6.144477489446694e-07,0.7545967741935442,1.5609491935483888,up_in_TGM2high,0.04382867917951433,0.3688359314036762,7.914491581056852e-07
FUT3,0.14624646028780025,0.04759933388754084,184,0.08874834762858694,0.26442666248471175,161,0.33742151923743224,2.9973975645718632e-06,1.019232258064516,1.7199830645161276,up_in_TGM2high,0.04782854416308277,0.26959461028571585,3.6223375973397423e-06
GKN1,0.13751195715115633,0.06268149140099624,184,0.04801808157651472,0.5465275486144391,161,0.18384546646031888,0.012729611222563265,1.2878532258064517,2.3185243951612904,up_in_TGM2high,0.06288239361702508,0.5491593024600945,0.012873564822818422
C21orf88,0.1351613150060513,0.06735071599382476,184,0.06491213032367792,0.41478422839301554,161,0.12403958934729313,0.09433799258290017,0.8769854838709676,0.915218951612903,up_in_TGM2high,0.06745847713941489,0.4181238759646179,0.09433799258290017
B3GNT6,0.13250080469484402,0.07297390815402227,184,0.022217977174578078,0.7803457115556843,161,0.26756383026092423,0.0002505226074279353,1.2564306451612914,1.8678901209677423,up_in_TGM2high,0.07297390815402227,0.7815942646941734,0.0002671672099657368
C1QL4,-0.16392907425423467,0.026178577207023754,184,-0.11507751892752349,0.1473282060668241,161,-0.2298671314546487,0.0017462595522441987,-0.6511080645161282,-0.8686214381720427,down_in_TGM2high,0.026560436517985203,0.15219052309873246,0.0018068735201733361
MUM1L1,-0.17440464277945134,0.017894516996146213,184,-0.2858542251699392,0.0002481020681215801,161,-0.26142891820283604,0.0003506528974949575,-0.9802000000000004,-1.4584407930107537,down_in_TGM2high,0.018303868692136484,0.00036451763948969445,0.00037016646514644757
TNC,-0.1782454585733274,0.015487248121190953,184,-0.25889448596119047,0.0009475534592031659,161,-0.4406744452036767,4.294333878193301e-10,-0.9604064516129008,-1.5414690188172049,down_in_TGM2high,0.01591956867629809,0.0012409382122618867,8.297077184410514e-10
SHISA7,-0.17964955645064534,0.014680581043569929,184,-0.15701709747361708,0.04738183202290188,161,-0.31823480328970266,1.1325640472550528e-05,-0.7289693548387102,-1.2407869623655914,down_in_TGM2high,0.015140104997157785,0.05113970145920099,1.3105084909088042e-05
HIST1H2BM,-0.17971988933459673,0.014641158408069047,184,-0.1290295124465605,0.10392487168150637,161,-0.16680068789218072,0.024019919768962287,-0.5856112903225801,-0.996037029569892,down_in_TGM2high,0.015124364956190139,0.10806805593458968,0.02413558551423819
UCN2,-0.18473348615900292,0.012058935192271567,184,-0.24297095018744314,0.0019628532742175914,161,-0.36693363740336704,3.2366751219768533e-07,-0.8502645161290321,-1.1011352822580631,down_in_TGM2high,0.01251889457771476,0.002452587125070284,4.3573303792634626e-07
PYY2,-0.18505431654868962,0.011908246333463926,184,-0.23006306523466397,0.0034264743799961497,161,-0.205203281390602,0.005325846256475531,-1.450088709677419,-1.4578340725806465,down_in_TGM2high,0.012382993695595378,0.004156924344724011,0.005438792425046791
DMC1,-0.1901851245400782,0.009713609875883074,184,-0.10532761357280715,0.18499056236979594,161,-0.24282580648325705,0.0009260109609161404,-0.7414725806451625,-0.7790926747311842,down_in_TGM2high,0.010185460271863993,0.19015450253447005,0.0009693693336680667
C7orf10,-0.1902352102637206,0.009694078582623188,184,-0.21737614623057905,0.005759779843695016,161,-0.44748327191610643,2.1404120158882323e-10,-0.8500548387096769,-1.0848270833333338,down_in_TGM2high,0.010182035558258584,0.006777485304799023,4.322251361116237e-10
LOC100270746,-0.19074955211804823,0.009495507205044548,184,-0.19676088469469924,0.012639677114766828,161,-0.23961751339347173,0.0010869299861958348,-0.6236854838709665,-0.8586432795698924,down_in_TGM2high,0.010007049680737184,0.01430820592015196,0.0011340302855976543
C1QL1,-0.19130049507811445,0.009286803861949283,184,-0.24938929576147637,0.0014716228919186742,161,-0.3253879424594534,6.9725020021694515e-06,-0.9073887096774174,-1.0849142473118274,down_in_TGM2high,0.009803607449545112,0.001872430752725793,8.173757028760443e-06
COL4A6,-0.1913948874034405,0.009251457207843374,184,-0.28344941125854733,0.0002811781135795251,161,-0.3269062857057696,6.280271883223933e-06,-1.0410903225806436,-1.586622513440859,down_in_TGM2high,0.009782790898834378,0.00040744791458514516,7.417830563958834e-06
CLDN20,-0.19343886336176822,0.008514709218563055,184,-0.13714094051430276,0.08375723686200001,161,-0.23586867796200967,0.001307244070768509,-0.950166129032258,-1.1612110215053764,down_in_TGM2high,0.009064979542211688,0.08724131493446258,0.0013593601134569545
ATP8B3,-0.1943595769682726,0.0082001867132177,184,-0.2258627142479093,0.0040818412470234175,161,-0.335754479457718,3.376480021492751e-06,-0.7152709677419358,-0.9493180107526856,down_in_TGM2high,0.008745003206940853,0.004895081648729232,4.064762487412427e-06
CRLF1,-0.205267768521035,0.005186111199785502,184,-0.2671483276098,0.000637877336604018,161,-0.3598494579869494,5.637909925690079e-07,-1.1311129032258078,-1.1255788306451606,down_in_TGM2high,0.005646096714896911,0.0008699590690939331,7.337487761916818e-07
NUDT7,-0.2194160290767284,0.0027663470511946164,184,-0.19518445816482147,0.013383850142433776,161,-0.26690058475181727,0.00025989808940032574,-0.6774806451612916,-0.671389919354838,down_in_TGM2high,0.003092380810799696,0.01512326748946488,0.00027669422442959846
PITX3,-0.22549303929831113,0.002086548460101752,184,-0.19356123493594318,0.014189918762287161,161,-0.401368198013571,1.7918726941586638e-08,-0.7493306451612903,-0.5857011424731183,down_in_TGM2high,0.00235772443325577,0.016005205667012187,2.742572876634043e-08
XCL1,-0.2271995469166466,0.0019251313627617747,184,-0.2831696856610106,0.00028528047640856,161,-0.28079607572064563,0.00011799038726242838,-0.9834387096774192,-0.9920915994623644,down_in_TGM2high,0.0021792626276471447,0.0004124378250156087,0.000127348245562552
DUSP5P,-0.22784146867172417,0.0018674164571654713,184,-0.08159696516077365,0.3050103957894377,161,-0.3119548912457231,1.7164606743840697e-05,-0.972141935483871,-1.0584687499999998,down_in_TGM2high,0.0021254594585192457,0.30945949394519934,1.9536443312080503e-05
C10orf55,-0.22809616458939336,0.001844956992204523,184,-0.2741409462646752,0.000451660196720511,161,-0.3716276471326002,2.2242572106854466e-07,-0.8622032258064545,-1.3679885080645169,down_in_TGM2high,0.0021075603597080863,0.0006325263605079192,3.0203579476986757e-07
COL7A1,-0.23301805012425109,0.0014565432421972193,184,-0.27260597883418614,0.00048760140668180937,161,-0.4343316789655955,8.102935892974381e-10,-1.0001370967741927,-1.261310147849466,down_in_TGM2high,0.0016760957162048884,0.0006798184422779792,1.4875184366574669e-09
IGFL3,-0.23335490422693342,0.0014329117490267972,184,-0.249893197171961,0.0014382672093172049,161,-0.4161797782278495,4.645349303000976e-09,-1.1321209677419353,-1.3777478494623656,down_in_TGM2high,0.0016626507231905635,0.001840262587416854,7.796216256511021e-09
CTXN1,-0.2336673506903195,0.0014113064008995416,184,-0.20245350726508035,0.010245801037752541,161,-0.3633921124445377,4.2787188505781983e-07,-0.8985935483870984,-0.8452608870967753,down_in_TGM2high,0.0016421520575522549,0.011704144981082283,5.686789809897988e-07
GPNMB,-0.24492496773323572,0.0008055865900201035,184,-0.34361428190766147,8.645162202409242e-06,161,-0.4479366223910079,2.042324107597201e-10,-1.2529870967741967,-1.2810547043010754,down_in_TGM2high,0.0009587399341303894,1.7401516201634035e-05,4.137523920245462e-10
MARCH10,-0.24732275891339428,0.0007124954768312634,184,-0.2302391816216,0.003401194800610411,161,-0.3675669747707928,3.077998796864189e-07,-0.6829677419354838,-0.792800403225806,down_in_TGM2high,0.0008533354107692365,0.004134267854722558,4.170621746400395e-07
LOC100289341,-0.25650356210804254,0.00044031664285233875,184,-0.21565416993875178,0.006167366497934442,161,-0.3133043601225598,1.5709932499515737e-05,-0.7987435483870984,-0.850794959677418,down_in_TGM2high,0.000539409429404235,0.007216395191975627,1.7946017782293525e-05
TRPV3,-0.26260824421043105,0.0003165912225363138,184,-0.29657043098953,0.00014011164586267964,161,-0.31681494327729687,1.2452183086023652e-05,-1.131137096774192,-1.530169489247311,down_in_TGM2high,0.00039244773328263847,0.00021414058458360825,1.4329166565902218e-05
ANKRD2,-0.2638192120305377,0.00029625701486868253,184,-0.29788333655300664,0.00013043525316211956,161,-0.3568600319626399,7.097338758167682e-07,-1.1615467741935483,-1.0601893817204302,down_in_TGM2high,0.0003701734357441023,0.00020062031567441484,9.085754729269874e-07
CGB7,-0.2668684525603695,0.00025030349905212493,184,-0.28156155700575247,0.00030996234873718675,161,-0.3905012361036629,4.630285103195768e-08,-1.411032258064517,-1.236175940860215,down_in_TGM2high,0.0003146385349530727,0.0004419964243951683,6.740833661861747e-08
EGFR,-0.27153782435321994,0.00019260982110257607,184,-0.2595972418957671,0.0009166076915068612,161,-0.3352542793055813,3.4988412267754605e-06,-0.957288709677412,-0.9342413306451594,down_in_TGM2high,0.0002486056660004384,0.0012029274945142456,4.187905560155714e-06
MYO5A,-0.2753404866020689,0.00015505506385108672,184,-0.3420623132913565,9.54860351160561e-06,161,-0.4892879631756357,2.090270003881212e-12,-0.7923758064516129,-0.7423444220430095,down_in_TGM2high,0.00020221764577245895,1.903638789256405e-05,6.477767437770489e-12
CD109,-0.27848625532160814,0.0001292772623379374,184,-0.3022985617076945,0.000102277895988028,161,-0.4377551580731488,5.761236235117879e-10,-1.2159112903225786,-1.2286805107526888,down_in_TGM2high,0.00017109422034576916,0.00015926856439926748,1.076577278562326e-09
FLJ39582,-0.2824488066113155,0.00010249490616914674,184,-0.3130934555710332,5.5509628383042906e-05,161,-0.38218691458114024,9.357649023563452e-08,-0.7060370967741942,-0.8274543682795699,down_in_TGM2high,0.0001388783793547313,8.955934888604346e-05,1.3104895500560897e-07
PRNP,-0.2839610101905184,9.371883396255091e-05,184,-0.3143518166890593,5.1612658957475974e-05,161,-0.43348150728321044,8.813991283182777e-10,-0.8137741935483849,-0.7065143145161326,down_in_TGM2high,0.0001292246477104777,8.43590718208354e-05,1.603941436997796e-09
TULP1,-0.28817523358600683,7.283068383374728e-05,184,-0.268147571787664,0.0006075150979453433,161,-0.3107218124198132,1.860429216790549e-05,-0.7727612903225807,-0.7154665994623657,down_in_TGM2high,0.000101995543802966,0.0008358339589313955,2.1136636836858146e-05
KHDC1L,-0.2897522267905686,6.620448981648444e-05,184,-0.32514601658429587,2.727213176927687e-05,161,-0.3672082215801807,3.1669422270969643e-07,-1.5888225806451606,-1.8903569892473124,down_in_TGM2high,9.37647299210843e-05,4.863918657426587e-05,4.2726418839713354e-07
C14orf33,-0.2927992140394136,5.497322758119113e-05,184,-0.2669601008842413,0.0006437507933341798,161,-0.4004860309920106,1.9379053334586453e-08,-0.7348467741935485,-0.6126188844086036,down_in_TGM2high,7.856904215941928e-05,0.0008760608622330361,2.9444872299638642e-08
TM4SF19,-0.29722216871183366,4.181386139613117e-05,184,-0.3244005510337763,2.852282569025449e-05,161,-0.3771614738897747,1.4183568187075853e-07,-1.8592741935483872,-1.3729570564516136,down_in_TGM2high,6.144478223938525e-05,5.043866915847263e-05,1.9557078601562743e-07
GALNTL4,-0.3012484354224095,3.24675356893782e-05,184,-0.3337434446064015,1.612218647566121e-05,161,-0.5026819147469803,4.133501638286371e-13,-0.985159677419352,-0.7930065860215043,down_in_TGM2high,4.874023343297543e-05,3.0104117194242827e-05,1.5221011915101577e-12
TNNT1,-0.3030850932497334,2.889271175805682e-05,184,-0.30579095840114945,8.414701379669094e-05,161,-0.40151406027933845,1.7687712013938665e-08,-2.1379193548387105,-1.551849126344087,down_in_TGM2high,4.3793795546110344e-05,0.0001323518357706747,2.7205178675001487e-08
NGB,-0.31671553422550486,1.1859583919885869e-05,184,-0.316164840068492,4.6447311810522224e-05,161,-0.4689837063664733,2.1408805638016063e-11,-1.4418064516129032,-1.1840426075268813,down_in_TGM2high,1.9850533512964047e-05,7.671772346540083e-05,5.1348323101141975e-11
GCLC,-0.3252982630359372,6.617180069955367e-06,184,-0.29363897365923086,0.00016418459084979379,161,-0.3643038796518559,3.9833266660618604e-07,-0.9629322580645104,-0.617014045698923,down_in_TGM2high,1.1538592545381783e-05,0.00024886090525900946,5.305452112669627e-07
TMEM132A,-0.3321320780432654,4.105137155700734e-06,184,-0.34045825432590476,1.0575814426763826e-05,161,-0.4755871775221909,1.0215297512574091e-11,-0.9616967741935518,-0.7684510752688194,down_in_TGM2high,7.624868595799539e-06,2.0624485455308894e-05,2.642469521847678e-11
HOMER3,-0.33713471133285816,2.8731308104179013e-06,184,-0.3680263610023103,1.6859465975720608e-06,161,-0.520986706039165,4.011667536932644e-14,-1.142824193548388,-1.0631831989247296,down_in_TGM2high,5.517116218777933e-06,4.325420369180779e-06,1.9170258611601794e-13
GJA1,-0.3434108377800466,1.819991834312926e-06,184,-0.41776960536796787,3.875391536151336e-08,161,-0.5326682889210675,8.402131996429507e-15,-1.3842774193548415,-1.381761424731181,down_in_TGM2high,3.6399836686258522e-06,1.6966334485512762e-07,5.0951701842326455e-14
FLJ42289,-0.35696095239929876,6.561779846484803e-07,184,-0.33783046901841224,1.2487611462876352e-05,161,-0.4615022867782075,4.857932770954602e-11,-0.9896661290322588,-0.6466289650537629,down_in_TGM2high,1.4894932004666559e-06,2.3617053703204218e-05,1.0596048482988085e-10
FSCN1,-0.35859451753963517,5.783689956123297e-07,184,-0.39197053130309656,2.962335616970785e-07,161,-0.4944904278635118,1.1231353093476067e-12,-1.708622580645164,-1.1523430107526895,down_in_TGM2high,1.3360110378351231e-06,9.425298423544857e-07,3.700435282376852e-12
GPR172B,-0.36012326873078704,5.136037410426091e-07,184,-0.3568922514439722,3.613566919930222e-06,161,-0.44400317167255027,3.0612078097520074e-10,-1.5662241935483854,-1.3266752016129022,down_in_TGM2high,1.2087065484686966e-06,8.316517984839408e-06,6.045161163737403e-10
CELSR1,-0.3649611835641771,3.512597948574532e-07,184,-0.356229462847371,3.7779412852486974e-06,161,-0.48242702011321975,4.6674695127047646e-12,-1.132537096774195,-0.7758976478494635,down_in_TGM2high,8.424851784703666e-07,8.599968162057033e-06,1.3102403206068084e-11
NETO2,-0.36878906628130603,2.5890749265319204e-07,184,-0.35591867497771756,3.857439905684714e-06,161,-0.4564664349195814,8.340203969308026e-11,-1.1871951612903224,-0.9482655241935484,down_in_TGM2high,6.355925113760713e-07,8.7076303241628e-06,1.7941469707171219e-10
ZAN,-0.37622760860652293,1.414974517537778e-07,184,-0.36079816219203975,2.7746027769533534e-06,161,-0.46236995444935947,4.4220209091755166e-11,-1.6963967741935488,-1.6776891801075275,down_in_TGM2high,3.7347593650096976e-07,6.554344673104903e-06,9.886375318370977e-11
EN1,-0.3841291305999746,7.324022323262814e-08,184,-0.41426085667694174,5.162638738350351e-08,161,-0.5367355899064651,4.8061963015541575e-15,-3.825712903225806,-2.309247446236559,down_in_TGM2high,2.1424476515712717e-07,2.169001241749879e-07,3.342976538636558e-14
C16orf74,-0.3852846146696786,6.641859669393492e-08,184,-0.3937222976196632,2.5941429131407915e-07,161,-0.4676741741570122,2.4746014064682753e-11,-1.9464645161290328,-1.491652755376344,down_in_TGM2high,1.970523295279775e-07,8.408960930379616e-07,5.845662190374115e-11
NELL2,-0.3879755735778544,5.281657699091359e-08,184,-0.423384882120645,2.4321882361756045e-08,161,-0.4693115133374033,2.064439129982467e-11,-2.731358064516129,-2.002406854838709,down_in_TGM2high,1.6367909503124707e-07,1.1447743126661117e-07,5.0090654859264513e-11
HIST1H2AM,-0.39808325788368554,2.1923460339950187e-08,184,-0.30030305308891053,0.00011421536153147354,161,-0.3804300528725811,1.0830676265324441e-07,-0.9468629032258074,-0.647318951612903,down_in_TGM2high,7.979119867912103e-08,0.00017654028720667268,1.5100230160563697e-07
WDR66,-0.40517616690104213,1.162027510644242e-08,184,-0.38726137898065793,4.2164104694807947e-07,161,-0.532509382964684,8.5862056755488e-15,-2.146932258064515,-1.4792084677419357,down_in_TGM2high,4.7741633963247334e-08,1.2755951864871153e-06,5.1190140503748084e-14
C12orf56,-0.4086488521617116,8.46972954702557e-09,184,-0.386819433673778,4.357210178139626e-07,161,-0.4457504154596318,2.5591349247809367e-10,-2.4197145161290323,-1.4931959677419346,down_in_TGM2high,3.760319642863835e-08,1.311352678613176e-06,5.10196962711104e-10
RPL3L,-0.4086531894743126,8.466365563609576e-09,184,-0.43751218333015585,7.2507191885984184e-09,161,-0.5408451483666243,2.712432686411214e-15,-1.3888322580645158,-0.9920601478494624,down_in_TGM2high,3.760319642863835e-08,4.7280731375652186e-08,1.997626896109906e-14
PPP1R14C,-0.4136599179364682,5.332067451228477e-09,184,-0.40142032046602355,1.4345679963084502e-07,161,-0.4880531028139963,2.418628728365454e-12,-2.31427580645161,-1.5162697580645157,down_in_TGM2high,2.5286925942947172e-08,4.934283327962032e-07,7.362104132654106e-12
CAGE1,-0.42033064153629796,2.8456743993028856e-09,184,-0.3753469382718589,1.0053224550344225e-06,161,-0.46919260433447774,2.091856206825394e-11,-1.407540322580645,-0.7947764784946234,down_in_TGM2high,1.4251137391708852e-08,2.73622546457195e-06,5.055992221902304e-11
BNC1,-0.4287235567594865,1.2662297690876728e-09,184,-0.47357657434556805,2.538198574870814e-10,161,-0.5294575970381855,1.2989777277632662e-14,-4.444920967741937,-1.7402190188172044,down_in_TGM2high,7.1387178603847915e-09,2.997947750696471e-09,7.132982961226356e-14
ABCC1,-0.4325166462954428,8.717507239390059e-10,184,-0.4326066818594037,1.1107770025260538e-08,161,-0.49592720443955,9.443271389629217e-13,-1.233433870967744,-0.7330981854838718,down_in_TGM2high,5.350156403782527e-09,6.686023111358747e-08,3.1444084520786647e-12
ARHGEF4,-0.4407119878253164,3.8300840414514315e-10,184,-0.4669704886524116,4.830882907127774e-10,161,-0.5214280418768329,3.785689707604237e-14,-2.201122580645164,-1.3614436155913978,down_in_TGM2high,2.693969224661344e-09,4.877633386874171e-09,1.8370866333025214e-13
C10orf91,-0.4489628638260542,1.6363223234794947e-10,184,-0.3436882244236773,8.604204903255038e-06,161,-0.4787284781986809,7.144283188131448e-12,-1.5707935483870972,-0.9832748655913984,down_in_TGM2high,1.3303087980495633e-09,1.7374942804637593e-05,1.92772468783202e-11
DSG1,-0.4602639422588917,4.916819510972934e-11,184,-0.5446401747742158,9.70463567047668e-14,161,-0.4721693946482126,1.5011585635795504e-11,-4.0337000000000005,-2.2449724462365586,down_in_TGM2high,4.735275405952395e-10,6.075101929718402e-12,3.7739970313285085e-11
CACNA1B,-0.46492586660412,2.955563784962888e-11,184,-0.4666875915201347,4.964360699593175e-10,161,-0.5763812786043955,1.3700583485221933e-17,-3.46735806451613,-1.6389588037634408,down_in_TGM2high,3.033086769486505e-10,4.932840949119567e-09,1.8644707090758542e-16
TFAP2A,-0.5064882715071918,2.213603017062015e-13,184,-0.4815729545221765,1.143234605517129e-10,161,-0.5359935340754423,5.324803518269845e-15,-1.7390306451612894,-0.669509543010756,down_in_TGM2high,4.778329271313177e-12,1.5784201254190733e-09,3.5460925557839605e-14
DSC1,-0.5137963727594325,8.724900122416826e-14,184,-0.5515037726883778,4.10005626578811e-14,161,-0.586284342683248,2.7924395743478344e-18,-3.504917741935484,-1.887153897849462,down_in_TGM2high,2.1847149906531733e-12,2.8518169137592856e-12,4.724505874437147e-17
FANCE,-0.5436535609023136,1.5289014042512684e-15,184,-0.516350018019487,2.77285317904924e-12,161,-0.5899330806344717,1.5328458231214082e-18,-1.0884758064516138,-0.5930597446236554,down_in_TGM2high,6.836373421866386e-14,7.890027682203747e-11,2.7416042436400047e-17
